-- ============================================================
-- QLens · seed.sql  (데모 데이터)
-- 출처: 다이아덴트 품질관리팀 측정 데이터 (Confirm Fit GP, LM-X 100TL 이미지측정기)
-- D0~D24 = 팁(D0)부터 1mm 간격 단면 직경(mm), 전장 = 전체 길이(mm)
-- 규격(USL/LSL)은 관측 평균 ± 약 4σ 로 설정한 '데모용' 예시입니다 (Cpk≈1.33 수준).
--   → 실제 운영에서는 사내 규격 공차로 교체하세요.
-- 멱등 적용: 고정 UUID + 선삭제. supabase db reset 시 매번 동일 상태.
-- ============================================================

begin;

-- 기존 데모 조직 데이터 정리 (cascade)
delete from organizations where id = 'e6990972-e707-5228-a758-5cd4d4a5f9f8';

-- 조직 / 제품 / 사이즈
insert into organizations (id, name, plan) values ('e6990972-e707-5228-a758-5cd4d4a5f9f8', '다이아덴트 (데모)', 'pro');
insert into products (id, org_id, name, code, description) values
  ('cc1eadb6-d610-595a-a7ee-845569762a87', 'e6990972-e707-5228-a758-5cd4d4a5f9f8', 'Confirm Fit GP', 'CF-GP', '치과 근관충전용 거타퍼차 콘');

insert into product_sizes (id, product_id, name, display_order) values
  ('14b4477e-4514-5d92-9df9-dd1209be38a1', 'cc1eadb6-d610-595a-a7ee-845569762a87', '#F1', 0),
  ('27d16859-4881-5355-ba91-1384b44ae39d', 'cc1eadb6-d610-595a-a7ee-845569762a87', '#F2', 1),
  ('d4cd1ac6-7440-52ef-9fe7-bdbefd611a7c', 'cc1eadb6-d610-595a-a7ee-845569762a87', '#F3', 2),
  ('2503ff5d-22ac-5c03-accd-ea36e91eb02f', 'cc1eadb6-d610-595a-a7ee-845569762a87', '#FX', 3),
  ('c9f7ac77-3503-5832-9da7-736247cb1710', 'cc1eadb6-d610-595a-a7ee-845569762a87', '#FXL', 4);

-- 측정 포인트 정의 + 데모 규격 (nominal = 관측 평균, USL/LSL = 평균 ± tol)
insert into spec_points (product_size_id, point_index, label, is_length, nominal, usl, lsl, unit) values
  ('14b4477e-4514-5d92-9df9-dd1209be38a1', 0, 'D0', false, 0.229, 0.307, 0.151, 'mm'),
  ('14b4477e-4514-5d92-9df9-dd1209be38a1', 1, 'D1', false, 0.283, 0.313, 0.253, 'mm'),
  ('14b4477e-4514-5d92-9df9-dd1209be38a1', 2, 'D2', false, 0.355, 0.391, 0.319, 'mm'),
  ('14b4477e-4514-5d92-9df9-dd1209be38a1', 3, 'D3', false, 0.425, 0.465, 0.385, 'mm'),
  ('14b4477e-4514-5d92-9df9-dd1209be38a1', 4, 'D4', false, 0.483, 0.532, 0.434, 'mm'),
  ('14b4477e-4514-5d92-9df9-dd1209be38a1', 5, 'D5', false, 0.54, 0.591, 0.489, 'mm'),
  ('14b4477e-4514-5d92-9df9-dd1209be38a1', 6, 'D6', false, 0.597, 0.644, 0.55, 'mm'),
  ('14b4477e-4514-5d92-9df9-dd1209be38a1', 7, 'D7', false, 0.649, 0.699, 0.599, 'mm'),
  ('14b4477e-4514-5d92-9df9-dd1209be38a1', 8, 'D8', false, 0.7, 0.765, 0.635, 'mm'),
  ('14b4477e-4514-5d92-9df9-dd1209be38a1', 9, 'D9', false, 0.743, 0.785, 0.701, 'mm'),
  ('14b4477e-4514-5d92-9df9-dd1209be38a1', 10, 'D10', false, 0.786, 0.842, 0.73, 'mm'),
  ('14b4477e-4514-5d92-9df9-dd1209be38a1', 11, 'D11', false, 0.836, 0.895, 0.777, 'mm'),
  ('14b4477e-4514-5d92-9df9-dd1209be38a1', 12, 'D12', false, 0.885, 0.948, 0.822, 'mm'),
  ('14b4477e-4514-5d92-9df9-dd1209be38a1', 13, 'D13', false, 0.925, 0.99, 0.86, 'mm'),
  ('14b4477e-4514-5d92-9df9-dd1209be38a1', 14, 'D14', false, 0.954, 1.017, 0.891, 'mm'),
  ('14b4477e-4514-5d92-9df9-dd1209be38a1', 15, 'D15', false, 0.976, 1.061, 0.891, 'mm'),
  ('14b4477e-4514-5d92-9df9-dd1209be38a1', 16, 'D16', false, 0.998, 1.064, 0.932, 'mm'),
  ('14b4477e-4514-5d92-9df9-dd1209be38a1', 17, 'D17', false, 1.007, 1.101, 0.913, 'mm'),
  ('14b4477e-4514-5d92-9df9-dd1209be38a1', 18, 'D18', false, 1.012, 1.106, 0.918, 'mm'),
  ('14b4477e-4514-5d92-9df9-dd1209be38a1', 19, 'D19', false, 1.018, 1.136, 0.9, 'mm'),
  ('14b4477e-4514-5d92-9df9-dd1209be38a1', 20, 'D20', false, 1.023, 1.151, 0.895, 'mm'),
  ('14b4477e-4514-5d92-9df9-dd1209be38a1', 21, 'D21', false, 1.033, 1.171, 0.895, 'mm'),
  ('14b4477e-4514-5d92-9df9-dd1209be38a1', 22, 'D22', false, 1.05, 1.197, 0.903, 'mm'),
  ('14b4477e-4514-5d92-9df9-dd1209be38a1', 23, 'D23', false, 1.073, 1.208, 0.938, 'mm'),
  ('14b4477e-4514-5d92-9df9-dd1209be38a1', 24, 'D24', false, 1.086, 1.249, 0.923, 'mm'),
  ('14b4477e-4514-5d92-9df9-dd1209be38a1', 25, '전장', true, 29.321, 29.762, 28.88, 'mm'),
  ('27d16859-4881-5355-ba91-1384b44ae39d', 0, 'D0', false, 0.254, 0.374, 0.134, 'mm'),
  ('27d16859-4881-5355-ba91-1384b44ae39d', 1, 'D1', false, 0.327, 0.373, 0.281, 'mm'),
  ('27d16859-4881-5355-ba91-1384b44ae39d', 2, 'D2', false, 0.405, 0.45, 0.36, 'mm'),
  ('27d16859-4881-5355-ba91-1384b44ae39d', 3, 'D3', false, 0.48, 0.522, 0.438, 'mm'),
  ('27d16859-4881-5355-ba91-1384b44ae39d', 4, 'D4', false, 0.538, 0.584, 0.492, 'mm'),
  ('27d16859-4881-5355-ba91-1384b44ae39d', 5, 'D5', false, 0.585, 0.637, 0.533, 'mm'),
  ('27d16859-4881-5355-ba91-1384b44ae39d', 6, 'D6', false, 0.631, 0.687, 0.575, 'mm'),
  ('27d16859-4881-5355-ba91-1384b44ae39d', 7, 'D7', false, 0.676, 0.728, 0.624, 'mm'),
  ('27d16859-4881-5355-ba91-1384b44ae39d', 8, 'D8', false, 0.723, 0.777, 0.669, 'mm'),
  ('27d16859-4881-5355-ba91-1384b44ae39d', 9, 'D9', false, 0.767, 0.818, 0.716, 'mm'),
  ('27d16859-4881-5355-ba91-1384b44ae39d', 10, 'D10', false, 0.804, 0.878, 0.73, 'mm'),
  ('27d16859-4881-5355-ba91-1384b44ae39d', 11, 'D11', false, 0.838, 0.898, 0.778, 'mm'),
  ('27d16859-4881-5355-ba91-1384b44ae39d', 12, 'D12', false, 0.87, 0.934, 0.806, 'mm'),
  ('27d16859-4881-5355-ba91-1384b44ae39d', 13, 'D13', false, 0.903, 0.972, 0.834, 'mm'),
  ('27d16859-4881-5355-ba91-1384b44ae39d', 14, 'D14', false, 0.935, 1.009, 0.861, 'mm'),
  ('27d16859-4881-5355-ba91-1384b44ae39d', 15, 'D15', false, 0.967, 1.043, 0.891, 'mm'),
  ('27d16859-4881-5355-ba91-1384b44ae39d', 16, 'D16', false, 0.999, 1.081, 0.917, 'mm'),
  ('27d16859-4881-5355-ba91-1384b44ae39d', 17, 'D17', false, 1.012, 1.111, 0.913, 'mm'),
  ('27d16859-4881-5355-ba91-1384b44ae39d', 18, 'D18', false, 1.022, 1.126, 0.918, 'mm'),
  ('27d16859-4881-5355-ba91-1384b44ae39d', 19, 'D19', false, 1.031, 1.157, 0.905, 'mm'),
  ('27d16859-4881-5355-ba91-1384b44ae39d', 20, 'D20', false, 1.041, 1.164, 0.918, 'mm'),
  ('27d16859-4881-5355-ba91-1384b44ae39d', 21, 'D21', false, 1.051, 1.177, 0.925, 'mm'),
  ('27d16859-4881-5355-ba91-1384b44ae39d', 22, 'D22', false, 1.062, 1.211, 0.913, 'mm'),
  ('27d16859-4881-5355-ba91-1384b44ae39d', 23, 'D23', false, 1.078, 1.229, 0.927, 'mm'),
  ('27d16859-4881-5355-ba91-1384b44ae39d', 24, 'D24', false, 1.094, 1.244, 0.944, 'mm'),
  ('27d16859-4881-5355-ba91-1384b44ae39d', 25, '전장', true, 29.24, 29.949, 28.531, 'mm'),
  ('d4cd1ac6-7440-52ef-9fe7-bdbefd611a7c', 0, 'D0', false, 0.295, 0.382, 0.208, 'mm'),
  ('d4cd1ac6-7440-52ef-9fe7-bdbefd611a7c', 1, 'D1', false, 0.371, 0.42, 0.322, 'mm'),
  ('d4cd1ac6-7440-52ef-9fe7-bdbefd611a7c', 2, 'D2', false, 0.459, 0.503, 0.415, 'mm'),
  ('d4cd1ac6-7440-52ef-9fe7-bdbefd611a7c', 3, 'D3', false, 0.539, 0.579, 0.499, 'mm'),
  ('d4cd1ac6-7440-52ef-9fe7-bdbefd611a7c', 4, 'D4', false, 0.609, 0.652, 0.566, 'mm'),
  ('d4cd1ac6-7440-52ef-9fe7-bdbefd611a7c', 5, 'D5', false, 0.661, 0.698, 0.624, 'mm'),
  ('d4cd1ac6-7440-52ef-9fe7-bdbefd611a7c', 6, 'D6', false, 0.703, 0.742, 0.664, 'mm'),
  ('d4cd1ac6-7440-52ef-9fe7-bdbefd611a7c', 7, 'D7', false, 0.742, 0.775, 0.709, 'mm'),
  ('d4cd1ac6-7440-52ef-9fe7-bdbefd611a7c', 8, 'D8', false, 0.778, 0.827, 0.729, 'mm'),
  ('d4cd1ac6-7440-52ef-9fe7-bdbefd611a7c', 9, 'D9', false, 0.808, 0.882, 0.734, 'mm'),
  ('d4cd1ac6-7440-52ef-9fe7-bdbefd611a7c', 10, 'D10', false, 0.828, 0.892, 0.764, 'mm'),
  ('d4cd1ac6-7440-52ef-9fe7-bdbefd611a7c', 11, 'D11', false, 0.851, 0.911, 0.791, 'mm'),
  ('d4cd1ac6-7440-52ef-9fe7-bdbefd611a7c', 12, 'D12', false, 0.875, 0.924, 0.826, 'mm'),
  ('d4cd1ac6-7440-52ef-9fe7-bdbefd611a7c', 13, 'D13', false, 0.895, 0.937, 0.853, 'mm'),
  ('d4cd1ac6-7440-52ef-9fe7-bdbefd611a7c', 14, 'D14', false, 0.916, 0.962, 0.87, 'mm'),
  ('d4cd1ac6-7440-52ef-9fe7-bdbefd611a7c', 15, 'D15', false, 0.939, 0.983, 0.895, 'mm'),
  ('d4cd1ac6-7440-52ef-9fe7-bdbefd611a7c', 16, 'D16', false, 0.963, 1.005, 0.921, 'mm'),
  ('d4cd1ac6-7440-52ef-9fe7-bdbefd611a7c', 17, 'D17', false, 0.973, 1.032, 0.914, 'mm'),
  ('d4cd1ac6-7440-52ef-9fe7-bdbefd611a7c', 18, 'D18', false, 0.975, 1.035, 0.915, 'mm'),
  ('d4cd1ac6-7440-52ef-9fe7-bdbefd611a7c', 19, 'D19', false, 0.98, 1.044, 0.916, 'mm'),
  ('d4cd1ac6-7440-52ef-9fe7-bdbefd611a7c', 20, 'D20', false, 0.985, 1.065, 0.905, 'mm'),
  ('d4cd1ac6-7440-52ef-9fe7-bdbefd611a7c', 21, 'D21', false, 0.992, 1.066, 0.918, 'mm'),
  ('d4cd1ac6-7440-52ef-9fe7-bdbefd611a7c', 22, 'D22', false, 0.997, 1.069, 0.925, 'mm'),
  ('d4cd1ac6-7440-52ef-9fe7-bdbefd611a7c', 23, 'D23', false, 1.004, 1.121, 0.887, 'mm'),
  ('d4cd1ac6-7440-52ef-9fe7-bdbefd611a7c', 24, 'D24', false, 1.001, 1.088, 0.914, 'mm'),
  ('d4cd1ac6-7440-52ef-9fe7-bdbefd611a7c', 25, '전장', true, 29.358, 29.953, 28.763, 'mm'),
  ('2503ff5d-22ac-5c03-accd-ea36e91eb02f', 0, 'D0', false, 0.358, 0.402, 0.314, 'mm'),
  ('2503ff5d-22ac-5c03-accd-ea36e91eb02f', 1, 'D1', false, 0.462, 0.5, 0.424, 'mm'),
  ('2503ff5d-22ac-5c03-accd-ea36e91eb02f', 2, 'D2', false, 0.573, 0.612, 0.534, 'mm'),
  ('2503ff5d-22ac-5c03-accd-ea36e91eb02f', 3, 'D3', false, 0.671, 0.709, 0.633, 'mm'),
  ('2503ff5d-22ac-5c03-accd-ea36e91eb02f', 4, 'D4', false, 0.758, 0.786, 0.73, 'mm'),
  ('2503ff5d-22ac-5c03-accd-ea36e91eb02f', 5, 'D5', false, 0.837, 0.864, 0.81, 'mm'),
  ('2503ff5d-22ac-5c03-accd-ea36e91eb02f', 6, 'D6', false, 0.896, 0.924, 0.868, 'mm'),
  ('2503ff5d-22ac-5c03-accd-ea36e91eb02f', 7, 'D7', false, 0.951, 0.975, 0.927, 'mm'),
  ('2503ff5d-22ac-5c03-accd-ea36e91eb02f', 8, 'D8', false, 0.996, 1.021, 0.971, 'mm'),
  ('2503ff5d-22ac-5c03-accd-ea36e91eb02f', 9, 'D9', false, 1.026, 1.053, 0.999, 'mm'),
  ('2503ff5d-22ac-5c03-accd-ea36e91eb02f', 10, 'D10', false, 1.054, 1.101, 1.007, 'mm'),
  ('2503ff5d-22ac-5c03-accd-ea36e91eb02f', 11, 'D11', false, 1.077, 1.104, 1.05, 'mm'),
  ('2503ff5d-22ac-5c03-accd-ea36e91eb02f', 12, 'D12', false, 1.065, 1.716, 0.414, 'mm'),
  ('2503ff5d-22ac-5c03-accd-ea36e91eb02f', 13, 'D13', false, 1.111, 1.137, 1.085, 'mm'),
  ('2503ff5d-22ac-5c03-accd-ea36e91eb02f', 14, 'D14', false, 1.127, 1.157, 1.097, 'mm'),
  ('2503ff5d-22ac-5c03-accd-ea36e91eb02f', 15, 'D15', false, 1.141, 1.173, 1.109, 'mm'),
  ('2503ff5d-22ac-5c03-accd-ea36e91eb02f', 16, 'D16', false, 1.148, 1.195, 1.101, 'mm'),
  ('2503ff5d-22ac-5c03-accd-ea36e91eb02f', 17, 'D17', false, 1.152, 1.19, 1.114, 'mm'),
  ('2503ff5d-22ac-5c03-accd-ea36e91eb02f', 18, 'D18', false, 1.154, 1.194, 1.114, 'mm'),
  ('2503ff5d-22ac-5c03-accd-ea36e91eb02f', 19, 'D19', false, 1.156, 1.203, 1.109, 'mm'),
  ('2503ff5d-22ac-5c03-accd-ea36e91eb02f', 20, 'D20', false, 1.158, 1.212, 1.104, 'mm'),
  ('2503ff5d-22ac-5c03-accd-ea36e91eb02f', 21, 'D21', false, 1.166, 1.219, 1.113, 'mm'),
  ('2503ff5d-22ac-5c03-accd-ea36e91eb02f', 22, 'D22', false, 1.139, 1.895, 0.383, 'mm'),
  ('2503ff5d-22ac-5c03-accd-ea36e91eb02f', 23, 'D23', false, 1.181, 1.343, 1.019, 'mm'),
  ('2503ff5d-22ac-5c03-accd-ea36e91eb02f', 24, 'D24', false, 1.183, 1.293, 1.073, 'mm'),
  ('2503ff5d-22ac-5c03-accd-ea36e91eb02f', 25, '전장', true, 29.271, 29.631, 28.911, 'mm'),
  ('c9f7ac77-3503-5832-9da7-736247cb1710', 0, 'D0', false, 0.524, 0.585, 0.463, 'mm'),
  ('c9f7ac77-3503-5832-9da7-736247cb1710', 1, 'D1', false, 0.602, 0.655, 0.549, 'mm'),
  ('c9f7ac77-3503-5832-9da7-736247cb1710', 2, 'D2', false, 0.69, 0.743, 0.637, 'mm'),
  ('c9f7ac77-3503-5832-9da7-736247cb1710', 3, 'D3', false, 0.768, 0.82, 0.716, 'mm'),
  ('c9f7ac77-3503-5832-9da7-736247cb1710', 4, 'D4', false, 0.83, 0.866, 0.794, 'mm'),
  ('c9f7ac77-3503-5832-9da7-736247cb1710', 5, 'D5', false, 0.877, 0.922, 0.832, 'mm'),
  ('c9f7ac77-3503-5832-9da7-736247cb1710', 6, 'D6', false, 0.923, 0.962, 0.884, 'mm'),
  ('c9f7ac77-3503-5832-9da7-736247cb1710', 7, 'D7', false, 0.964, 1.003, 0.925, 'mm'),
  ('c9f7ac77-3503-5832-9da7-736247cb1710', 8, 'D8', false, 1.003, 1.032, 0.974, 'mm'),
  ('c9f7ac77-3503-5832-9da7-736247cb1710', 9, 'D9', false, 1.037, 1.068, 1.006, 'mm'),
  ('c9f7ac77-3503-5832-9da7-736247cb1710', 10, 'D10', false, 1.066, 1.097, 1.035, 'mm'),
  ('c9f7ac77-3503-5832-9da7-736247cb1710', 11, 'D11', false, 1.093, 1.125, 1.061, 'mm'),
  ('c9f7ac77-3503-5832-9da7-736247cb1710', 12, 'D12', false, 1.107, 1.149, 1.065, 'mm'),
  ('c9f7ac77-3503-5832-9da7-736247cb1710', 13, 'D13', false, 1.123, 1.162, 1.084, 'mm'),
  ('c9f7ac77-3503-5832-9da7-736247cb1710', 14, 'D14', false, 1.138, 1.188, 1.088, 'mm'),
  ('c9f7ac77-3503-5832-9da7-736247cb1710', 15, 'D15', false, 1.148, 1.189, 1.107, 'mm'),
  ('c9f7ac77-3503-5832-9da7-736247cb1710', 16, 'D16', false, 1.155, 1.199, 1.111, 'mm'),
  ('c9f7ac77-3503-5832-9da7-736247cb1710', 17, 'D17', false, 1.16, 1.21, 1.11, 'mm'),
  ('c9f7ac77-3503-5832-9da7-736247cb1710', 18, 'D18', false, 1.162, 1.216, 1.108, 'mm'),
  ('c9f7ac77-3503-5832-9da7-736247cb1710', 19, 'D19', false, 1.166, 1.241, 1.091, 'mm'),
  ('c9f7ac77-3503-5832-9da7-736247cb1710', 20, 'D20', false, 1.17, 1.249, 1.091, 'mm'),
  ('c9f7ac77-3503-5832-9da7-736247cb1710', 21, 'D21', false, 1.183, 1.277, 1.089, 'mm'),
  ('c9f7ac77-3503-5832-9da7-736247cb1710', 22, 'D22', false, 1.191, 1.271, 1.111, 'mm'),
  ('c9f7ac77-3503-5832-9da7-736247cb1710', 23, 'D23', false, 1.179, 1.244, 1.114, 'mm'),
  ('c9f7ac77-3503-5832-9da7-736247cb1710', 24, 'D24', false, 1.192, 1.276, 1.108, 'mm'),
  ('c9f7ac77-3503-5832-9da7-736247cb1710', 25, '전장', true, 29.705, 30.568, 28.842, 'mm');

-- 배치 (사이즈별 1개)
insert into batches (id, org_id, product_size_id, source_file, instrument, measured_at, status, row_count, rejected_count) values
  ('bd061ded-40af-55f0-ad5d-dcb1485006db', 'e6990972-e707-5228-a758-5cd4d4a5f9f8', '14b4477e-4514-5d92-9df9-dd1209be38a1', '260616_Sample_측정_GP_Ultimate.xlsx', 'LM-X 100TL 이미지측정기', '2026-06-16T09:00:00+09:00', 'ready', 40, 0),
  ('ef6822dc-7599-5750-b2c9-58bd9c5e63ef', 'e6990972-e707-5228-a758-5cd4d4a5f9f8', '27d16859-4881-5355-ba91-1384b44ae39d', '260616_Sample_측정_GP_Ultimate.xlsx', 'LM-X 100TL 이미지측정기', '2026-06-16T09:00:00+09:00', 'ready', 75, 0),
  ('bf80f7b3-bdcb-5530-9a95-584313d0f4cc', 'e6990972-e707-5228-a758-5cd4d4a5f9f8', 'd4cd1ac6-7440-52ef-9fe7-bdbefd611a7c', '260616_Sample_측정_GP_Ultimate.xlsx', 'LM-X 100TL 이미지측정기', '2026-06-16T09:00:00+09:00', 'ready', 75, 0),
  ('68b33dc2-2c5e-5685-8055-664fc7eeef8f', 'e6990972-e707-5228-a758-5cd4d4a5f9f8', '2503ff5d-22ac-5c03-accd-ea36e91eb02f', '260616_Sample_측정_GP_Ultimate.xlsx', 'LM-X 100TL 이미지측정기', '2026-06-16T09:00:00+09:00', 'ready', 67, 0),
  ('8e69eb11-fe6f-58ca-a3f4-2dafd53dbf41', 'e6990972-e707-5228-a758-5cd4d4a5f9f8', 'c9f7ac77-3503-5832-9da7-736247cb1710', '260616_Sample_측정_GP_Ultimate.xlsx', 'LM-X 100TL 이미지측정기', '2026-06-16T09:00:00+09:00', 'ready', 67, 0);

-- ===== #F1 : 40 samples =====
insert into measurements (id, batch_id, sample_no, length, is_flagged) values
  ('7ee2e70f-a635-5d36-8e9e-3f65862ff391', 'bd061ded-40af-55f0-ad5d-dcb1485006db', 1, 29.345, false),
  ('29cb6824-4339-513e-a57f-e9287a9f54fc', 'bd061ded-40af-55f0-ad5d-dcb1485006db', 2, 29.371, false),
  ('05e5ccae-1051-5738-a844-a0f2f7e7da28', 'bd061ded-40af-55f0-ad5d-dcb1485006db', 3, 29.19, false),
  ('fb6e0e94-350a-5046-b6c3-be6bb2a7213b', 'bd061ded-40af-55f0-ad5d-dcb1485006db', 4, 29.239, false),
  ('64524aab-7396-50b7-aea7-39824666d4e6', 'bd061ded-40af-55f0-ad5d-dcb1485006db', 5, 29.438, false),
  ('840b8021-1806-5969-884d-c82a4fef6aa7', 'bd061ded-40af-55f0-ad5d-dcb1485006db', 6, 29.375, false),
  ('53ac8330-4faf-5751-8daf-0f1cda783c82', 'bd061ded-40af-55f0-ad5d-dcb1485006db', 7, 29.348, false),
  ('ef4c06a7-e62f-54af-992a-c469d146b0fe', 'bd061ded-40af-55f0-ad5d-dcb1485006db', 8, 29.33, false),
  ('3b15be72-8501-5b4d-9d0b-61441b31efc6', 'bd061ded-40af-55f0-ad5d-dcb1485006db', 9, 29.316, false),
  ('90f61d7e-fd12-5d1e-89b1-eff7953fd65b', 'bd061ded-40af-55f0-ad5d-dcb1485006db', 10, 29.292, false),
  ('505cd140-34c1-5451-8f9f-1c7f8144c16a', 'bd061ded-40af-55f0-ad5d-dcb1485006db', 11, 29.149, false),
  ('2fcce381-05b5-54eb-87b4-1a182cb72c29', 'bd061ded-40af-55f0-ad5d-dcb1485006db', 12, 29.29, false),
  ('b15e6857-6b57-5dba-92cd-bda33aeec3f3', 'bd061ded-40af-55f0-ad5d-dcb1485006db', 13, 29.287, false),
  ('215f3c53-f32f-5b9e-a9fe-bc1d72aff1e0', 'bd061ded-40af-55f0-ad5d-dcb1485006db', 14, 29.434, false),
  ('838f17c9-28c8-509f-a664-51d1bf3d5878', 'bd061ded-40af-55f0-ad5d-dcb1485006db', 15, 29.14, false),
  ('ecfa6898-e690-597f-9cb1-8415f99f9826', 'bd061ded-40af-55f0-ad5d-dcb1485006db', 16, 29.217, false),
  ('83e07be0-c1ea-54ad-86cf-d734cd670231', 'bd061ded-40af-55f0-ad5d-dcb1485006db', 17, 29.363, false),
  ('6ea7b5d7-aee8-507f-8ce2-aaedfac573e3', 'bd061ded-40af-55f0-ad5d-dcb1485006db', 18, 29.382, false),
  ('6431b2ee-aa0f-5bbb-9cc8-34ac4b1a46df', 'bd061ded-40af-55f0-ad5d-dcb1485006db', 19, 29.34, false),
  ('e1d52d07-4468-5bd9-ada7-c6b15457f17c', 'bd061ded-40af-55f0-ad5d-dcb1485006db', 20, 29.271, false),
  ('4e8f06fe-5970-5cb8-aa48-7e645bbc37a7', 'bd061ded-40af-55f0-ad5d-dcb1485006db', 21, 29.265, false),
  ('eb92c3c4-d46a-5510-90ac-2d5f1030ca4d', 'bd061ded-40af-55f0-ad5d-dcb1485006db', 22, 29.466, false),
  ('3533b965-6904-55a7-9f53-ee33b5a498a1', 'bd061ded-40af-55f0-ad5d-dcb1485006db', 23, 29.2, false),
  ('96ef894f-258f-5f02-8b31-416ac8554539', 'bd061ded-40af-55f0-ad5d-dcb1485006db', 24, 29.385, false),
  ('a6381078-4ec6-59b8-9291-4b6d9a6bba6a', 'bd061ded-40af-55f0-ad5d-dcb1485006db', 25, 29.335, false),
  ('8e872e42-3068-5e34-b97e-f17173024237', 'bd061ded-40af-55f0-ad5d-dcb1485006db', 26, 29.546, false),
  ('f6b67870-5cff-56d8-af25-19f280202284', 'bd061ded-40af-55f0-ad5d-dcb1485006db', 27, 29.366, false),
  ('5be9199c-92bc-535f-9954-fa6c1abf6b42', 'bd061ded-40af-55f0-ad5d-dcb1485006db', 28, 29.32, false),
  ('ed22991d-565c-5c2e-b91e-00a4d5372845', 'bd061ded-40af-55f0-ad5d-dcb1485006db', 29, 29.356, false),
  ('ddd225f1-4ae3-5758-a437-b42993bb99aa', 'bd061ded-40af-55f0-ad5d-dcb1485006db', 30, 29.128, false),
  ('a2b9c594-f6b8-538b-b692-296b770ae285', 'bd061ded-40af-55f0-ad5d-dcb1485006db', 31, 29.215, false),
  ('f9296475-9246-517b-8a48-5c39602614fe', 'bd061ded-40af-55f0-ad5d-dcb1485006db', 32, 29.413, false),
  ('7e6525fe-a03d-5a6e-b890-6105ad870bb1', 'bd061ded-40af-55f0-ad5d-dcb1485006db', 33, 29.437, false),
  ('0ea80209-4719-5ac7-92bb-5858d088708d', 'bd061ded-40af-55f0-ad5d-dcb1485006db', 34, 29.32, false),
  ('fd13a989-faec-5020-bd87-88555b299201', 'bd061ded-40af-55f0-ad5d-dcb1485006db', 35, 29.128, false),
  ('770b0eed-bc52-5a96-a1eb-f79c6e252350', 'bd061ded-40af-55f0-ad5d-dcb1485006db', 36, 29.546, false),
  ('02a8705a-5b6e-5c3b-b80f-ee6f755f2384', 'bd061ded-40af-55f0-ad5d-dcb1485006db', 37, 29.123, false),
  ('8c8b6302-7138-5a63-b745-d6d9b184ac95', 'bd061ded-40af-55f0-ad5d-dcb1485006db', 38, 29.516, false),
  ('e04699e6-9b3d-58ae-bc67-4d1c19d922aa', 'bd061ded-40af-55f0-ad5d-dcb1485006db', 39, 29.32, false),
  ('e34d6c4e-a422-557c-86b8-857d02d755f4', 'bd061ded-40af-55f0-ad5d-dcb1485006db', 40, 29.319, false);
insert into measurement_points (measurement_id, point_index, value) values
  ('7ee2e70f-a635-5d36-8e9e-3f65862ff391', 0, 0.248),
  ('7ee2e70f-a635-5d36-8e9e-3f65862ff391', 1, 0.28),
  ('7ee2e70f-a635-5d36-8e9e-3f65862ff391', 2, 0.35),
  ('7ee2e70f-a635-5d36-8e9e-3f65862ff391', 3, 0.428),
  ('7ee2e70f-a635-5d36-8e9e-3f65862ff391', 4, 0.495),
  ('7ee2e70f-a635-5d36-8e9e-3f65862ff391', 5, 0.538),
  ('7ee2e70f-a635-5d36-8e9e-3f65862ff391', 6, 0.591),
  ('7ee2e70f-a635-5d36-8e9e-3f65862ff391', 7, 0.647),
  ('7ee2e70f-a635-5d36-8e9e-3f65862ff391', 8, 0.714),
  ('7ee2e70f-a635-5d36-8e9e-3f65862ff391', 9, 0.745),
  ('7ee2e70f-a635-5d36-8e9e-3f65862ff391', 10, 0.786),
  ('7ee2e70f-a635-5d36-8e9e-3f65862ff391', 11, 0.846),
  ('7ee2e70f-a635-5d36-8e9e-3f65862ff391', 12, 0.888),
  ('7ee2e70f-a635-5d36-8e9e-3f65862ff391', 13, 0.943),
  ('7ee2e70f-a635-5d36-8e9e-3f65862ff391', 14, 0.97),
  ('7ee2e70f-a635-5d36-8e9e-3f65862ff391', 15, 0.979),
  ('7ee2e70f-a635-5d36-8e9e-3f65862ff391', 16, 1.011),
  ('7ee2e70f-a635-5d36-8e9e-3f65862ff391', 17, 1.0),
  ('7ee2e70f-a635-5d36-8e9e-3f65862ff391', 18, 1.009),
  ('7ee2e70f-a635-5d36-8e9e-3f65862ff391', 19, 1.003),
  ('7ee2e70f-a635-5d36-8e9e-3f65862ff391', 20, 1.02),
  ('7ee2e70f-a635-5d36-8e9e-3f65862ff391', 21, 1.083),
  ('7ee2e70f-a635-5d36-8e9e-3f65862ff391', 22, 1.104),
  ('7ee2e70f-a635-5d36-8e9e-3f65862ff391', 23, 1.008),
  ('7ee2e70f-a635-5d36-8e9e-3f65862ff391', 24, 1.018),
  ('29cb6824-4339-513e-a57f-e9287a9f54fc', 0, 0.217),
  ('29cb6824-4339-513e-a57f-e9287a9f54fc', 1, 0.278),
  ('29cb6824-4339-513e-a57f-e9287a9f54fc', 2, 0.348),
  ('29cb6824-4339-513e-a57f-e9287a9f54fc', 3, 0.436),
  ('29cb6824-4339-513e-a57f-e9287a9f54fc', 4, 0.495),
  ('29cb6824-4339-513e-a57f-e9287a9f54fc', 5, 0.552),
  ('29cb6824-4339-513e-a57f-e9287a9f54fc', 6, 0.608),
  ('29cb6824-4339-513e-a57f-e9287a9f54fc', 7, 0.656),
  ('29cb6824-4339-513e-a57f-e9287a9f54fc', 8, 0.707),
  ('29cb6824-4339-513e-a57f-e9287a9f54fc', 9, 0.759),
  ('29cb6824-4339-513e-a57f-e9287a9f54fc', 10, 0.815),
  ('29cb6824-4339-513e-a57f-e9287a9f54fc', 11, 0.861),
  ('29cb6824-4339-513e-a57f-e9287a9f54fc', 12, 0.915),
  ('29cb6824-4339-513e-a57f-e9287a9f54fc', 13, 0.945),
  ('29cb6824-4339-513e-a57f-e9287a9f54fc', 14, 0.959),
  ('29cb6824-4339-513e-a57f-e9287a9f54fc', 15, 0.975),
  ('29cb6824-4339-513e-a57f-e9287a9f54fc', 16, 1.02),
  ('29cb6824-4339-513e-a57f-e9287a9f54fc', 17, 0.989),
  ('29cb6824-4339-513e-a57f-e9287a9f54fc', 18, 0.995),
  ('29cb6824-4339-513e-a57f-e9287a9f54fc', 19, 1.019),
  ('29cb6824-4339-513e-a57f-e9287a9f54fc', 20, 1.003),
  ('29cb6824-4339-513e-a57f-e9287a9f54fc', 21, 1.055),
  ('29cb6824-4339-513e-a57f-e9287a9f54fc', 22, 1.071),
  ('29cb6824-4339-513e-a57f-e9287a9f54fc', 23, 1.052),
  ('29cb6824-4339-513e-a57f-e9287a9f54fc', 24, 1.107),
  ('05e5ccae-1051-5738-a844-a0f2f7e7da28', 0, 0.263),
  ('05e5ccae-1051-5738-a844-a0f2f7e7da28', 1, 0.285),
  ('05e5ccae-1051-5738-a844-a0f2f7e7da28', 2, 0.363),
  ('05e5ccae-1051-5738-a844-a0f2f7e7da28', 3, 0.432),
  ('05e5ccae-1051-5738-a844-a0f2f7e7da28', 4, 0.488),
  ('05e5ccae-1051-5738-a844-a0f2f7e7da28', 5, 0.545),
  ('05e5ccae-1051-5738-a844-a0f2f7e7da28', 6, 0.605),
  ('05e5ccae-1051-5738-a844-a0f2f7e7da28', 7, 0.655),
  ('05e5ccae-1051-5738-a844-a0f2f7e7da28', 8, 0.701),
  ('05e5ccae-1051-5738-a844-a0f2f7e7da28', 9, 0.75),
  ('05e5ccae-1051-5738-a844-a0f2f7e7da28', 10, 0.792),
  ('05e5ccae-1051-5738-a844-a0f2f7e7da28', 11, 0.837),
  ('05e5ccae-1051-5738-a844-a0f2f7e7da28', 12, 0.882),
  ('05e5ccae-1051-5738-a844-a0f2f7e7da28', 13, 0.928),
  ('05e5ccae-1051-5738-a844-a0f2f7e7da28', 14, 0.95),
  ('05e5ccae-1051-5738-a844-a0f2f7e7da28', 15, 1.035),
  ('05e5ccae-1051-5738-a844-a0f2f7e7da28', 16, 1.003),
  ('05e5ccae-1051-5738-a844-a0f2f7e7da28', 17, 1.04),
  ('05e5ccae-1051-5738-a844-a0f2f7e7da28', 18, 1.024),
  ('05e5ccae-1051-5738-a844-a0f2f7e7da28', 19, 0.989),
  ('05e5ccae-1051-5738-a844-a0f2f7e7da28', 20, 0.995),
  ('05e5ccae-1051-5738-a844-a0f2f7e7da28', 21, 1.01),
  ('05e5ccae-1051-5738-a844-a0f2f7e7da28', 22, 1.057),
  ('05e5ccae-1051-5738-a844-a0f2f7e7da28', 23, 1.1),
  ('05e5ccae-1051-5738-a844-a0f2f7e7da28', 24, 1.119),
  ('fb6e0e94-350a-5046-b6c3-be6bb2a7213b', 0, 0.279),
  ('fb6e0e94-350a-5046-b6c3-be6bb2a7213b', 1, 0.282),
  ('fb6e0e94-350a-5046-b6c3-be6bb2a7213b', 2, 0.36),
  ('fb6e0e94-350a-5046-b6c3-be6bb2a7213b', 3, 0.43),
  ('fb6e0e94-350a-5046-b6c3-be6bb2a7213b', 4, 0.495),
  ('fb6e0e94-350a-5046-b6c3-be6bb2a7213b', 5, 0.562),
  ('fb6e0e94-350a-5046-b6c3-be6bb2a7213b', 6, 0.618),
  ('fb6e0e94-350a-5046-b6c3-be6bb2a7213b', 7, 0.665),
  ('fb6e0e94-350a-5046-b6c3-be6bb2a7213b', 8, 0.715),
  ('fb6e0e94-350a-5046-b6c3-be6bb2a7213b', 9, 0.754),
  ('fb6e0e94-350a-5046-b6c3-be6bb2a7213b', 10, 0.805),
  ('fb6e0e94-350a-5046-b6c3-be6bb2a7213b', 11, 0.858),
  ('fb6e0e94-350a-5046-b6c3-be6bb2a7213b', 12, 0.892),
  ('fb6e0e94-350a-5046-b6c3-be6bb2a7213b', 13, 0.913),
  ('fb6e0e94-350a-5046-b6c3-be6bb2a7213b', 14, 0.959),
  ('fb6e0e94-350a-5046-b6c3-be6bb2a7213b', 15, 0.982),
  ('fb6e0e94-350a-5046-b6c3-be6bb2a7213b', 16, 0.982),
  ('fb6e0e94-350a-5046-b6c3-be6bb2a7213b', 17, 1.004),
  ('fb6e0e94-350a-5046-b6c3-be6bb2a7213b', 18, 1.0),
  ('fb6e0e94-350a-5046-b6c3-be6bb2a7213b', 19, 1.017),
  ('fb6e0e94-350a-5046-b6c3-be6bb2a7213b', 20, 1.0),
  ('fb6e0e94-350a-5046-b6c3-be6bb2a7213b', 21, 1.018),
  ('fb6e0e94-350a-5046-b6c3-be6bb2a7213b', 22, 1.015),
  ('fb6e0e94-350a-5046-b6c3-be6bb2a7213b', 23, 1.036),
  ('fb6e0e94-350a-5046-b6c3-be6bb2a7213b', 24, 1.119),
  ('64524aab-7396-50b7-aea7-39824666d4e6', 0, 0.227),
  ('64524aab-7396-50b7-aea7-39824666d4e6', 1, 0.278),
  ('64524aab-7396-50b7-aea7-39824666d4e6', 2, 0.349),
  ('64524aab-7396-50b7-aea7-39824666d4e6', 3, 0.42),
  ('64524aab-7396-50b7-aea7-39824666d4e6', 4, 0.478),
  ('64524aab-7396-50b7-aea7-39824666d4e6', 5, 0.528),
  ('64524aab-7396-50b7-aea7-39824666d4e6', 6, 0.586),
  ('64524aab-7396-50b7-aea7-39824666d4e6', 7, 0.636),
  ('64524aab-7396-50b7-aea7-39824666d4e6', 8, 0.687),
  ('64524aab-7396-50b7-aea7-39824666d4e6', 9, 0.734),
  ('64524aab-7396-50b7-aea7-39824666d4e6', 10, 0.773),
  ('64524aab-7396-50b7-aea7-39824666d4e6', 11, 0.819),
  ('64524aab-7396-50b7-aea7-39824666d4e6', 12, 0.87),
  ('64524aab-7396-50b7-aea7-39824666d4e6', 13, 0.912),
  ('64524aab-7396-50b7-aea7-39824666d4e6', 14, 0.951),
  ('64524aab-7396-50b7-aea7-39824666d4e6', 15, 0.973),
  ('64524aab-7396-50b7-aea7-39824666d4e6', 16, 0.99),
  ('64524aab-7396-50b7-aea7-39824666d4e6', 17, 0.988),
  ('64524aab-7396-50b7-aea7-39824666d4e6', 18, 0.993),
  ('64524aab-7396-50b7-aea7-39824666d4e6', 19, 0.999),
  ('64524aab-7396-50b7-aea7-39824666d4e6', 20, 0.987),
  ('64524aab-7396-50b7-aea7-39824666d4e6', 21, 0.993),
  ('64524aab-7396-50b7-aea7-39824666d4e6', 22, 1.01),
  ('64524aab-7396-50b7-aea7-39824666d4e6', 23, 1.067),
  ('64524aab-7396-50b7-aea7-39824666d4e6', 24, 1.106),
  ('840b8021-1806-5969-884d-c82a4fef6aa7', 0, 0.238),
  ('840b8021-1806-5969-884d-c82a4fef6aa7', 1, 0.278),
  ('840b8021-1806-5969-884d-c82a4fef6aa7', 2, 0.353),
  ('840b8021-1806-5969-884d-c82a4fef6aa7', 3, 0.427),
  ('840b8021-1806-5969-884d-c82a4fef6aa7', 4, 0.488),
  ('840b8021-1806-5969-884d-c82a4fef6aa7', 5, 0.549),
  ('840b8021-1806-5969-884d-c82a4fef6aa7', 6, 0.616),
  ('840b8021-1806-5969-884d-c82a4fef6aa7', 7, 0.664),
  ('840b8021-1806-5969-884d-c82a4fef6aa7', 8, 0.72),
  ('840b8021-1806-5969-884d-c82a4fef6aa7', 9, 0.761),
  ('840b8021-1806-5969-884d-c82a4fef6aa7', 10, 0.799),
  ('840b8021-1806-5969-884d-c82a4fef6aa7', 11, 0.853),
  ('840b8021-1806-5969-884d-c82a4fef6aa7', 12, 0.906),
  ('840b8021-1806-5969-884d-c82a4fef6aa7', 13, 0.935),
  ('840b8021-1806-5969-884d-c82a4fef6aa7', 14, 0.956),
  ('840b8021-1806-5969-884d-c82a4fef6aa7', 15, 0.972),
  ('840b8021-1806-5969-884d-c82a4fef6aa7', 16, 1.004),
  ('840b8021-1806-5969-884d-c82a4fef6aa7', 17, 0.987),
  ('840b8021-1806-5969-884d-c82a4fef6aa7', 18, 0.991),
  ('840b8021-1806-5969-884d-c82a4fef6aa7', 19, 0.996),
  ('840b8021-1806-5969-884d-c82a4fef6aa7', 20, 0.992),
  ('840b8021-1806-5969-884d-c82a4fef6aa7', 21, 1.018),
  ('840b8021-1806-5969-884d-c82a4fef6aa7', 22, 1.078),
  ('840b8021-1806-5969-884d-c82a4fef6aa7', 23, 1.067),
  ('840b8021-1806-5969-884d-c82a4fef6aa7', 24, 1.094),
  ('53ac8330-4faf-5751-8daf-0f1cda783c82', 0, 0.238),
  ('53ac8330-4faf-5751-8daf-0f1cda783c82', 1, 0.28),
  ('53ac8330-4faf-5751-8daf-0f1cda783c82', 2, 0.353),
  ('53ac8330-4faf-5751-8daf-0f1cda783c82', 3, 0.431),
  ('53ac8330-4faf-5751-8daf-0f1cda783c82', 4, 0.49),
  ('53ac8330-4faf-5751-8daf-0f1cda783c82', 5, 0.539),
  ('53ac8330-4faf-5751-8daf-0f1cda783c82', 6, 0.611),
  ('53ac8330-4faf-5751-8daf-0f1cda783c82', 7, 0.654),
  ('53ac8330-4faf-5751-8daf-0f1cda783c82', 8, 0.709),
  ('53ac8330-4faf-5751-8daf-0f1cda783c82', 9, 0.753),
  ('53ac8330-4faf-5751-8daf-0f1cda783c82', 10, 0.795),
  ('53ac8330-4faf-5751-8daf-0f1cda783c82', 11, 0.828),
  ('53ac8330-4faf-5751-8daf-0f1cda783c82', 12, 0.885),
  ('53ac8330-4faf-5751-8daf-0f1cda783c82', 13, 0.92),
  ('53ac8330-4faf-5751-8daf-0f1cda783c82', 14, 0.946),
  ('53ac8330-4faf-5751-8daf-0f1cda783c82', 15, 0.975),
  ('53ac8330-4faf-5751-8daf-0f1cda783c82', 16, 1.0),
  ('53ac8330-4faf-5751-8daf-0f1cda783c82', 17, 1.016),
  ('53ac8330-4faf-5751-8daf-0f1cda783c82', 18, 0.993),
  ('53ac8330-4faf-5751-8daf-0f1cda783c82', 19, 1.0),
  ('53ac8330-4faf-5751-8daf-0f1cda783c82', 20, 1.017),
  ('53ac8330-4faf-5751-8daf-0f1cda783c82', 21, 1.008),
  ('53ac8330-4faf-5751-8daf-0f1cda783c82', 22, 1.006),
  ('53ac8330-4faf-5751-8daf-0f1cda783c82', 23, 1.071),
  ('53ac8330-4faf-5751-8daf-0f1cda783c82', 24, 1.111),
  ('ef4c06a7-e62f-54af-992a-c469d146b0fe', 0, 0.24),
  ('ef4c06a7-e62f-54af-992a-c469d146b0fe', 1, 0.284),
  ('ef4c06a7-e62f-54af-992a-c469d146b0fe', 2, 0.359),
  ('ef4c06a7-e62f-54af-992a-c469d146b0fe', 3, 0.439),
  ('ef4c06a7-e62f-54af-992a-c469d146b0fe', 4, 0.503),
  ('ef4c06a7-e62f-54af-992a-c469d146b0fe', 5, 0.554),
  ('ef4c06a7-e62f-54af-992a-c469d146b0fe', 6, 0.601),
  ('ef4c06a7-e62f-54af-992a-c469d146b0fe', 7, 0.652),
  ('ef4c06a7-e62f-54af-992a-c469d146b0fe', 8, 0.71),
  ('ef4c06a7-e62f-54af-992a-c469d146b0fe', 9, 0.754),
  ('ef4c06a7-e62f-54af-992a-c469d146b0fe', 10, 0.793),
  ('ef4c06a7-e62f-54af-992a-c469d146b0fe', 11, 0.84),
  ('ef4c06a7-e62f-54af-992a-c469d146b0fe', 12, 0.888),
  ('ef4c06a7-e62f-54af-992a-c469d146b0fe', 13, 0.965),
  ('ef4c06a7-e62f-54af-992a-c469d146b0fe', 14, 0.99),
  ('ef4c06a7-e62f-54af-992a-c469d146b0fe', 15, 0.996),
  ('ef4c06a7-e62f-54af-992a-c469d146b0fe', 16, 1.033),
  ('ef4c06a7-e62f-54af-992a-c469d146b0fe', 17, 1.059),
  ('ef4c06a7-e62f-54af-992a-c469d146b0fe', 18, 1.035),
  ('ef4c06a7-e62f-54af-992a-c469d146b0fe', 19, 1.015),
  ('ef4c06a7-e62f-54af-992a-c469d146b0fe', 20, 1.018),
  ('ef4c06a7-e62f-54af-992a-c469d146b0fe', 21, 1.021),
  ('ef4c06a7-e62f-54af-992a-c469d146b0fe', 22, 1.013),
  ('ef4c06a7-e62f-54af-992a-c469d146b0fe', 23, 1.086),
  ('ef4c06a7-e62f-54af-992a-c469d146b0fe', 24, 1.008),
  ('3b15be72-8501-5b4d-9d0b-61441b31efc6', 0, 0.248),
  ('3b15be72-8501-5b4d-9d0b-61441b31efc6', 1, 0.284),
  ('3b15be72-8501-5b4d-9d0b-61441b31efc6', 2, 0.361),
  ('3b15be72-8501-5b4d-9d0b-61441b31efc6', 3, 0.42),
  ('3b15be72-8501-5b4d-9d0b-61441b31efc6', 4, 0.49),
  ('3b15be72-8501-5b4d-9d0b-61441b31efc6', 5, 0.554),
  ('3b15be72-8501-5b4d-9d0b-61441b31efc6', 6, 0.592),
  ('3b15be72-8501-5b4d-9d0b-61441b31efc6', 7, 0.634),
  ('3b15be72-8501-5b4d-9d0b-61441b31efc6', 8, 0.693),
  ('3b15be72-8501-5b4d-9d0b-61441b31efc6', 9, 0.75),
  ('3b15be72-8501-5b4d-9d0b-61441b31efc6', 10, 0.788),
  ('3b15be72-8501-5b4d-9d0b-61441b31efc6', 11, 0.84),
  ('3b15be72-8501-5b4d-9d0b-61441b31efc6', 12, 0.886),
  ('3b15be72-8501-5b4d-9d0b-61441b31efc6', 13, 0.932),
  ('3b15be72-8501-5b4d-9d0b-61441b31efc6', 14, 0.947),
  ('3b15be72-8501-5b4d-9d0b-61441b31efc6', 15, 0.96),
  ('3b15be72-8501-5b4d-9d0b-61441b31efc6', 16, 0.985),
  ('3b15be72-8501-5b4d-9d0b-61441b31efc6', 17, 0.989),
  ('3b15be72-8501-5b4d-9d0b-61441b31efc6', 18, 1.0),
  ('3b15be72-8501-5b4d-9d0b-61441b31efc6', 19, 0.989),
  ('3b15be72-8501-5b4d-9d0b-61441b31efc6', 20, 0.989),
  ('3b15be72-8501-5b4d-9d0b-61441b31efc6', 21, 0.984),
  ('3b15be72-8501-5b4d-9d0b-61441b31efc6', 22, 1.012),
  ('3b15be72-8501-5b4d-9d0b-61441b31efc6', 23, 1.056),
  ('3b15be72-8501-5b4d-9d0b-61441b31efc6', 24, 1.087),
  ('90f61d7e-fd12-5d1e-89b1-eff7953fd65b', 0, 0.232),
  ('90f61d7e-fd12-5d1e-89b1-eff7953fd65b', 1, 0.28),
  ('90f61d7e-fd12-5d1e-89b1-eff7953fd65b', 2, 0.352),
  ('90f61d7e-fd12-5d1e-89b1-eff7953fd65b', 3, 0.423),
  ('90f61d7e-fd12-5d1e-89b1-eff7953fd65b', 4, 0.475),
  ('90f61d7e-fd12-5d1e-89b1-eff7953fd65b', 5, 0.543),
  ('90f61d7e-fd12-5d1e-89b1-eff7953fd65b', 6, 0.599),
  ('90f61d7e-fd12-5d1e-89b1-eff7953fd65b', 7, 0.653),
  ('90f61d7e-fd12-5d1e-89b1-eff7953fd65b', 8, 0.704),
  ('90f61d7e-fd12-5d1e-89b1-eff7953fd65b', 9, 0.748),
  ('90f61d7e-fd12-5d1e-89b1-eff7953fd65b', 10, 0.788),
  ('90f61d7e-fd12-5d1e-89b1-eff7953fd65b', 11, 0.835),
  ('90f61d7e-fd12-5d1e-89b1-eff7953fd65b', 12, 0.883),
  ('90f61d7e-fd12-5d1e-89b1-eff7953fd65b', 13, 0.93),
  ('90f61d7e-fd12-5d1e-89b1-eff7953fd65b', 14, 0.947),
  ('90f61d7e-fd12-5d1e-89b1-eff7953fd65b', 15, 0.977),
  ('90f61d7e-fd12-5d1e-89b1-eff7953fd65b', 16, 0.996),
  ('90f61d7e-fd12-5d1e-89b1-eff7953fd65b', 17, 0.989),
  ('90f61d7e-fd12-5d1e-89b1-eff7953fd65b', 18, 0.992),
  ('90f61d7e-fd12-5d1e-89b1-eff7953fd65b', 19, 1.005),
  ('90f61d7e-fd12-5d1e-89b1-eff7953fd65b', 20, 1.053),
  ('90f61d7e-fd12-5d1e-89b1-eff7953fd65b', 21, 1.071),
  ('90f61d7e-fd12-5d1e-89b1-eff7953fd65b', 22, 1.061),
  ('90f61d7e-fd12-5d1e-89b1-eff7953fd65b', 23, 1.066),
  ('90f61d7e-fd12-5d1e-89b1-eff7953fd65b', 24, 1.025),
  ('505cd140-34c1-5451-8f9f-1c7f8144c16a', 0, 0.235),
  ('505cd140-34c1-5451-8f9f-1c7f8144c16a', 1, 0.282),
  ('505cd140-34c1-5451-8f9f-1c7f8144c16a', 2, 0.351),
  ('505cd140-34c1-5451-8f9f-1c7f8144c16a', 3, 0.429),
  ('505cd140-34c1-5451-8f9f-1c7f8144c16a', 4, 0.495),
  ('505cd140-34c1-5451-8f9f-1c7f8144c16a', 5, 0.545),
  ('505cd140-34c1-5451-8f9f-1c7f8144c16a', 6, 0.592),
  ('505cd140-34c1-5451-8f9f-1c7f8144c16a', 7, 0.642),
  ('505cd140-34c1-5451-8f9f-1c7f8144c16a', 8, 0.69),
  ('505cd140-34c1-5451-8f9f-1c7f8144c16a', 9, 0.739),
  ('505cd140-34c1-5451-8f9f-1c7f8144c16a', 10, 0.784),
  ('505cd140-34c1-5451-8f9f-1c7f8144c16a', 11, 0.844),
  ('505cd140-34c1-5451-8f9f-1c7f8144c16a', 12, 0.881),
  ('505cd140-34c1-5451-8f9f-1c7f8144c16a', 13, 0.907),
  ('505cd140-34c1-5451-8f9f-1c7f8144c16a', 14, 0.935),
  ('505cd140-34c1-5451-8f9f-1c7f8144c16a', 15, 0.96),
  ('505cd140-34c1-5451-8f9f-1c7f8144c16a', 16, 0.974),
  ('505cd140-34c1-5451-8f9f-1c7f8144c16a', 17, 0.998),
  ('505cd140-34c1-5451-8f9f-1c7f8144c16a', 18, 0.99),
  ('505cd140-34c1-5451-8f9f-1c7f8144c16a', 19, 1.005),
  ('505cd140-34c1-5451-8f9f-1c7f8144c16a', 20, 0.992),
  ('505cd140-34c1-5451-8f9f-1c7f8144c16a', 21, 1.0),
  ('505cd140-34c1-5451-8f9f-1c7f8144c16a', 22, 1.004),
  ('505cd140-34c1-5451-8f9f-1c7f8144c16a', 23, 1.011),
  ('505cd140-34c1-5451-8f9f-1c7f8144c16a', 24, 1.058),
  ('2fcce381-05b5-54eb-87b4-1a182cb72c29', 0, 0.239),
  ('2fcce381-05b5-54eb-87b4-1a182cb72c29', 1, 0.287),
  ('2fcce381-05b5-54eb-87b4-1a182cb72c29', 2, 0.355),
  ('2fcce381-05b5-54eb-87b4-1a182cb72c29', 3, 0.427),
  ('2fcce381-05b5-54eb-87b4-1a182cb72c29', 4, 0.488),
  ('2fcce381-05b5-54eb-87b4-1a182cb72c29', 5, 0.532),
  ('2fcce381-05b5-54eb-87b4-1a182cb72c29', 6, 0.579),
  ('2fcce381-05b5-54eb-87b4-1a182cb72c29', 7, 0.638),
  ('2fcce381-05b5-54eb-87b4-1a182cb72c29', 8, 0.699),
  ('2fcce381-05b5-54eb-87b4-1a182cb72c29', 9, 0.746),
  ('2fcce381-05b5-54eb-87b4-1a182cb72c29', 10, 0.777),
  ('2fcce381-05b5-54eb-87b4-1a182cb72c29', 11, 0.832),
  ('2fcce381-05b5-54eb-87b4-1a182cb72c29', 12, 0.882),
  ('2fcce381-05b5-54eb-87b4-1a182cb72c29', 13, 0.916),
  ('2fcce381-05b5-54eb-87b4-1a182cb72c29', 14, 0.941),
  ('2fcce381-05b5-54eb-87b4-1a182cb72c29', 15, 0.962),
  ('2fcce381-05b5-54eb-87b4-1a182cb72c29', 16, 0.98),
  ('2fcce381-05b5-54eb-87b4-1a182cb72c29', 17, 0.995),
  ('2fcce381-05b5-54eb-87b4-1a182cb72c29', 18, 0.997),
  ('2fcce381-05b5-54eb-87b4-1a182cb72c29', 19, 0.99),
  ('2fcce381-05b5-54eb-87b4-1a182cb72c29', 20, 0.995),
  ('2fcce381-05b5-54eb-87b4-1a182cb72c29', 21, 1.008),
  ('2fcce381-05b5-54eb-87b4-1a182cb72c29', 22, 1.021),
  ('2fcce381-05b5-54eb-87b4-1a182cb72c29', 23, 1.014),
  ('2fcce381-05b5-54eb-87b4-1a182cb72c29', 24, 1.083),
  ('b15e6857-6b57-5dba-92cd-bda33aeec3f3', 0, 0.211),
  ('b15e6857-6b57-5dba-92cd-bda33aeec3f3', 1, 0.277),
  ('b15e6857-6b57-5dba-92cd-bda33aeec3f3', 2, 0.348),
  ('b15e6857-6b57-5dba-92cd-bda33aeec3f3', 3, 0.415),
  ('b15e6857-6b57-5dba-92cd-bda33aeec3f3', 4, 0.471),
  ('b15e6857-6b57-5dba-92cd-bda33aeec3f3', 5, 0.529),
  ('b15e6857-6b57-5dba-92cd-bda33aeec3f3', 6, 0.592),
  ('b15e6857-6b57-5dba-92cd-bda33aeec3f3', 7, 0.647),
  ('b15e6857-6b57-5dba-92cd-bda33aeec3f3', 8, 0.698),
  ('b15e6857-6b57-5dba-92cd-bda33aeec3f3', 9, 0.736),
  ('b15e6857-6b57-5dba-92cd-bda33aeec3f3', 10, 0.779),
  ('b15e6857-6b57-5dba-92cd-bda33aeec3f3', 11, 0.81),
  ('b15e6857-6b57-5dba-92cd-bda33aeec3f3', 12, 0.866),
  ('b15e6857-6b57-5dba-92cd-bda33aeec3f3', 13, 0.91),
  ('b15e6857-6b57-5dba-92cd-bda33aeec3f3', 14, 0.942),
  ('b15e6857-6b57-5dba-92cd-bda33aeec3f3', 15, 0.948),
  ('b15e6857-6b57-5dba-92cd-bda33aeec3f3', 16, 0.975),
  ('b15e6857-6b57-5dba-92cd-bda33aeec3f3', 17, 0.982),
  ('b15e6857-6b57-5dba-92cd-bda33aeec3f3', 18, 0.983),
  ('b15e6857-6b57-5dba-92cd-bda33aeec3f3', 19, 1.029),
  ('b15e6857-6b57-5dba-92cd-bda33aeec3f3', 20, 1.02),
  ('b15e6857-6b57-5dba-92cd-bda33aeec3f3', 21, 1.064),
  ('b15e6857-6b57-5dba-92cd-bda33aeec3f3', 22, 1.041),
  ('b15e6857-6b57-5dba-92cd-bda33aeec3f3', 23, 1.055),
  ('b15e6857-6b57-5dba-92cd-bda33aeec3f3', 24, 1.062),
  ('215f3c53-f32f-5b9e-a9fe-bc1d72aff1e0', 0, 0.231),
  ('215f3c53-f32f-5b9e-a9fe-bc1d72aff1e0', 1, 0.29),
  ('215f3c53-f32f-5b9e-a9fe-bc1d72aff1e0', 2, 0.356),
  ('215f3c53-f32f-5b9e-a9fe-bc1d72aff1e0', 3, 0.425),
  ('215f3c53-f32f-5b9e-a9fe-bc1d72aff1e0', 4, 0.488),
  ('215f3c53-f32f-5b9e-a9fe-bc1d72aff1e0', 5, 0.552),
  ('215f3c53-f32f-5b9e-a9fe-bc1d72aff1e0', 6, 0.602),
  ('215f3c53-f32f-5b9e-a9fe-bc1d72aff1e0', 7, 0.643),
  ('215f3c53-f32f-5b9e-a9fe-bc1d72aff1e0', 8, 0.689),
  ('215f3c53-f32f-5b9e-a9fe-bc1d72aff1e0', 9, 0.733),
  ('215f3c53-f32f-5b9e-a9fe-bc1d72aff1e0', 10, 0.777),
  ('215f3c53-f32f-5b9e-a9fe-bc1d72aff1e0', 11, 0.839),
  ('215f3c53-f32f-5b9e-a9fe-bc1d72aff1e0', 12, 0.886),
  ('215f3c53-f32f-5b9e-a9fe-bc1d72aff1e0', 13, 0.917),
  ('215f3c53-f32f-5b9e-a9fe-bc1d72aff1e0', 14, 0.941),
  ('215f3c53-f32f-5b9e-a9fe-bc1d72aff1e0', 15, 0.958),
  ('215f3c53-f32f-5b9e-a9fe-bc1d72aff1e0', 16, 0.977),
  ('215f3c53-f32f-5b9e-a9fe-bc1d72aff1e0', 17, 0.996),
  ('215f3c53-f32f-5b9e-a9fe-bc1d72aff1e0', 18, 1.027),
  ('215f3c53-f32f-5b9e-a9fe-bc1d72aff1e0', 19, 0.998),
  ('215f3c53-f32f-5b9e-a9fe-bc1d72aff1e0', 20, 1.009),
  ('215f3c53-f32f-5b9e-a9fe-bc1d72aff1e0', 21, 1.038),
  ('215f3c53-f32f-5b9e-a9fe-bc1d72aff1e0', 22, 1.057),
  ('215f3c53-f32f-5b9e-a9fe-bc1d72aff1e0', 23, 1.058),
  ('215f3c53-f32f-5b9e-a9fe-bc1d72aff1e0', 24, 1.081),
  ('838f17c9-28c8-509f-a664-51d1bf3d5878', 0, 0.222),
  ('838f17c9-28c8-509f-a664-51d1bf3d5878', 1, 0.289),
  ('838f17c9-28c8-509f-a664-51d1bf3d5878', 2, 0.36),
  ('838f17c9-28c8-509f-a664-51d1bf3d5878', 3, 0.428),
  ('838f17c9-28c8-509f-a664-51d1bf3d5878', 4, 0.487),
  ('838f17c9-28c8-509f-a664-51d1bf3d5878', 5, 0.548),
  ('838f17c9-28c8-509f-a664-51d1bf3d5878', 6, 0.602),
  ('838f17c9-28c8-509f-a664-51d1bf3d5878', 7, 0.654),
  ('838f17c9-28c8-509f-a664-51d1bf3d5878', 8, 0.697),
  ('838f17c9-28c8-509f-a664-51d1bf3d5878', 9, 0.743),
  ('838f17c9-28c8-509f-a664-51d1bf3d5878', 10, 0.789),
  ('838f17c9-28c8-509f-a664-51d1bf3d5878', 11, 0.838),
  ('838f17c9-28c8-509f-a664-51d1bf3d5878', 12, 0.877),
  ('838f17c9-28c8-509f-a664-51d1bf3d5878', 13, 0.926),
  ('838f17c9-28c8-509f-a664-51d1bf3d5878', 14, 0.967),
  ('838f17c9-28c8-509f-a664-51d1bf3d5878', 15, 0.964),
  ('838f17c9-28c8-509f-a664-51d1bf3d5878', 16, 1.002),
  ('838f17c9-28c8-509f-a664-51d1bf3d5878', 17, 0.98),
  ('838f17c9-28c8-509f-a664-51d1bf3d5878', 18, 1.021),
  ('838f17c9-28c8-509f-a664-51d1bf3d5878', 19, 1.018),
  ('838f17c9-28c8-509f-a664-51d1bf3d5878', 20, 1.035),
  ('838f17c9-28c8-509f-a664-51d1bf3d5878', 21, 1.037),
  ('838f17c9-28c8-509f-a664-51d1bf3d5878', 22, 1.048),
  ('838f17c9-28c8-509f-a664-51d1bf3d5878', 23, 1.054),
  ('838f17c9-28c8-509f-a664-51d1bf3d5878', 24, 1.059),
  ('ecfa6898-e690-597f-9cb1-8415f99f9826', 0, 0.22),
  ('ecfa6898-e690-597f-9cb1-8415f99f9826', 1, 0.285),
  ('ecfa6898-e690-597f-9cb1-8415f99f9826', 2, 0.356),
  ('ecfa6898-e690-597f-9cb1-8415f99f9826', 3, 0.427),
  ('ecfa6898-e690-597f-9cb1-8415f99f9826', 4, 0.478),
  ('ecfa6898-e690-597f-9cb1-8415f99f9826', 5, 0.532),
  ('ecfa6898-e690-597f-9cb1-8415f99f9826', 6, 0.593),
  ('ecfa6898-e690-597f-9cb1-8415f99f9826', 7, 0.643),
  ('ecfa6898-e690-597f-9cb1-8415f99f9826', 8, 0.696),
  ('ecfa6898-e690-597f-9cb1-8415f99f9826', 9, 0.737),
  ('ecfa6898-e690-597f-9cb1-8415f99f9826', 10, 0.787),
  ('ecfa6898-e690-597f-9cb1-8415f99f9826', 11, 0.836),
  ('ecfa6898-e690-597f-9cb1-8415f99f9826', 12, 0.897),
  ('ecfa6898-e690-597f-9cb1-8415f99f9826', 13, 0.933),
  ('ecfa6898-e690-597f-9cb1-8415f99f9826', 14, 0.966),
  ('ecfa6898-e690-597f-9cb1-8415f99f9826', 15, 0.984),
  ('ecfa6898-e690-597f-9cb1-8415f99f9826', 16, 1.001),
  ('ecfa6898-e690-597f-9cb1-8415f99f9826', 17, 1.018),
  ('ecfa6898-e690-597f-9cb1-8415f99f9826', 18, 1.004),
  ('ecfa6898-e690-597f-9cb1-8415f99f9826', 19, 1.022),
  ('ecfa6898-e690-597f-9cb1-8415f99f9826', 20, 1.049),
  ('ecfa6898-e690-597f-9cb1-8415f99f9826', 21, 1.052),
  ('ecfa6898-e690-597f-9cb1-8415f99f9826', 22, 1.085),
  ('ecfa6898-e690-597f-9cb1-8415f99f9826', 23, 1.092),
  ('ecfa6898-e690-597f-9cb1-8415f99f9826', 24, 1.124),
  ('83e07be0-c1ea-54ad-86cf-d734cd670231', 0, 0.224),
  ('83e07be0-c1ea-54ad-86cf-d734cd670231', 1, 0.282),
  ('83e07be0-c1ea-54ad-86cf-d734cd670231', 2, 0.354),
  ('83e07be0-c1ea-54ad-86cf-d734cd670231', 3, 0.415),
  ('83e07be0-c1ea-54ad-86cf-d734cd670231', 4, 0.471),
  ('83e07be0-c1ea-54ad-86cf-d734cd670231', 5, 0.534),
  ('83e07be0-c1ea-54ad-86cf-d734cd670231', 6, 0.599),
  ('83e07be0-c1ea-54ad-86cf-d734cd670231', 7, 0.637),
  ('83e07be0-c1ea-54ad-86cf-d734cd670231', 8, 0.692),
  ('83e07be0-c1ea-54ad-86cf-d734cd670231', 9, 0.738),
  ('83e07be0-c1ea-54ad-86cf-d734cd670231', 10, 0.797),
  ('83e07be0-c1ea-54ad-86cf-d734cd670231', 11, 0.851),
  ('83e07be0-c1ea-54ad-86cf-d734cd670231', 12, 0.885),
  ('83e07be0-c1ea-54ad-86cf-d734cd670231', 13, 0.926),
  ('83e07be0-c1ea-54ad-86cf-d734cd670231', 14, 0.948),
  ('83e07be0-c1ea-54ad-86cf-d734cd670231', 15, 0.983),
  ('83e07be0-c1ea-54ad-86cf-d734cd670231', 16, 1.022),
  ('83e07be0-c1ea-54ad-86cf-d734cd670231', 17, 1.045),
  ('83e07be0-c1ea-54ad-86cf-d734cd670231', 18, 1.047),
  ('83e07be0-c1ea-54ad-86cf-d734cd670231', 19, 1.048),
  ('83e07be0-c1ea-54ad-86cf-d734cd670231', 20, 1.039),
  ('83e07be0-c1ea-54ad-86cf-d734cd670231', 21, 1.057),
  ('83e07be0-c1ea-54ad-86cf-d734cd670231', 22, 1.074),
  ('83e07be0-c1ea-54ad-86cf-d734cd670231', 23, 1.077),
  ('83e07be0-c1ea-54ad-86cf-d734cd670231', 24, 1.097),
  ('6ea7b5d7-aee8-507f-8ce2-aaedfac573e3', 0, 0.231),
  ('6ea7b5d7-aee8-507f-8ce2-aaedfac573e3', 1, 0.29),
  ('6ea7b5d7-aee8-507f-8ce2-aaedfac573e3', 2, 0.37),
  ('6ea7b5d7-aee8-507f-8ce2-aaedfac573e3', 3, 0.437),
  ('6ea7b5d7-aee8-507f-8ce2-aaedfac573e3', 4, 0.5),
  ('6ea7b5d7-aee8-507f-8ce2-aaedfac573e3', 5, 0.549),
  ('6ea7b5d7-aee8-507f-8ce2-aaedfac573e3', 6, 0.597),
  ('6ea7b5d7-aee8-507f-8ce2-aaedfac573e3', 7, 0.647),
  ('6ea7b5d7-aee8-507f-8ce2-aaedfac573e3', 8, 0.696),
  ('6ea7b5d7-aee8-507f-8ce2-aaedfac573e3', 9, 0.74),
  ('6ea7b5d7-aee8-507f-8ce2-aaedfac573e3', 10, 0.781),
  ('6ea7b5d7-aee8-507f-8ce2-aaedfac573e3', 11, 0.829),
  ('6ea7b5d7-aee8-507f-8ce2-aaedfac573e3', 12, 0.882),
  ('6ea7b5d7-aee8-507f-8ce2-aaedfac573e3', 13, 0.921),
  ('6ea7b5d7-aee8-507f-8ce2-aaedfac573e3', 14, 0.956),
  ('6ea7b5d7-aee8-507f-8ce2-aaedfac573e3', 15, 0.976),
  ('6ea7b5d7-aee8-507f-8ce2-aaedfac573e3', 16, 1.011),
  ('6ea7b5d7-aee8-507f-8ce2-aaedfac573e3', 17, 1.014),
  ('6ea7b5d7-aee8-507f-8ce2-aaedfac573e3', 18, 1.035),
  ('6ea7b5d7-aee8-507f-8ce2-aaedfac573e3', 19, 1.076),
  ('6ea7b5d7-aee8-507f-8ce2-aaedfac573e3', 20, 1.095),
  ('6ea7b5d7-aee8-507f-8ce2-aaedfac573e3', 21, 1.095),
  ('6ea7b5d7-aee8-507f-8ce2-aaedfac573e3', 22, 1.105),
  ('6ea7b5d7-aee8-507f-8ce2-aaedfac573e3', 23, 1.117),
  ('6ea7b5d7-aee8-507f-8ce2-aaedfac573e3', 24, 1.128),
  ('6431b2ee-aa0f-5bbb-9cc8-34ac4b1a46df', 0, 0.223),
  ('6431b2ee-aa0f-5bbb-9cc8-34ac4b1a46df', 1, 0.288),
  ('6431b2ee-aa0f-5bbb-9cc8-34ac4b1a46df', 2, 0.366),
  ('6431b2ee-aa0f-5bbb-9cc8-34ac4b1a46df', 3, 0.432),
  ('6431b2ee-aa0f-5bbb-9cc8-34ac4b1a46df', 4, 0.49),
  ('6431b2ee-aa0f-5bbb-9cc8-34ac4b1a46df', 5, 0.537),
  ('6431b2ee-aa0f-5bbb-9cc8-34ac4b1a46df', 6, 0.593),
  ('6431b2ee-aa0f-5bbb-9cc8-34ac4b1a46df', 7, 0.648),
  ('6431b2ee-aa0f-5bbb-9cc8-34ac4b1a46df', 8, 0.7),
  ('6431b2ee-aa0f-5bbb-9cc8-34ac4b1a46df', 9, 0.744),
  ('6431b2ee-aa0f-5bbb-9cc8-34ac4b1a46df', 10, 0.786),
  ('6431b2ee-aa0f-5bbb-9cc8-34ac4b1a46df', 11, 0.843),
  ('6431b2ee-aa0f-5bbb-9cc8-34ac4b1a46df', 12, 0.888),
  ('6431b2ee-aa0f-5bbb-9cc8-34ac4b1a46df', 13, 0.935),
  ('6431b2ee-aa0f-5bbb-9cc8-34ac4b1a46df', 14, 0.959),
  ('6431b2ee-aa0f-5bbb-9cc8-34ac4b1a46df', 15, 0.988),
  ('6431b2ee-aa0f-5bbb-9cc8-34ac4b1a46df', 16, 0.994),
  ('6431b2ee-aa0f-5bbb-9cc8-34ac4b1a46df', 17, 1.009),
  ('6431b2ee-aa0f-5bbb-9cc8-34ac4b1a46df', 18, 1.003),
  ('6431b2ee-aa0f-5bbb-9cc8-34ac4b1a46df', 19, 1.042),
  ('6431b2ee-aa0f-5bbb-9cc8-34ac4b1a46df', 20, 1.065),
  ('6431b2ee-aa0f-5bbb-9cc8-34ac4b1a46df', 21, 1.082),
  ('6431b2ee-aa0f-5bbb-9cc8-34ac4b1a46df', 22, 1.099),
  ('6431b2ee-aa0f-5bbb-9cc8-34ac4b1a46df', 23, 1.121),
  ('6431b2ee-aa0f-5bbb-9cc8-34ac4b1a46df', 24, 1.101),
  ('e1d52d07-4468-5bd9-ada7-c6b15457f17c', 0, 0.203),
  ('e1d52d07-4468-5bd9-ada7-c6b15457f17c', 1, 0.279),
  ('e1d52d07-4468-5bd9-ada7-c6b15457f17c', 2, 0.341),
  ('e1d52d07-4468-5bd9-ada7-c6b15457f17c', 3, 0.414),
  ('e1d52d07-4468-5bd9-ada7-c6b15457f17c', 4, 0.475),
  ('e1d52d07-4468-5bd9-ada7-c6b15457f17c', 5, 0.53),
  ('e1d52d07-4468-5bd9-ada7-c6b15457f17c', 6, 0.587),
  ('e1d52d07-4468-5bd9-ada7-c6b15457f17c', 7, 0.641),
  ('e1d52d07-4468-5bd9-ada7-c6b15457f17c', 8, 0.692),
  ('e1d52d07-4468-5bd9-ada7-c6b15457f17c', 9, 0.722),
  ('e1d52d07-4468-5bd9-ada7-c6b15457f17c', 10, 0.772),
  ('e1d52d07-4468-5bd9-ada7-c6b15457f17c', 11, 0.833),
  ('e1d52d07-4468-5bd9-ada7-c6b15457f17c', 12, 0.892),
  ('e1d52d07-4468-5bd9-ada7-c6b15457f17c', 13, 0.932),
  ('e1d52d07-4468-5bd9-ada7-c6b15457f17c', 14, 0.959),
  ('e1d52d07-4468-5bd9-ada7-c6b15457f17c', 15, 0.961),
  ('e1d52d07-4468-5bd9-ada7-c6b15457f17c', 16, 0.983),
  ('e1d52d07-4468-5bd9-ada7-c6b15457f17c', 17, 0.975),
  ('e1d52d07-4468-5bd9-ada7-c6b15457f17c', 18, 1.023),
  ('e1d52d07-4468-5bd9-ada7-c6b15457f17c', 19, 1.039),
  ('e1d52d07-4468-5bd9-ada7-c6b15457f17c', 20, 1.052),
  ('e1d52d07-4468-5bd9-ada7-c6b15457f17c', 21, 1.058),
  ('e1d52d07-4468-5bd9-ada7-c6b15457f17c', 22, 1.066),
  ('e1d52d07-4468-5bd9-ada7-c6b15457f17c', 23, 1.095),
  ('e1d52d07-4468-5bd9-ada7-c6b15457f17c', 24, 1.095),
  ('4e8f06fe-5970-5cb8-aa48-7e645bbc37a7', 0, 0.215),
  ('4e8f06fe-5970-5cb8-aa48-7e645bbc37a7', 1, 0.29),
  ('4e8f06fe-5970-5cb8-aa48-7e645bbc37a7', 2, 0.354),
  ('4e8f06fe-5970-5cb8-aa48-7e645bbc37a7', 3, 0.425),
  ('4e8f06fe-5970-5cb8-aa48-7e645bbc37a7', 4, 0.477),
  ('4e8f06fe-5970-5cb8-aa48-7e645bbc37a7', 5, 0.53),
  ('4e8f06fe-5970-5cb8-aa48-7e645bbc37a7', 6, 0.599),
  ('4e8f06fe-5970-5cb8-aa48-7e645bbc37a7', 7, 0.649),
  ('4e8f06fe-5970-5cb8-aa48-7e645bbc37a7', 8, 0.703),
  ('4e8f06fe-5970-5cb8-aa48-7e645bbc37a7', 9, 0.753),
  ('4e8f06fe-5970-5cb8-aa48-7e645bbc37a7', 10, 0.799),
  ('4e8f06fe-5970-5cb8-aa48-7e645bbc37a7', 11, 0.852),
  ('4e8f06fe-5970-5cb8-aa48-7e645bbc37a7', 12, 0.9),
  ('4e8f06fe-5970-5cb8-aa48-7e645bbc37a7', 13, 0.938),
  ('4e8f06fe-5970-5cb8-aa48-7e645bbc37a7', 14, 0.97),
  ('4e8f06fe-5970-5cb8-aa48-7e645bbc37a7', 15, 0.99),
  ('4e8f06fe-5970-5cb8-aa48-7e645bbc37a7', 16, 0.992),
  ('4e8f06fe-5970-5cb8-aa48-7e645bbc37a7', 17, 1.026),
  ('4e8f06fe-5970-5cb8-aa48-7e645bbc37a7', 18, 1.049),
  ('4e8f06fe-5970-5cb8-aa48-7e645bbc37a7', 19, 1.035),
  ('4e8f06fe-5970-5cb8-aa48-7e645bbc37a7', 20, 1.033),
  ('4e8f06fe-5970-5cb8-aa48-7e645bbc37a7', 21, 1.034),
  ('4e8f06fe-5970-5cb8-aa48-7e645bbc37a7', 22, 1.047),
  ('4e8f06fe-5970-5cb8-aa48-7e645bbc37a7', 23, 1.088),
  ('4e8f06fe-5970-5cb8-aa48-7e645bbc37a7', 24, 1.099),
  ('eb92c3c4-d46a-5510-90ac-2d5f1030ca4d', 0, 0.206),
  ('eb92c3c4-d46a-5510-90ac-2d5f1030ca4d', 1, 0.266),
  ('eb92c3c4-d46a-5510-90ac-2d5f1030ca4d', 2, 0.336),
  ('eb92c3c4-d46a-5510-90ac-2d5f1030ca4d', 3, 0.404),
  ('eb92c3c4-d46a-5510-90ac-2d5f1030ca4d', 4, 0.46),
  ('eb92c3c4-d46a-5510-90ac-2d5f1030ca4d', 5, 0.522),
  ('eb92c3c4-d46a-5510-90ac-2d5f1030ca4d', 6, 0.602),
  ('eb92c3c4-d46a-5510-90ac-2d5f1030ca4d', 7, 0.684),
  ('eb92c3c4-d46a-5510-90ac-2d5f1030ca4d', 8, 0.753),
  ('eb92c3c4-d46a-5510-90ac-2d5f1030ca4d', 9, 0.751),
  ('eb92c3c4-d46a-5510-90ac-2d5f1030ca4d', 10, 0.775),
  ('eb92c3c4-d46a-5510-90ac-2d5f1030ca4d', 11, 0.809),
  ('eb92c3c4-d46a-5510-90ac-2d5f1030ca4d', 12, 0.862),
  ('eb92c3c4-d46a-5510-90ac-2d5f1030ca4d', 13, 0.9),
  ('eb92c3c4-d46a-5510-90ac-2d5f1030ca4d', 14, 0.938),
  ('eb92c3c4-d46a-5510-90ac-2d5f1030ca4d', 15, 0.972),
  ('eb92c3c4-d46a-5510-90ac-2d5f1030ca4d', 16, 0.991),
  ('eb92c3c4-d46a-5510-90ac-2d5f1030ca4d', 17, 1.017),
  ('eb92c3c4-d46a-5510-90ac-2d5f1030ca4d', 18, 1.007),
  ('eb92c3c4-d46a-5510-90ac-2d5f1030ca4d', 19, 1.005),
  ('eb92c3c4-d46a-5510-90ac-2d5f1030ca4d', 20, 1.015),
  ('eb92c3c4-d46a-5510-90ac-2d5f1030ca4d', 21, 1.075),
  ('eb92c3c4-d46a-5510-90ac-2d5f1030ca4d', 22, 1.058),
  ('eb92c3c4-d46a-5510-90ac-2d5f1030ca4d', 23, 1.125),
  ('eb92c3c4-d46a-5510-90ac-2d5f1030ca4d', 24, 1.15),
  ('3533b965-6904-55a7-9f53-ee33b5a498a1', 0, 0.219),
  ('3533b965-6904-55a7-9f53-ee33b5a498a1', 1, 0.271),
  ('3533b965-6904-55a7-9f53-ee33b5a498a1', 2, 0.338),
  ('3533b965-6904-55a7-9f53-ee33b5a498a1', 3, 0.406),
  ('3533b965-6904-55a7-9f53-ee33b5a498a1', 4, 0.461),
  ('3533b965-6904-55a7-9f53-ee33b5a498a1', 5, 0.514),
  ('3533b965-6904-55a7-9f53-ee33b5a498a1', 6, 0.581),
  ('3533b965-6904-55a7-9f53-ee33b5a498a1', 7, 0.646),
  ('3533b965-6904-55a7-9f53-ee33b5a498a1', 8, 0.706),
  ('3533b965-6904-55a7-9f53-ee33b5a498a1', 9, 0.738),
  ('3533b965-6904-55a7-9f53-ee33b5a498a1', 10, 0.803),
  ('3533b965-6904-55a7-9f53-ee33b5a498a1', 11, 0.828),
  ('3533b965-6904-55a7-9f53-ee33b5a498a1', 12, 0.872),
  ('3533b965-6904-55a7-9f53-ee33b5a498a1', 13, 0.911),
  ('3533b965-6904-55a7-9f53-ee33b5a498a1', 14, 0.934),
  ('3533b965-6904-55a7-9f53-ee33b5a498a1', 15, 0.947),
  ('3533b965-6904-55a7-9f53-ee33b5a498a1', 16, 0.976),
  ('3533b965-6904-55a7-9f53-ee33b5a498a1', 17, 0.988),
  ('3533b965-6904-55a7-9f53-ee33b5a498a1', 18, 0.986),
  ('3533b965-6904-55a7-9f53-ee33b5a498a1', 19, 0.989),
  ('3533b965-6904-55a7-9f53-ee33b5a498a1', 20, 0.973),
  ('3533b965-6904-55a7-9f53-ee33b5a498a1', 21, 1.008),
  ('3533b965-6904-55a7-9f53-ee33b5a498a1', 22, 1.02),
  ('3533b965-6904-55a7-9f53-ee33b5a498a1', 23, 1.043),
  ('3533b965-6904-55a7-9f53-ee33b5a498a1', 24, 1.031),
  ('96ef894f-258f-5f02-8b31-416ac8554539', 0, 0.24),
  ('96ef894f-258f-5f02-8b31-416ac8554539', 1, 0.283),
  ('96ef894f-258f-5f02-8b31-416ac8554539', 2, 0.36),
  ('96ef894f-258f-5f02-8b31-416ac8554539', 3, 0.428),
  ('96ef894f-258f-5f02-8b31-416ac8554539', 4, 0.485),
  ('96ef894f-258f-5f02-8b31-416ac8554539', 5, 0.545),
  ('96ef894f-258f-5f02-8b31-416ac8554539', 6, 0.596),
  ('96ef894f-258f-5f02-8b31-416ac8554539', 7, 0.65),
  ('96ef894f-258f-5f02-8b31-416ac8554539', 8, 0.696),
  ('96ef894f-258f-5f02-8b31-416ac8554539', 9, 0.747),
  ('96ef894f-258f-5f02-8b31-416ac8554539', 10, 0.769),
  ('96ef894f-258f-5f02-8b31-416ac8554539', 11, 0.823),
  ('96ef894f-258f-5f02-8b31-416ac8554539', 12, 0.88),
  ('96ef894f-258f-5f02-8b31-416ac8554539', 13, 0.916),
  ('96ef894f-258f-5f02-8b31-416ac8554539', 14, 0.949),
  ('96ef894f-258f-5f02-8b31-416ac8554539', 15, 0.966),
  ('96ef894f-258f-5f02-8b31-416ac8554539', 16, 0.997),
  ('96ef894f-258f-5f02-8b31-416ac8554539', 17, 1.027),
  ('96ef894f-258f-5f02-8b31-416ac8554539', 18, 1.03),
  ('96ef894f-258f-5f02-8b31-416ac8554539', 19, 1.051),
  ('96ef894f-258f-5f02-8b31-416ac8554539', 20, 1.036),
  ('96ef894f-258f-5f02-8b31-416ac8554539', 21, 1.007),
  ('96ef894f-258f-5f02-8b31-416ac8554539', 22, 1.043),
  ('96ef894f-258f-5f02-8b31-416ac8554539', 23, 1.095),
  ('96ef894f-258f-5f02-8b31-416ac8554539', 24, 1.095),
  ('a6381078-4ec6-59b8-9291-4b6d9a6bba6a', 0, 0.227),
  ('a6381078-4ec6-59b8-9291-4b6d9a6bba6a', 1, 0.296),
  ('a6381078-4ec6-59b8-9291-4b6d9a6bba6a', 2, 0.359),
  ('a6381078-4ec6-59b8-9291-4b6d9a6bba6a', 3, 0.433),
  ('a6381078-4ec6-59b8-9291-4b6d9a6bba6a', 4, 0.483),
  ('a6381078-4ec6-59b8-9291-4b6d9a6bba6a', 5, 0.552),
  ('a6381078-4ec6-59b8-9291-4b6d9a6bba6a', 6, 0.613),
  ('a6381078-4ec6-59b8-9291-4b6d9a6bba6a', 7, 0.646),
  ('a6381078-4ec6-59b8-9291-4b6d9a6bba6a', 8, 0.695),
  ('a6381078-4ec6-59b8-9291-4b6d9a6bba6a', 9, 0.744),
  ('a6381078-4ec6-59b8-9291-4b6d9a6bba6a', 10, 0.803),
  ('a6381078-4ec6-59b8-9291-4b6d9a6bba6a', 11, 0.859),
  ('a6381078-4ec6-59b8-9291-4b6d9a6bba6a', 12, 0.921),
  ('a6381078-4ec6-59b8-9291-4b6d9a6bba6a', 13, 0.944),
  ('a6381078-4ec6-59b8-9291-4b6d9a6bba6a', 14, 0.975),
  ('a6381078-4ec6-59b8-9291-4b6d9a6bba6a', 15, 0.989),
  ('a6381078-4ec6-59b8-9291-4b6d9a6bba6a', 16, 1.012),
  ('a6381078-4ec6-59b8-9291-4b6d9a6bba6a', 17, 1.032),
  ('a6381078-4ec6-59b8-9291-4b6d9a6bba6a', 18, 1.036),
  ('a6381078-4ec6-59b8-9291-4b6d9a6bba6a', 19, 1.062),
  ('a6381078-4ec6-59b8-9291-4b6d9a6bba6a', 20, 1.05),
  ('a6381078-4ec6-59b8-9291-4b6d9a6bba6a', 21, 1.025),
  ('a6381078-4ec6-59b8-9291-4b6d9a6bba6a', 22, 1.072),
  ('a6381078-4ec6-59b8-9291-4b6d9a6bba6a', 23, 1.103),
  ('a6381078-4ec6-59b8-9291-4b6d9a6bba6a', 24, 1.129),
  ('8e872e42-3068-5e34-b97e-f17173024237', 0, 0.234),
  ('8e872e42-3068-5e34-b97e-f17173024237', 1, 0.277),
  ('8e872e42-3068-5e34-b97e-f17173024237', 2, 0.359),
  ('8e872e42-3068-5e34-b97e-f17173024237', 3, 0.416),
  ('8e872e42-3068-5e34-b97e-f17173024237', 4, 0.471),
  ('8e872e42-3068-5e34-b97e-f17173024237', 5, 0.527),
  ('8e872e42-3068-5e34-b97e-f17173024237', 6, 0.582),
  ('8e872e42-3068-5e34-b97e-f17173024237', 7, 0.634),
  ('8e872e42-3068-5e34-b97e-f17173024237', 8, 0.681),
  ('8e872e42-3068-5e34-b97e-f17173024237', 9, 0.723),
  ('8e872e42-3068-5e34-b97e-f17173024237', 10, 0.758),
  ('8e872e42-3068-5e34-b97e-f17173024237', 11, 0.816),
  ('8e872e42-3068-5e34-b97e-f17173024237', 12, 0.869),
  ('8e872e42-3068-5e34-b97e-f17173024237', 13, 0.906),
  ('8e872e42-3068-5e34-b97e-f17173024237', 14, 0.927),
  ('8e872e42-3068-5e34-b97e-f17173024237', 15, 0.951),
  ('8e872e42-3068-5e34-b97e-f17173024237', 16, 1.002),
  ('8e872e42-3068-5e34-b97e-f17173024237', 17, 0.994),
  ('8e872e42-3068-5e34-b97e-f17173024237', 18, 0.984),
  ('8e872e42-3068-5e34-b97e-f17173024237', 19, 0.973),
  ('8e872e42-3068-5e34-b97e-f17173024237', 20, 0.984),
  ('8e872e42-3068-5e34-b97e-f17173024237', 21, 0.982),
  ('8e872e42-3068-5e34-b97e-f17173024237', 22, 0.998),
  ('8e872e42-3068-5e34-b97e-f17173024237', 23, 1.038),
  ('8e872e42-3068-5e34-b97e-f17173024237', 24, 1.005),
  ('f6b67870-5cff-56d8-af25-19f280202284', 0, 0.224),
  ('f6b67870-5cff-56d8-af25-19f280202284', 1, 0.283),
  ('f6b67870-5cff-56d8-af25-19f280202284', 2, 0.362),
  ('f6b67870-5cff-56d8-af25-19f280202284', 3, 0.437),
  ('f6b67870-5cff-56d8-af25-19f280202284', 4, 0.495),
  ('f6b67870-5cff-56d8-af25-19f280202284', 5, 0.557),
  ('f6b67870-5cff-56d8-af25-19f280202284', 6, 0.611),
  ('f6b67870-5cff-56d8-af25-19f280202284', 7, 0.655),
  ('f6b67870-5cff-56d8-af25-19f280202284', 8, 0.693),
  ('f6b67870-5cff-56d8-af25-19f280202284', 9, 0.748),
  ('f6b67870-5cff-56d8-af25-19f280202284', 10, 0.784),
  ('f6b67870-5cff-56d8-af25-19f280202284', 11, 0.854),
  ('f6b67870-5cff-56d8-af25-19f280202284', 12, 0.908),
  ('f6b67870-5cff-56d8-af25-19f280202284', 13, 0.932),
  ('f6b67870-5cff-56d8-af25-19f280202284', 14, 0.969),
  ('f6b67870-5cff-56d8-af25-19f280202284', 15, 1.008),
  ('f6b67870-5cff-56d8-af25-19f280202284', 16, 1.024),
  ('f6b67870-5cff-56d8-af25-19f280202284', 17, 1.036),
  ('f6b67870-5cff-56d8-af25-19f280202284', 18, 1.062),
  ('f6b67870-5cff-56d8-af25-19f280202284', 19, 1.079),
  ('f6b67870-5cff-56d8-af25-19f280202284', 20, 1.073),
  ('f6b67870-5cff-56d8-af25-19f280202284', 21, 1.07),
  ('f6b67870-5cff-56d8-af25-19f280202284', 22, 1.109),
  ('f6b67870-5cff-56d8-af25-19f280202284', 23, 1.105),
  ('f6b67870-5cff-56d8-af25-19f280202284', 24, 1.146),
  ('5be9199c-92bc-535f-9954-fa6c1abf6b42', 0, 0.226),
  ('5be9199c-92bc-535f-9954-fa6c1abf6b42', 1, 0.283),
  ('5be9199c-92bc-535f-9954-fa6c1abf6b42', 2, 0.356),
  ('5be9199c-92bc-535f-9954-fa6c1abf6b42', 3, 0.42),
  ('5be9199c-92bc-535f-9954-fa6c1abf6b42', 4, 0.472),
  ('5be9199c-92bc-535f-9954-fa6c1abf6b42', 5, 0.528),
  ('5be9199c-92bc-535f-9954-fa6c1abf6b42', 6, 0.577),
  ('5be9199c-92bc-535f-9954-fa6c1abf6b42', 7, 0.637),
  ('5be9199c-92bc-535f-9954-fa6c1abf6b42', 8, 0.686),
  ('5be9199c-92bc-535f-9954-fa6c1abf6b42', 9, 0.731),
  ('5be9199c-92bc-535f-9954-fa6c1abf6b42', 10, 0.777),
  ('5be9199c-92bc-535f-9954-fa6c1abf6b42', 11, 0.825),
  ('5be9199c-92bc-535f-9954-fa6c1abf6b42', 12, 0.86),
  ('5be9199c-92bc-535f-9954-fa6c1abf6b42', 13, 0.912),
  ('5be9199c-92bc-535f-9954-fa6c1abf6b42', 14, 0.942),
  ('5be9199c-92bc-535f-9954-fa6c1abf6b42', 15, 0.97),
  ('5be9199c-92bc-535f-9954-fa6c1abf6b42', 16, 0.993),
  ('5be9199c-92bc-535f-9954-fa6c1abf6b42', 17, 0.986),
  ('5be9199c-92bc-535f-9954-fa6c1abf6b42', 18, 1.011),
  ('5be9199c-92bc-535f-9954-fa6c1abf6b42', 19, 1.021),
  ('5be9199c-92bc-535f-9954-fa6c1abf6b42', 20, 1.008),
  ('5be9199c-92bc-535f-9954-fa6c1abf6b42', 21, 0.995),
  ('5be9199c-92bc-535f-9954-fa6c1abf6b42', 22, 1.027),
  ('5be9199c-92bc-535f-9954-fa6c1abf6b42', 23, 1.083),
  ('5be9199c-92bc-535f-9954-fa6c1abf6b42', 24, 1.089),
  ('ed22991d-565c-5c2e-b91e-00a4d5372845', 0, 0.239),
  ('ed22991d-565c-5c2e-b91e-00a4d5372845', 1, 0.296),
  ('ed22991d-565c-5c2e-b91e-00a4d5372845', 2, 0.364),
  ('ed22991d-565c-5c2e-b91e-00a4d5372845', 3, 0.436),
  ('ed22991d-565c-5c2e-b91e-00a4d5372845', 4, 0.494),
  ('ed22991d-565c-5c2e-b91e-00a4d5372845', 5, 0.547),
  ('ed22991d-565c-5c2e-b91e-00a4d5372845', 6, 0.603),
  ('ed22991d-565c-5c2e-b91e-00a4d5372845', 7, 0.665),
  ('ed22991d-565c-5c2e-b91e-00a4d5372845', 8, 0.7),
  ('ed22991d-565c-5c2e-b91e-00a4d5372845', 9, 0.753),
  ('ed22991d-565c-5c2e-b91e-00a4d5372845', 10, 0.784),
  ('ed22991d-565c-5c2e-b91e-00a4d5372845', 11, 0.828),
  ('ed22991d-565c-5c2e-b91e-00a4d5372845', 12, 0.891),
  ('ed22991d-565c-5c2e-b91e-00a4d5372845', 13, 0.933),
  ('ed22991d-565c-5c2e-b91e-00a4d5372845', 14, 0.965),
  ('ed22991d-565c-5c2e-b91e-00a4d5372845', 15, 0.998),
  ('ed22991d-565c-5c2e-b91e-00a4d5372845', 16, 1.01),
  ('ed22991d-565c-5c2e-b91e-00a4d5372845', 17, 1.023),
  ('ed22991d-565c-5c2e-b91e-00a4d5372845', 18, 1.042),
  ('ed22991d-565c-5c2e-b91e-00a4d5372845', 19, 1.043),
  ('ed22991d-565c-5c2e-b91e-00a4d5372845', 20, 1.041),
  ('ed22991d-565c-5c2e-b91e-00a4d5372845', 21, 1.05),
  ('ed22991d-565c-5c2e-b91e-00a4d5372845', 22, 1.093),
  ('ed22991d-565c-5c2e-b91e-00a4d5372845', 23, 1.07),
  ('ed22991d-565c-5c2e-b91e-00a4d5372845', 24, 1.092),
  ('ddd225f1-4ae3-5758-a437-b42993bb99aa', 0, 0.23),
  ('ddd225f1-4ae3-5758-a437-b42993bb99aa', 1, 0.292),
  ('ddd225f1-4ae3-5758-a437-b42993bb99aa', 2, 0.364),
  ('ddd225f1-4ae3-5758-a437-b42993bb99aa', 3, 0.43),
  ('ddd225f1-4ae3-5758-a437-b42993bb99aa', 4, 0.49),
  ('ddd225f1-4ae3-5758-a437-b42993bb99aa', 5, 0.542),
  ('ddd225f1-4ae3-5758-a437-b42993bb99aa', 6, 0.598),
  ('ddd225f1-4ae3-5758-a437-b42993bb99aa', 7, 0.648),
  ('ddd225f1-4ae3-5758-a437-b42993bb99aa', 8, 0.698),
  ('ddd225f1-4ae3-5758-a437-b42993bb99aa', 9, 0.747),
  ('ddd225f1-4ae3-5758-a437-b42993bb99aa', 10, 0.792),
  ('ddd225f1-4ae3-5758-a437-b42993bb99aa', 11, 0.839),
  ('ddd225f1-4ae3-5758-a437-b42993bb99aa', 12, 0.881),
  ('ddd225f1-4ae3-5758-a437-b42993bb99aa', 13, 0.912),
  ('ddd225f1-4ae3-5758-a437-b42993bb99aa', 14, 0.953),
  ('ddd225f1-4ae3-5758-a437-b42993bb99aa', 15, 0.964),
  ('ddd225f1-4ae3-5758-a437-b42993bb99aa', 16, 0.997),
  ('ddd225f1-4ae3-5758-a437-b42993bb99aa', 17, 1.012),
  ('ddd225f1-4ae3-5758-a437-b42993bb99aa', 18, 1.004),
  ('ddd225f1-4ae3-5758-a437-b42993bb99aa', 19, 1.001),
  ('ddd225f1-4ae3-5758-a437-b42993bb99aa', 20, 1.005),
  ('ddd225f1-4ae3-5758-a437-b42993bb99aa', 21, 1.013),
  ('ddd225f1-4ae3-5758-a437-b42993bb99aa', 22, 1.063),
  ('ddd225f1-4ae3-5758-a437-b42993bb99aa', 23, 1.085),
  ('ddd225f1-4ae3-5758-a437-b42993bb99aa', 24, 1.073),
  ('a2b9c594-f6b8-538b-b692-296b770ae285', 0, 0.214),
  ('a2b9c594-f6b8-538b-b692-296b770ae285', 1, 0.279),
  ('a2b9c594-f6b8-538b-b692-296b770ae285', 2, 0.356),
  ('a2b9c594-f6b8-538b-b692-296b770ae285', 3, 0.424),
  ('a2b9c594-f6b8-538b-b692-296b770ae285', 4, 0.477),
  ('a2b9c594-f6b8-538b-b692-296b770ae285', 5, 0.529),
  ('a2b9c594-f6b8-538b-b692-296b770ae285', 6, 0.592),
  ('a2b9c594-f6b8-538b-b692-296b770ae285', 7, 0.649),
  ('a2b9c594-f6b8-538b-b692-296b770ae285', 8, 0.696),
  ('a2b9c594-f6b8-538b-b692-296b770ae285', 9, 0.741),
  ('a2b9c594-f6b8-538b-b692-296b770ae285', 10, 0.773),
  ('a2b9c594-f6b8-538b-b692-296b770ae285', 11, 0.824),
  ('a2b9c594-f6b8-538b-b692-296b770ae285', 12, 0.875),
  ('a2b9c594-f6b8-538b-b692-296b770ae285', 13, 0.914),
  ('a2b9c594-f6b8-538b-b692-296b770ae285', 14, 0.949),
  ('a2b9c594-f6b8-538b-b692-296b770ae285', 15, 0.973),
  ('a2b9c594-f6b8-538b-b692-296b770ae285', 16, 0.995),
  ('a2b9c594-f6b8-538b-b692-296b770ae285', 17, 1.016),
  ('a2b9c594-f6b8-538b-b692-296b770ae285', 18, 1.011),
  ('a2b9c594-f6b8-538b-b692-296b770ae285', 19, 1.036),
  ('a2b9c594-f6b8-538b-b692-296b770ae285', 20, 1.045),
  ('a2b9c594-f6b8-538b-b692-296b770ae285', 21, 1.051),
  ('a2b9c594-f6b8-538b-b692-296b770ae285', 22, 1.051),
  ('a2b9c594-f6b8-538b-b692-296b770ae285', 23, 1.064),
  ('a2b9c594-f6b8-538b-b692-296b770ae285', 24, 1.08),
  ('f9296475-9246-517b-8a48-5c39602614fe', 0, 0.199),
  ('f9296475-9246-517b-8a48-5c39602614fe', 1, 0.278),
  ('f9296475-9246-517b-8a48-5c39602614fe', 2, 0.346),
  ('f9296475-9246-517b-8a48-5c39602614fe', 3, 0.411),
  ('f9296475-9246-517b-8a48-5c39602614fe', 4, 0.471),
  ('f9296475-9246-517b-8a48-5c39602614fe', 5, 0.529),
  ('f9296475-9246-517b-8a48-5c39602614fe', 6, 0.585),
  ('f9296475-9246-517b-8a48-5c39602614fe', 7, 0.636),
  ('f9296475-9246-517b-8a48-5c39602614fe', 8, 0.68),
  ('f9296475-9246-517b-8a48-5c39602614fe', 9, 0.738),
  ('f9296475-9246-517b-8a48-5c39602614fe', 10, 0.771),
  ('f9296475-9246-517b-8a48-5c39602614fe', 11, 0.835),
  ('f9296475-9246-517b-8a48-5c39602614fe', 12, 0.875),
  ('f9296475-9246-517b-8a48-5c39602614fe', 13, 0.914),
  ('f9296475-9246-517b-8a48-5c39602614fe', 14, 0.94),
  ('f9296475-9246-517b-8a48-5c39602614fe', 15, 0.961),
  ('f9296475-9246-517b-8a48-5c39602614fe', 16, 0.987),
  ('f9296475-9246-517b-8a48-5c39602614fe', 17, 0.994),
  ('f9296475-9246-517b-8a48-5c39602614fe', 18, 0.993),
  ('f9296475-9246-517b-8a48-5c39602614fe', 19, 0.996),
  ('f9296475-9246-517b-8a48-5c39602614fe', 20, 1.022),
  ('f9296475-9246-517b-8a48-5c39602614fe', 21, 0.993),
  ('f9296475-9246-517b-8a48-5c39602614fe', 22, 0.989),
  ('f9296475-9246-517b-8a48-5c39602614fe', 23, 1.1),
  ('f9296475-9246-517b-8a48-5c39602614fe', 24, 1.092),
  ('7e6525fe-a03d-5a6e-b890-6105ad870bb1', 0, 0.202),
  ('7e6525fe-a03d-5a6e-b890-6105ad870bb1', 1, 0.275),
  ('7e6525fe-a03d-5a6e-b890-6105ad870bb1', 2, 0.344),
  ('7e6525fe-a03d-5a6e-b890-6105ad870bb1', 3, 0.415),
  ('7e6525fe-a03d-5a6e-b890-6105ad870bb1', 4, 0.474),
  ('7e6525fe-a03d-5a6e-b890-6105ad870bb1', 5, 0.54),
  ('7e6525fe-a03d-5a6e-b890-6105ad870bb1', 6, 0.603),
  ('7e6525fe-a03d-5a6e-b890-6105ad870bb1', 7, 0.643),
  ('7e6525fe-a03d-5a6e-b890-6105ad870bb1', 8, 0.692),
  ('7e6525fe-a03d-5a6e-b890-6105ad870bb1', 9, 0.734),
  ('7e6525fe-a03d-5a6e-b890-6105ad870bb1', 10, 0.783),
  ('7e6525fe-a03d-5a6e-b890-6105ad870bb1', 11, 0.838),
  ('7e6525fe-a03d-5a6e-b890-6105ad870bb1', 12, 0.888),
  ('7e6525fe-a03d-5a6e-b890-6105ad870bb1', 13, 0.932),
  ('7e6525fe-a03d-5a6e-b890-6105ad870bb1', 14, 0.971),
  ('7e6525fe-a03d-5a6e-b890-6105ad870bb1', 15, 0.996),
  ('7e6525fe-a03d-5a6e-b890-6105ad870bb1', 16, 0.99),
  ('7e6525fe-a03d-5a6e-b890-6105ad870bb1', 17, 0.986),
  ('7e6525fe-a03d-5a6e-b890-6105ad870bb1', 18, 0.996),
  ('7e6525fe-a03d-5a6e-b890-6105ad870bb1', 19, 0.991),
  ('7e6525fe-a03d-5a6e-b890-6105ad870bb1', 20, 1.027),
  ('7e6525fe-a03d-5a6e-b890-6105ad870bb1', 21, 1.037),
  ('7e6525fe-a03d-5a6e-b890-6105ad870bb1', 22, 1.041),
  ('7e6525fe-a03d-5a6e-b890-6105ad870bb1', 23, 1.102),
  ('7e6525fe-a03d-5a6e-b890-6105ad870bb1', 24, 1.091),
  ('0ea80209-4719-5ac7-92bb-5858d088708d', 0, 0.229),
  ('0ea80209-4719-5ac7-92bb-5858d088708d', 1, 0.283),
  ('0ea80209-4719-5ac7-92bb-5858d088708d', 2, 0.355),
  ('0ea80209-4719-5ac7-92bb-5858d088708d', 3, 0.425),
  ('0ea80209-4719-5ac7-92bb-5858d088708d', 4, 0.483),
  ('0ea80209-4719-5ac7-92bb-5858d088708d', 5, 0.54),
  ('0ea80209-4719-5ac7-92bb-5858d088708d', 6, 0.597),
  ('0ea80209-4719-5ac7-92bb-5858d088708d', 7, 0.648),
  ('0ea80209-4719-5ac7-92bb-5858d088708d', 8, 0.7),
  ('0ea80209-4719-5ac7-92bb-5858d088708d', 9, 0.743),
  ('0ea80209-4719-5ac7-92bb-5858d088708d', 10, 0.786),
  ('0ea80209-4719-5ac7-92bb-5858d088708d', 11, 0.836),
  ('0ea80209-4719-5ac7-92bb-5858d088708d', 12, 0.885),
  ('0ea80209-4719-5ac7-92bb-5858d088708d', 13, 0.925),
  ('0ea80209-4719-5ac7-92bb-5858d088708d', 14, 0.954),
  ('0ea80209-4719-5ac7-92bb-5858d088708d', 15, 0.976),
  ('0ea80209-4719-5ac7-92bb-5858d088708d', 16, 0.997),
  ('0ea80209-4719-5ac7-92bb-5858d088708d', 17, 1.006),
  ('0ea80209-4719-5ac7-92bb-5858d088708d', 18, 1.011),
  ('0ea80209-4719-5ac7-92bb-5858d088708d', 19, 1.018),
  ('0ea80209-4719-5ac7-92bb-5858d088708d', 20, 1.022),
  ('0ea80209-4719-5ac7-92bb-5858d088708d', 21, 1.033),
  ('0ea80209-4719-5ac7-92bb-5858d088708d', 22, 1.05),
  ('0ea80209-4719-5ac7-92bb-5858d088708d', 23, 1.073),
  ('0ea80209-4719-5ac7-92bb-5858d088708d', 24, 1.086),
  ('fd13a989-faec-5020-bd87-88555b299201', 0, 0.199),
  ('fd13a989-faec-5020-bd87-88555b299201', 1, 0.266),
  ('fd13a989-faec-5020-bd87-88555b299201', 2, 0.336),
  ('fd13a989-faec-5020-bd87-88555b299201', 3, 0.404),
  ('fd13a989-faec-5020-bd87-88555b299201', 4, 0.46),
  ('fd13a989-faec-5020-bd87-88555b299201', 5, 0.514),
  ('fd13a989-faec-5020-bd87-88555b299201', 6, 0.577),
  ('fd13a989-faec-5020-bd87-88555b299201', 7, 0.634),
  ('fd13a989-faec-5020-bd87-88555b299201', 8, 0.68),
  ('fd13a989-faec-5020-bd87-88555b299201', 9, 0.722),
  ('fd13a989-faec-5020-bd87-88555b299201', 10, 0.758),
  ('fd13a989-faec-5020-bd87-88555b299201', 11, 0.809),
  ('fd13a989-faec-5020-bd87-88555b299201', 12, 0.86),
  ('fd13a989-faec-5020-bd87-88555b299201', 13, 0.9),
  ('fd13a989-faec-5020-bd87-88555b299201', 14, 0.927),
  ('fd13a989-faec-5020-bd87-88555b299201', 15, 0.947),
  ('fd13a989-faec-5020-bd87-88555b299201', 16, 0.974),
  ('fd13a989-faec-5020-bd87-88555b299201', 17, 0.975),
  ('fd13a989-faec-5020-bd87-88555b299201', 18, 0.983),
  ('fd13a989-faec-5020-bd87-88555b299201', 19, 0.973),
  ('fd13a989-faec-5020-bd87-88555b299201', 20, 0.973),
  ('fd13a989-faec-5020-bd87-88555b299201', 21, 0.982),
  ('fd13a989-faec-5020-bd87-88555b299201', 22, 0.989),
  ('fd13a989-faec-5020-bd87-88555b299201', 23, 1.008),
  ('fd13a989-faec-5020-bd87-88555b299201', 24, 1.005),
  ('770b0eed-bc52-5a96-a1eb-f79c6e252350', 0, 0.279),
  ('770b0eed-bc52-5a96-a1eb-f79c6e252350', 1, 0.296),
  ('770b0eed-bc52-5a96-a1eb-f79c6e252350', 2, 0.37),
  ('770b0eed-bc52-5a96-a1eb-f79c6e252350', 3, 0.439),
  ('770b0eed-bc52-5a96-a1eb-f79c6e252350', 4, 0.503),
  ('770b0eed-bc52-5a96-a1eb-f79c6e252350', 5, 0.562),
  ('770b0eed-bc52-5a96-a1eb-f79c6e252350', 6, 0.618),
  ('770b0eed-bc52-5a96-a1eb-f79c6e252350', 7, 0.684),
  ('770b0eed-bc52-5a96-a1eb-f79c6e252350', 8, 0.753),
  ('770b0eed-bc52-5a96-a1eb-f79c6e252350', 9, 0.761),
  ('770b0eed-bc52-5a96-a1eb-f79c6e252350', 10, 0.815),
  ('770b0eed-bc52-5a96-a1eb-f79c6e252350', 11, 0.861),
  ('770b0eed-bc52-5a96-a1eb-f79c6e252350', 12, 0.921),
  ('770b0eed-bc52-5a96-a1eb-f79c6e252350', 13, 0.965),
  ('770b0eed-bc52-5a96-a1eb-f79c6e252350', 14, 0.99),
  ('770b0eed-bc52-5a96-a1eb-f79c6e252350', 15, 1.035),
  ('770b0eed-bc52-5a96-a1eb-f79c6e252350', 16, 1.033),
  ('770b0eed-bc52-5a96-a1eb-f79c6e252350', 17, 1.059),
  ('770b0eed-bc52-5a96-a1eb-f79c6e252350', 18, 1.062),
  ('770b0eed-bc52-5a96-a1eb-f79c6e252350', 19, 1.079),
  ('770b0eed-bc52-5a96-a1eb-f79c6e252350', 20, 1.095),
  ('770b0eed-bc52-5a96-a1eb-f79c6e252350', 21, 1.095),
  ('770b0eed-bc52-5a96-a1eb-f79c6e252350', 22, 1.109),
  ('770b0eed-bc52-5a96-a1eb-f79c6e252350', 23, 1.125),
  ('770b0eed-bc52-5a96-a1eb-f79c6e252350', 24, 1.15),
  ('02a8705a-5b6e-5c3b-b80f-ee6f755f2384', 0, 0.195),
  ('02a8705a-5b6e-5c3b-b80f-ee6f755f2384', 1, 0.27),
  ('02a8705a-5b6e-5c3b-b80f-ee6f755f2384', 2, 0.339),
  ('02a8705a-5b6e-5c3b-b80f-ee6f755f2384', 3, 0.407),
  ('02a8705a-5b6e-5c3b-b80f-ee6f755f2384', 4, 0.461),
  ('02a8705a-5b6e-5c3b-b80f-ee6f755f2384', 5, 0.517),
  ('02a8705a-5b6e-5c3b-b80f-ee6f755f2384', 6, 0.576),
  ('02a8705a-5b6e-5c3b-b80f-ee6f755f2384', 7, 0.627),
  ('02a8705a-5b6e-5c3b-b80f-ee6f755f2384', 8, 0.673),
  ('02a8705a-5b6e-5c3b-b80f-ee6f755f2384', 9, 0.725),
  ('02a8705a-5b6e-5c3b-b80f-ee6f755f2384', 10, 0.762),
  ('02a8705a-5b6e-5c3b-b80f-ee6f755f2384', 11, 0.81),
  ('02a8705a-5b6e-5c3b-b80f-ee6f755f2384', 12, 0.857),
  ('02a8705a-5b6e-5c3b-b80f-ee6f755f2384', 13, 0.896),
  ('02a8705a-5b6e-5c3b-b80f-ee6f755f2384', 14, 0.926),
  ('02a8705a-5b6e-5c3b-b80f-ee6f755f2384', 15, 0.939),
  ('02a8705a-5b6e-5c3b-b80f-ee6f755f2384', 16, 0.967),
  ('02a8705a-5b6e-5c3b-b80f-ee6f755f2384', 17, 0.964),
  ('02a8705a-5b6e-5c3b-b80f-ee6f755f2384', 18, 0.969),
  ('02a8705a-5b6e-5c3b-b80f-ee6f755f2384', 19, 0.965),
  ('02a8705a-5b6e-5c3b-b80f-ee6f755f2384', 20, 0.965),
  ('02a8705a-5b6e-5c3b-b80f-ee6f755f2384', 21, 0.97),
  ('02a8705a-5b6e-5c3b-b80f-ee6f755f2384', 22, 0.982),
  ('02a8705a-5b6e-5c3b-b80f-ee6f755f2384', 23, 1.012),
  ('02a8705a-5b6e-5c3b-b80f-ee6f755f2384', 24, 1.013),
  ('8c8b6302-7138-5a63-b745-d6d9b184ac95', 0, 0.262),
  ('8c8b6302-7138-5a63-b745-d6d9b184ac95', 1, 0.296),
  ('8c8b6302-7138-5a63-b745-d6d9b184ac95', 2, 0.371),
  ('8c8b6302-7138-5a63-b745-d6d9b184ac95', 3, 0.443),
  ('8c8b6302-7138-5a63-b745-d6d9b184ac95', 4, 0.505),
  ('8c8b6302-7138-5a63-b745-d6d9b184ac95', 5, 0.563),
  ('8c8b6302-7138-5a63-b745-d6d9b184ac95', 6, 0.618),
  ('8c8b6302-7138-5a63-b745-d6d9b184ac95', 7, 0.67),
  ('8c8b6302-7138-5a63-b745-d6d9b184ac95', 8, 0.726),
  ('8c8b6302-7138-5a63-b745-d6d9b184ac95', 9, 0.762),
  ('8c8b6302-7138-5a63-b745-d6d9b184ac95', 10, 0.81),
  ('8c8b6302-7138-5a63-b745-d6d9b184ac95', 11, 0.863),
  ('8c8b6302-7138-5a63-b745-d6d9b184ac95', 12, 0.913),
  ('8c8b6302-7138-5a63-b745-d6d9b184ac95', 13, 0.953),
  ('8c8b6302-7138-5a63-b745-d6d9b184ac95', 14, 0.981),
  ('8c8b6302-7138-5a63-b745-d6d9b184ac95', 15, 1.012),
  ('8c8b6302-7138-5a63-b745-d6d9b184ac95', 16, 1.027),
  ('8c8b6302-7138-5a63-b745-d6d9b184ac95', 17, 1.049),
  ('8c8b6302-7138-5a63-b745-d6d9b184ac95', 18, 1.054),
  ('8c8b6302-7138-5a63-b745-d6d9b184ac95', 19, 1.071),
  ('8c8b6302-7138-5a63-b745-d6d9b184ac95', 20, 1.079),
  ('8c8b6302-7138-5a63-b745-d6d9b184ac95', 21, 1.096),
  ('8c8b6302-7138-5a63-b745-d6d9b184ac95', 22, 1.117),
  ('8c8b6302-7138-5a63-b745-d6d9b184ac95', 23, 1.134),
  ('8c8b6302-7138-5a63-b745-d6d9b184ac95', 24, 1.16),
  ('e04699e6-9b3d-58ae-bc67-4d1c19d922aa', 0, 0.229),
  ('e04699e6-9b3d-58ae-bc67-4d1c19d922aa', 1, 0.283),
  ('e04699e6-9b3d-58ae-bc67-4d1c19d922aa', 2, 0.355),
  ('e04699e6-9b3d-58ae-bc67-4d1c19d922aa', 3, 0.425),
  ('e04699e6-9b3d-58ae-bc67-4d1c19d922aa', 4, 0.483),
  ('e04699e6-9b3d-58ae-bc67-4d1c19d922aa', 5, 0.54),
  ('e04699e6-9b3d-58ae-bc67-4d1c19d922aa', 6, 0.597),
  ('e04699e6-9b3d-58ae-bc67-4d1c19d922aa', 7, 0.648),
  ('e04699e6-9b3d-58ae-bc67-4d1c19d922aa', 8, 0.7),
  ('e04699e6-9b3d-58ae-bc67-4d1c19d922aa', 9, 0.743),
  ('e04699e6-9b3d-58ae-bc67-4d1c19d922aa', 10, 0.786),
  ('e04699e6-9b3d-58ae-bc67-4d1c19d922aa', 11, 0.836),
  ('e04699e6-9b3d-58ae-bc67-4d1c19d922aa', 12, 0.885),
  ('e04699e6-9b3d-58ae-bc67-4d1c19d922aa', 13, 0.925),
  ('e04699e6-9b3d-58ae-bc67-4d1c19d922aa', 14, 0.954),
  ('e04699e6-9b3d-58ae-bc67-4d1c19d922aa', 15, 0.976),
  ('e04699e6-9b3d-58ae-bc67-4d1c19d922aa', 16, 0.997),
  ('e04699e6-9b3d-58ae-bc67-4d1c19d922aa', 17, 1.006),
  ('e04699e6-9b3d-58ae-bc67-4d1c19d922aa', 18, 1.011),
  ('e04699e6-9b3d-58ae-bc67-4d1c19d922aa', 19, 1.018),
  ('e04699e6-9b3d-58ae-bc67-4d1c19d922aa', 20, 1.022),
  ('e04699e6-9b3d-58ae-bc67-4d1c19d922aa', 21, 1.033),
  ('e04699e6-9b3d-58ae-bc67-4d1c19d922aa', 22, 1.05),
  ('e04699e6-9b3d-58ae-bc67-4d1c19d922aa', 23, 1.073),
  ('e04699e6-9b3d-58ae-bc67-4d1c19d922aa', 24, 1.086),
  ('e34d6c4e-a422-557c-86b8-857d02d755f4', 0, 0.228),
  ('e34d6c4e-a422-557c-86b8-857d02d755f4', 1, 0.283),
  ('e34d6c4e-a422-557c-86b8-857d02d755f4', 2, 0.355),
  ('e34d6c4e-a422-557c-86b8-857d02d755f4', 3, 0.425),
  ('e34d6c4e-a422-557c-86b8-857d02d755f4', 4, 0.483),
  ('e34d6c4e-a422-557c-86b8-857d02d755f4', 5, 0.54),
  ('e34d6c4e-a422-557c-86b8-857d02d755f4', 6, 0.597),
  ('e34d6c4e-a422-557c-86b8-857d02d755f4', 7, 0.648),
  ('e34d6c4e-a422-557c-86b8-857d02d755f4', 8, 0.699),
  ('e34d6c4e-a422-557c-86b8-857d02d755f4', 9, 0.744),
  ('e34d6c4e-a422-557c-86b8-857d02d755f4', 10, 0.786),
  ('e34d6c4e-a422-557c-86b8-857d02d755f4', 11, 0.837),
  ('e34d6c4e-a422-557c-86b8-857d02d755f4', 12, 0.885),
  ('e34d6c4e-a422-557c-86b8-857d02d755f4', 13, 0.924),
  ('e34d6c4e-a422-557c-86b8-857d02d755f4', 14, 0.953),
  ('e34d6c4e-a422-557c-86b8-857d02d755f4', 15, 0.975),
  ('e34d6c4e-a422-557c-86b8-857d02d755f4', 16, 0.997),
  ('e34d6c4e-a422-557c-86b8-857d02d755f4', 17, 1.006),
  ('e34d6c4e-a422-557c-86b8-857d02d755f4', 18, 1.011),
  ('e34d6c4e-a422-557c-86b8-857d02d755f4', 19, 1.017),
  ('e34d6c4e-a422-557c-86b8-857d02d755f4', 20, 1.022),
  ('e34d6c4e-a422-557c-86b8-857d02d755f4', 21, 1.033),
  ('e34d6c4e-a422-557c-86b8-857d02d755f4', 22, 1.05),
  ('e34d6c4e-a422-557c-86b8-857d02d755f4', 23, 1.073),
  ('e34d6c4e-a422-557c-86b8-857d02d755f4', 24, 1.087);

-- ===== #F2 : 75 samples =====
insert into measurements (id, batch_id, sample_no, length, is_flagged) values
  ('98f30742-63c3-5075-a54f-9dbb5fa7d508', 'ef6822dc-7599-5750-b2c9-58bd9c5e63ef', 1, 29.124, false),
  ('b7ae9eb7-991a-5d59-a008-b56c47317b04', 'ef6822dc-7599-5750-b2c9-58bd9c5e63ef', 2, 29.193, false),
  ('72edbdf3-3ceb-591b-8736-16f6fe0da483', 'ef6822dc-7599-5750-b2c9-58bd9c5e63ef', 3, 29.143, false),
  ('1be93c30-be52-5f43-85c9-5f58950bea29', 'ef6822dc-7599-5750-b2c9-58bd9c5e63ef', 4, 29.246, false),
  ('f8aead39-6240-5a61-a4f4-f181f0343d3b', 'ef6822dc-7599-5750-b2c9-58bd9c5e63ef', 5, 29.11, false),
  ('f00d3e49-aecb-5c53-8e3e-7852bb72fa02', 'ef6822dc-7599-5750-b2c9-58bd9c5e63ef', 6, 29.179, false),
  ('8b2731b3-83e9-5152-9105-f56084c39484', 'ef6822dc-7599-5750-b2c9-58bd9c5e63ef', 7, 29.254, false),
  ('fd42ecd9-8dfd-59f1-9930-9fed22ac4f0a', 'ef6822dc-7599-5750-b2c9-58bd9c5e63ef', 8, 29.079, false),
  ('e59a9424-889e-59ef-b6f6-10b85dfa711d', 'ef6822dc-7599-5750-b2c9-58bd9c5e63ef', 9, 29.2, false),
  ('7443d055-7930-5b18-b887-a00fa94566ad', 'ef6822dc-7599-5750-b2c9-58bd9c5e63ef', 10, 29.251, false),
  ('3b04a976-cd06-507a-9c77-0c4f2cbd29ee', 'ef6822dc-7599-5750-b2c9-58bd9c5e63ef', 11, 29.275, false),
  ('eae6d521-e5ed-58c6-8c37-c53bd0c851da', 'ef6822dc-7599-5750-b2c9-58bd9c5e63ef', 12, 29.135, false),
  ('2293f78e-8a10-5c2d-8d72-fe20eaf97a29', 'ef6822dc-7599-5750-b2c9-58bd9c5e63ef', 13, 29.173, false),
  ('13de4f96-358b-5cb3-8635-77be6fd01942', 'ef6822dc-7599-5750-b2c9-58bd9c5e63ef', 14, 29.315, false),
  ('0646b00e-5712-56fa-8379-b907d247761e', 'ef6822dc-7599-5750-b2c9-58bd9c5e63ef', 15, 29.179, false),
  ('52362ccd-a357-5d22-9c09-4cf2486691f2', 'ef6822dc-7599-5750-b2c9-58bd9c5e63ef', 16, 29.263, false),
  ('4417e0bf-7411-59ef-a3c6-dbbe27a002e8', 'ef6822dc-7599-5750-b2c9-58bd9c5e63ef', 17, 29.046, false),
  ('38e908f1-757a-54f3-963a-ec73c133c85f', 'ef6822dc-7599-5750-b2c9-58bd9c5e63ef', 18, 29.094, false),
  ('83e9f6b4-50d7-5f7c-ae66-110fd7892e15', 'ef6822dc-7599-5750-b2c9-58bd9c5e63ef', 19, 29.038, false),
  ('ae64fe65-e01f-5cf5-9055-6d526aa5b58f', 'ef6822dc-7599-5750-b2c9-58bd9c5e63ef', 20, 29.181, false),
  ('d13c9fb5-a2fd-58e3-b2c2-a505301bc36b', 'ef6822dc-7599-5750-b2c9-58bd9c5e63ef', 21, 29.237, false),
  ('cbef6da9-34c3-540e-94ac-75252b82c844', 'ef6822dc-7599-5750-b2c9-58bd9c5e63ef', 22, 28.99, false),
  ('f283ef6f-aec7-5fbf-8471-4d0e3bc1b864', 'ef6822dc-7599-5750-b2c9-58bd9c5e63ef', 23, 29.248, false),
  ('70eca101-908a-501f-a57e-bde2e1012e42', 'ef6822dc-7599-5750-b2c9-58bd9c5e63ef', 24, 29.27, false),
  ('93c952b8-940f-524d-bfee-6a5aa6947b81', 'ef6822dc-7599-5750-b2c9-58bd9c5e63ef', 25, 29.258, false),
  ('f4ba64f8-a9f8-52b0-a14b-19308b0dd228', 'ef6822dc-7599-5750-b2c9-58bd9c5e63ef', 26, 29.263, false),
  ('35a8d943-d511-5d98-8a5c-23699b113e0b', 'ef6822dc-7599-5750-b2c9-58bd9c5e63ef', 27, 29.192, false),
  ('2571b58b-9fa3-5e77-b71d-ccea0fa584a1', 'ef6822dc-7599-5750-b2c9-58bd9c5e63ef', 28, 29.009, false),
  ('6fdf9866-3001-57d6-bc7a-5c8fd316051e', 'ef6822dc-7599-5750-b2c9-58bd9c5e63ef', 29, 29.448, false),
  ('6fe575de-dc39-5af5-b7c4-6aee9198fba5', 'ef6822dc-7599-5750-b2c9-58bd9c5e63ef', 30, 29.276, false),
  ('b700adbd-5b23-5d1a-9f53-0f52ac8907e9', 'ef6822dc-7599-5750-b2c9-58bd9c5e63ef', 31, 29.505, false),
  ('1861d400-d6b8-5b5b-ae1e-324ffea44b84', 'ef6822dc-7599-5750-b2c9-58bd9c5e63ef', 32, 28.885, false),
  ('9328f096-c076-5241-8f6c-05ac4a27a606', 'ef6822dc-7599-5750-b2c9-58bd9c5e63ef', 33, 29.454, false),
  ('561a67a1-4710-58f8-9bd6-ebe8ba328df9', 'ef6822dc-7599-5750-b2c9-58bd9c5e63ef', 34, 29.201, false),
  ('24b03546-c8b5-5920-986d-3426ad194c33', 'ef6822dc-7599-5750-b2c9-58bd9c5e63ef', 35, 29.318, false),
  ('56a8d426-03a1-5863-a8da-c62622636df8', 'ef6822dc-7599-5750-b2c9-58bd9c5e63ef', 36, 29.283, false),
  ('bf9f126d-3cb6-577f-bfbc-84cea022e7f6', 'ef6822dc-7599-5750-b2c9-58bd9c5e63ef', 37, 29.148, false),
  ('b9763599-8dde-5657-a151-589746a45ed1', 'ef6822dc-7599-5750-b2c9-58bd9c5e63ef', 38, 29.129, false),
  ('2868444b-53b9-5663-8658-8f62576e70d2', 'ef6822dc-7599-5750-b2c9-58bd9c5e63ef', 39, 29.458, false),
  ('5ec23e9b-5cbd-5ee1-b611-060bed33b6d6', 'ef6822dc-7599-5750-b2c9-58bd9c5e63ef', 40, 29.148, false),
  ('b272f757-69e7-5527-99c1-d8b4d047f0a9', 'ef6822dc-7599-5750-b2c9-58bd9c5e63ef', 41, 28.712, false),
  ('877d8dcc-e70d-55d9-9800-31dcbb6ab2d2', 'ef6822dc-7599-5750-b2c9-58bd9c5e63ef', 42, 29.431, false),
  ('82de7dc8-5989-55f3-a61e-1f3159a38975', 'ef6822dc-7599-5750-b2c9-58bd9c5e63ef', 43, 29.395, false),
  ('5b3031d0-5d71-57d6-843b-523873652883', 'ef6822dc-7599-5750-b2c9-58bd9c5e63ef', 44, 29.334, false),
  ('21c59b4f-142b-5c49-b86a-d0d8036d61f9', 'ef6822dc-7599-5750-b2c9-58bd9c5e63ef', 45, 29.639, false),
  ('e2b6afa2-70e2-502d-b197-17f06ae643b3', 'ef6822dc-7599-5750-b2c9-58bd9c5e63ef', 46, 29.166, false),
  ('ea738910-b769-560e-a151-1f478536dede', 'ef6822dc-7599-5750-b2c9-58bd9c5e63ef', 47, 29.36, false),
  ('3572427f-be10-5394-b727-b5401f800dd0', 'ef6822dc-7599-5750-b2c9-58bd9c5e63ef', 48, 29.321, false),
  ('f80d8306-2443-5ab8-ac79-98d5cf95281a', 'ef6822dc-7599-5750-b2c9-58bd9c5e63ef', 49, 29.217, false),
  ('15c58e43-8742-589b-919e-b43705aee50d', 'ef6822dc-7599-5750-b2c9-58bd9c5e63ef', 50, 29.149, false),
  ('7bbd9675-cec0-50cb-8311-34d6792a9c0c', 'ef6822dc-7599-5750-b2c9-58bd9c5e63ef', 51, 29.05, false),
  ('7dbfbbc0-85a3-56d6-ad07-31621f899de9', 'ef6822dc-7599-5750-b2c9-58bd9c5e63ef', 52, 29.155, false),
  ('6b845a24-a9d7-550d-8ab0-16286211b25b', 'ef6822dc-7599-5750-b2c9-58bd9c5e63ef', 53, 29.521, false),
  ('5ff9b3c1-0651-5917-ad35-693351070d7b', 'ef6822dc-7599-5750-b2c9-58bd9c5e63ef', 54, 29.317, false),
  ('b960cdf0-a0c6-531b-8234-31a34f087248', 'ef6822dc-7599-5750-b2c9-58bd9c5e63ef', 55, 29.283, false),
  ('a0f42dc5-035f-5a76-b16c-23d76f2757f0', 'ef6822dc-7599-5750-b2c9-58bd9c5e63ef', 56, 29.255, false),
  ('bde388a0-e75a-50ec-8fa2-8fdf33a0b4f8', 'ef6822dc-7599-5750-b2c9-58bd9c5e63ef', 57, 29.417, false),
  ('889763f8-913c-51ae-bc4f-9c9f67ebf058', 'ef6822dc-7599-5750-b2c9-58bd9c5e63ef', 58, 29.245, false),
  ('350aecf6-d085-539f-bad0-6cf172383147', 'ef6822dc-7599-5750-b2c9-58bd9c5e63ef', 59, 29.527, false),
  ('5e6b21af-44a1-5ad0-8f30-eb125cbea977', 'ef6822dc-7599-5750-b2c9-58bd9c5e63ef', 60, 29.503, false),
  ('670ad623-5b19-5660-9788-23c16665644f', 'ef6822dc-7599-5750-b2c9-58bd9c5e63ef', 61, 29.546, false),
  ('beeaa00c-3f45-556e-985c-cabd81f4637d', 'ef6822dc-7599-5750-b2c9-58bd9c5e63ef', 62, 29.232, false),
  ('18d68f60-f516-5af3-9890-a45b8c992a52', 'ef6822dc-7599-5750-b2c9-58bd9c5e63ef', 63, 29.16, false),
  ('093afc8e-991b-5452-94cb-5c8d07e3d94c', 'ef6822dc-7599-5750-b2c9-58bd9c5e63ef', 64, 29.379, false),
  ('e0a150a2-fdfe-5b09-89b1-228378e16201', 'ef6822dc-7599-5750-b2c9-58bd9c5e63ef', 65, 29.313, false),
  ('b87cf111-c6b0-515d-880a-abb35d799945', 'ef6822dc-7599-5750-b2c9-58bd9c5e63ef', 66, 29.195, false),
  ('4cd5a9bb-c98c-58fd-8b87-0b0b7d069429', 'ef6822dc-7599-5750-b2c9-58bd9c5e63ef', 67, 29.151, false),
  ('a2840ede-8358-55f0-9d96-36ee478a31a9', 'ef6822dc-7599-5750-b2c9-58bd9c5e63ef', 68, 29.269, false),
  ('44e5e0a0-d62b-5ab4-a14e-c3513776f53b', 'ef6822dc-7599-5750-b2c9-58bd9c5e63ef', 69, 29.242, false),
  ('9fec26c4-959b-5d81-938e-e72438c42997', 'ef6822dc-7599-5750-b2c9-58bd9c5e63ef', 70, 28.712, false),
  ('256307be-42f3-5c46-ba08-49b694108145', 'ef6822dc-7599-5750-b2c9-58bd9c5e63ef', 71, 29.639, false),
  ('99c1051b-3f25-5c33-aa6a-0ae8e6ee1349', 'ef6822dc-7599-5750-b2c9-58bd9c5e63ef', 72, 28.924, false),
  ('04fcf920-0e70-57c5-a111-a696e8c3eea5', 'ef6822dc-7599-5750-b2c9-58bd9c5e63ef', 73, 29.559, false),
  ('00e5ae0d-3d9f-538e-b312-3c5e76e82a69', 'ef6822dc-7599-5750-b2c9-58bd9c5e63ef', 74, 29.242, false),
  ('ed1d8b2b-0b3a-5ba6-a40d-319ebcffa1ff', 'ef6822dc-7599-5750-b2c9-58bd9c5e63ef', 75, 29.244, false);
insert into measurement_points (measurement_id, point_index, value) values
  ('98f30742-63c3-5075-a54f-9dbb5fa7d508', 0, 0.252),
  ('98f30742-63c3-5075-a54f-9dbb5fa7d508', 1, 0.314),
  ('98f30742-63c3-5075-a54f-9dbb5fa7d508', 2, 0.396),
  ('98f30742-63c3-5075-a54f-9dbb5fa7d508', 3, 0.476),
  ('98f30742-63c3-5075-a54f-9dbb5fa7d508', 4, 0.533),
  ('98f30742-63c3-5075-a54f-9dbb5fa7d508', 5, 0.58),
  ('98f30742-63c3-5075-a54f-9dbb5fa7d508', 6, 0.625),
  ('98f30742-63c3-5075-a54f-9dbb5fa7d508', 7, 0.664),
  ('98f30742-63c3-5075-a54f-9dbb5fa7d508', 8, 0.705),
  ('98f30742-63c3-5075-a54f-9dbb5fa7d508', 9, 0.749),
  ('98f30742-63c3-5075-a54f-9dbb5fa7d508', 10, 0.793),
  ('98f30742-63c3-5075-a54f-9dbb5fa7d508', 11, 0.82),
  ('98f30742-63c3-5075-a54f-9dbb5fa7d508', 12, 0.85),
  ('98f30742-63c3-5075-a54f-9dbb5fa7d508', 13, 0.887),
  ('98f30742-63c3-5075-a54f-9dbb5fa7d508', 14, 0.911),
  ('98f30742-63c3-5075-a54f-9dbb5fa7d508', 15, 0.95),
  ('98f30742-63c3-5075-a54f-9dbb5fa7d508', 16, 1.004),
  ('98f30742-63c3-5075-a54f-9dbb5fa7d508', 17, 1.011),
  ('98f30742-63c3-5075-a54f-9dbb5fa7d508', 18, 1.028),
  ('98f30742-63c3-5075-a54f-9dbb5fa7d508', 19, 1.037),
  ('98f30742-63c3-5075-a54f-9dbb5fa7d508', 20, 1.018),
  ('98f30742-63c3-5075-a54f-9dbb5fa7d508', 21, 1.045),
  ('98f30742-63c3-5075-a54f-9dbb5fa7d508', 22, 1.043),
  ('98f30742-63c3-5075-a54f-9dbb5fa7d508', 23, 1.045),
  ('98f30742-63c3-5075-a54f-9dbb5fa7d508', 24, 1.063),
  ('b7ae9eb7-991a-5d59-a008-b56c47317b04', 0, 0.234),
  ('b7ae9eb7-991a-5d59-a008-b56c47317b04', 1, 0.315),
  ('b7ae9eb7-991a-5d59-a008-b56c47317b04', 2, 0.394),
  ('b7ae9eb7-991a-5d59-a008-b56c47317b04', 3, 0.481),
  ('b7ae9eb7-991a-5d59-a008-b56c47317b04', 4, 0.535),
  ('b7ae9eb7-991a-5d59-a008-b56c47317b04', 5, 0.579),
  ('b7ae9eb7-991a-5d59-a008-b56c47317b04', 6, 0.628),
  ('b7ae9eb7-991a-5d59-a008-b56c47317b04', 7, 0.669),
  ('b7ae9eb7-991a-5d59-a008-b56c47317b04', 8, 0.71),
  ('b7ae9eb7-991a-5d59-a008-b56c47317b04', 9, 0.753),
  ('b7ae9eb7-991a-5d59-a008-b56c47317b04', 10, 0.785),
  ('b7ae9eb7-991a-5d59-a008-b56c47317b04', 11, 0.828),
  ('b7ae9eb7-991a-5d59-a008-b56c47317b04', 12, 0.854),
  ('b7ae9eb7-991a-5d59-a008-b56c47317b04', 13, 0.878),
  ('b7ae9eb7-991a-5d59-a008-b56c47317b04', 14, 0.921),
  ('b7ae9eb7-991a-5d59-a008-b56c47317b04', 15, 0.959),
  ('b7ae9eb7-991a-5d59-a008-b56c47317b04', 16, 1.006),
  ('b7ae9eb7-991a-5d59-a008-b56c47317b04', 17, 1.018),
  ('b7ae9eb7-991a-5d59-a008-b56c47317b04', 18, 1.016),
  ('b7ae9eb7-991a-5d59-a008-b56c47317b04', 19, 1.018),
  ('b7ae9eb7-991a-5d59-a008-b56c47317b04', 20, 1.025),
  ('b7ae9eb7-991a-5d59-a008-b56c47317b04', 21, 1.018),
  ('b7ae9eb7-991a-5d59-a008-b56c47317b04', 22, 1.003),
  ('b7ae9eb7-991a-5d59-a008-b56c47317b04', 23, 1.077),
  ('b7ae9eb7-991a-5d59-a008-b56c47317b04', 24, 1.087),
  ('72edbdf3-3ceb-591b-8736-16f6fe0da483', 0, 0.249),
  ('72edbdf3-3ceb-591b-8736-16f6fe0da483', 1, 0.32),
  ('72edbdf3-3ceb-591b-8736-16f6fe0da483', 2, 0.405),
  ('72edbdf3-3ceb-591b-8736-16f6fe0da483', 3, 0.471),
  ('72edbdf3-3ceb-591b-8736-16f6fe0da483', 4, 0.533),
  ('72edbdf3-3ceb-591b-8736-16f6fe0da483', 5, 0.58),
  ('72edbdf3-3ceb-591b-8736-16f6fe0da483', 6, 0.627),
  ('72edbdf3-3ceb-591b-8736-16f6fe0da483', 7, 0.677),
  ('72edbdf3-3ceb-591b-8736-16f6fe0da483', 8, 0.721),
  ('72edbdf3-3ceb-591b-8736-16f6fe0da483', 9, 0.767),
  ('72edbdf3-3ceb-591b-8736-16f6fe0da483', 10, 0.804),
  ('72edbdf3-3ceb-591b-8736-16f6fe0da483', 11, 0.83),
  ('72edbdf3-3ceb-591b-8736-16f6fe0da483', 12, 0.867),
  ('72edbdf3-3ceb-591b-8736-16f6fe0da483', 13, 0.907),
  ('72edbdf3-3ceb-591b-8736-16f6fe0da483', 14, 0.944),
  ('72edbdf3-3ceb-591b-8736-16f6fe0da483', 15, 0.98),
  ('72edbdf3-3ceb-591b-8736-16f6fe0da483', 16, 1.011),
  ('72edbdf3-3ceb-591b-8736-16f6fe0da483', 17, 1.031),
  ('72edbdf3-3ceb-591b-8736-16f6fe0da483', 18, 1.047),
  ('72edbdf3-3ceb-591b-8736-16f6fe0da483', 19, 1.072),
  ('72edbdf3-3ceb-591b-8736-16f6fe0da483', 20, 1.098),
  ('72edbdf3-3ceb-591b-8736-16f6fe0da483', 21, 1.078),
  ('72edbdf3-3ceb-591b-8736-16f6fe0da483', 22, 1.053),
  ('72edbdf3-3ceb-591b-8736-16f6fe0da483', 23, 1.051),
  ('72edbdf3-3ceb-591b-8736-16f6fe0da483', 24, 1.096),
  ('1be93c30-be52-5f43-85c9-5f58950bea29', 0, 0.248),
  ('1be93c30-be52-5f43-85c9-5f58950bea29', 1, 0.331),
  ('1be93c30-be52-5f43-85c9-5f58950bea29', 2, 0.419),
  ('1be93c30-be52-5f43-85c9-5f58950bea29', 3, 0.485),
  ('1be93c30-be52-5f43-85c9-5f58950bea29', 4, 0.538),
  ('1be93c30-be52-5f43-85c9-5f58950bea29', 5, 0.589),
  ('1be93c30-be52-5f43-85c9-5f58950bea29', 6, 0.633),
  ('1be93c30-be52-5f43-85c9-5f58950bea29', 7, 0.678),
  ('1be93c30-be52-5f43-85c9-5f58950bea29', 8, 0.728),
  ('1be93c30-be52-5f43-85c9-5f58950bea29', 9, 0.767),
  ('1be93c30-be52-5f43-85c9-5f58950bea29', 10, 0.812),
  ('1be93c30-be52-5f43-85c9-5f58950bea29', 11, 0.844),
  ('1be93c30-be52-5f43-85c9-5f58950bea29', 12, 0.883),
  ('1be93c30-be52-5f43-85c9-5f58950bea29', 13, 0.912),
  ('1be93c30-be52-5f43-85c9-5f58950bea29', 14, 0.956),
  ('1be93c30-be52-5f43-85c9-5f58950bea29', 15, 0.968),
  ('1be93c30-be52-5f43-85c9-5f58950bea29', 16, 1.01),
  ('1be93c30-be52-5f43-85c9-5f58950bea29', 17, 1.031),
  ('1be93c30-be52-5f43-85c9-5f58950bea29', 18, 1.031),
  ('1be93c30-be52-5f43-85c9-5f58950bea29', 19, 1.036),
  ('1be93c30-be52-5f43-85c9-5f58950bea29', 20, 1.033),
  ('1be93c30-be52-5f43-85c9-5f58950bea29', 21, 1.03),
  ('1be93c30-be52-5f43-85c9-5f58950bea29', 22, 1.058),
  ('1be93c30-be52-5f43-85c9-5f58950bea29', 23, 1.084),
  ('1be93c30-be52-5f43-85c9-5f58950bea29', 24, 1.096),
  ('f8aead39-6240-5a61-a4f4-f181f0343d3b', 0, 0.243),
  ('f8aead39-6240-5a61-a4f4-f181f0343d3b', 1, 0.332),
  ('f8aead39-6240-5a61-a4f4-f181f0343d3b', 2, 0.407),
  ('f8aead39-6240-5a61-a4f4-f181f0343d3b', 3, 0.479),
  ('f8aead39-6240-5a61-a4f4-f181f0343d3b', 4, 0.544),
  ('f8aead39-6240-5a61-a4f4-f181f0343d3b', 5, 0.594),
  ('f8aead39-6240-5a61-a4f4-f181f0343d3b', 6, 0.634),
  ('f8aead39-6240-5a61-a4f4-f181f0343d3b', 7, 0.672),
  ('f8aead39-6240-5a61-a4f4-f181f0343d3b', 8, 0.725),
  ('f8aead39-6240-5a61-a4f4-f181f0343d3b', 9, 0.768),
  ('f8aead39-6240-5a61-a4f4-f181f0343d3b', 10, 0.798),
  ('f8aead39-6240-5a61-a4f4-f181f0343d3b', 11, 0.833),
  ('f8aead39-6240-5a61-a4f4-f181f0343d3b', 12, 0.863),
  ('f8aead39-6240-5a61-a4f4-f181f0343d3b', 13, 0.88),
  ('f8aead39-6240-5a61-a4f4-f181f0343d3b', 14, 0.924),
  ('f8aead39-6240-5a61-a4f4-f181f0343d3b', 15, 0.969),
  ('f8aead39-6240-5a61-a4f4-f181f0343d3b', 16, 0.987),
  ('f8aead39-6240-5a61-a4f4-f181f0343d3b', 17, 1.018),
  ('f8aead39-6240-5a61-a4f4-f181f0343d3b', 18, 1.017),
  ('f8aead39-6240-5a61-a4f4-f181f0343d3b', 19, 1.029),
  ('f8aead39-6240-5a61-a4f4-f181f0343d3b', 20, 1.031),
  ('f8aead39-6240-5a61-a4f4-f181f0343d3b', 21, 1.022),
  ('f8aead39-6240-5a61-a4f4-f181f0343d3b', 22, 1.023),
  ('f8aead39-6240-5a61-a4f4-f181f0343d3b', 23, 1.055),
  ('f8aead39-6240-5a61-a4f4-f181f0343d3b', 24, 1.097),
  ('f00d3e49-aecb-5c53-8e3e-7852bb72fa02', 0, 0.248),
  ('f00d3e49-aecb-5c53-8e3e-7852bb72fa02', 1, 0.328),
  ('f00d3e49-aecb-5c53-8e3e-7852bb72fa02', 2, 0.41),
  ('f00d3e49-aecb-5c53-8e3e-7852bb72fa02', 3, 0.486),
  ('f00d3e49-aecb-5c53-8e3e-7852bb72fa02', 4, 0.542),
  ('f00d3e49-aecb-5c53-8e3e-7852bb72fa02', 5, 0.59),
  ('f00d3e49-aecb-5c53-8e3e-7852bb72fa02', 6, 0.635),
  ('f00d3e49-aecb-5c53-8e3e-7852bb72fa02', 7, 0.686),
  ('f00d3e49-aecb-5c53-8e3e-7852bb72fa02', 8, 0.726),
  ('f00d3e49-aecb-5c53-8e3e-7852bb72fa02', 9, 0.772),
  ('f00d3e49-aecb-5c53-8e3e-7852bb72fa02', 10, 0.808),
  ('f00d3e49-aecb-5c53-8e3e-7852bb72fa02', 11, 0.841),
  ('f00d3e49-aecb-5c53-8e3e-7852bb72fa02', 12, 0.863),
  ('f00d3e49-aecb-5c53-8e3e-7852bb72fa02', 13, 0.909),
  ('f00d3e49-aecb-5c53-8e3e-7852bb72fa02', 14, 0.943),
  ('f00d3e49-aecb-5c53-8e3e-7852bb72fa02', 15, 0.979),
  ('f00d3e49-aecb-5c53-8e3e-7852bb72fa02', 16, 1.009),
  ('f00d3e49-aecb-5c53-8e3e-7852bb72fa02', 17, 1.038),
  ('f00d3e49-aecb-5c53-8e3e-7852bb72fa02', 18, 1.043),
  ('f00d3e49-aecb-5c53-8e3e-7852bb72fa02', 19, 1.024),
  ('f00d3e49-aecb-5c53-8e3e-7852bb72fa02', 20, 1.029),
  ('f00d3e49-aecb-5c53-8e3e-7852bb72fa02', 21, 1.068),
  ('f00d3e49-aecb-5c53-8e3e-7852bb72fa02', 22, 1.081),
  ('f00d3e49-aecb-5c53-8e3e-7852bb72fa02', 23, 1.082),
  ('f00d3e49-aecb-5c53-8e3e-7852bb72fa02', 24, 1.103),
  ('8b2731b3-83e9-5152-9105-f56084c39484', 0, 0.243),
  ('8b2731b3-83e9-5152-9105-f56084c39484', 1, 0.335),
  ('8b2731b3-83e9-5152-9105-f56084c39484', 2, 0.404),
  ('8b2731b3-83e9-5152-9105-f56084c39484', 3, 0.48),
  ('8b2731b3-83e9-5152-9105-f56084c39484', 4, 0.539),
  ('8b2731b3-83e9-5152-9105-f56084c39484', 5, 0.577),
  ('8b2731b3-83e9-5152-9105-f56084c39484', 6, 0.624),
  ('8b2731b3-83e9-5152-9105-f56084c39484', 7, 0.667),
  ('8b2731b3-83e9-5152-9105-f56084c39484', 8, 0.716),
  ('8b2731b3-83e9-5152-9105-f56084c39484', 9, 0.757),
  ('8b2731b3-83e9-5152-9105-f56084c39484', 10, 0.793),
  ('8b2731b3-83e9-5152-9105-f56084c39484', 11, 0.827),
  ('8b2731b3-83e9-5152-9105-f56084c39484', 12, 0.866),
  ('8b2731b3-83e9-5152-9105-f56084c39484', 13, 0.89),
  ('8b2731b3-83e9-5152-9105-f56084c39484', 14, 0.906),
  ('8b2731b3-83e9-5152-9105-f56084c39484', 15, 0.941),
  ('8b2731b3-83e9-5152-9105-f56084c39484', 16, 0.979),
  ('8b2731b3-83e9-5152-9105-f56084c39484', 17, 0.999),
  ('8b2731b3-83e9-5152-9105-f56084c39484', 18, 1.011),
  ('8b2731b3-83e9-5152-9105-f56084c39484', 19, 1.026),
  ('8b2731b3-83e9-5152-9105-f56084c39484', 20, 1.044),
  ('8b2731b3-83e9-5152-9105-f56084c39484', 21, 1.052),
  ('8b2731b3-83e9-5152-9105-f56084c39484', 22, 1.03),
  ('8b2731b3-83e9-5152-9105-f56084c39484', 23, 1.035),
  ('8b2731b3-83e9-5152-9105-f56084c39484', 24, 1.051),
  ('fd42ecd9-8dfd-59f1-9930-9fed22ac4f0a', 0, 0.241),
  ('fd42ecd9-8dfd-59f1-9930-9fed22ac4f0a', 1, 0.322),
  ('fd42ecd9-8dfd-59f1-9930-9fed22ac4f0a', 2, 0.399),
  ('fd42ecd9-8dfd-59f1-9930-9fed22ac4f0a', 3, 0.479),
  ('fd42ecd9-8dfd-59f1-9930-9fed22ac4f0a', 4, 0.537),
  ('fd42ecd9-8dfd-59f1-9930-9fed22ac4f0a', 5, 0.578),
  ('fd42ecd9-8dfd-59f1-9930-9fed22ac4f0a', 6, 0.625),
  ('fd42ecd9-8dfd-59f1-9930-9fed22ac4f0a', 7, 0.67),
  ('fd42ecd9-8dfd-59f1-9930-9fed22ac4f0a', 8, 0.713),
  ('fd42ecd9-8dfd-59f1-9930-9fed22ac4f0a', 9, 0.76),
  ('fd42ecd9-8dfd-59f1-9930-9fed22ac4f0a', 10, 0.805),
  ('fd42ecd9-8dfd-59f1-9930-9fed22ac4f0a', 11, 0.835),
  ('fd42ecd9-8dfd-59f1-9930-9fed22ac4f0a', 12, 0.867),
  ('fd42ecd9-8dfd-59f1-9930-9fed22ac4f0a', 13, 0.907),
  ('fd42ecd9-8dfd-59f1-9930-9fed22ac4f0a', 14, 0.943),
  ('fd42ecd9-8dfd-59f1-9930-9fed22ac4f0a', 15, 0.972),
  ('fd42ecd9-8dfd-59f1-9930-9fed22ac4f0a', 16, 0.998),
  ('fd42ecd9-8dfd-59f1-9930-9fed22ac4f0a', 17, 1.031),
  ('fd42ecd9-8dfd-59f1-9930-9fed22ac4f0a', 18, 1.016),
  ('fd42ecd9-8dfd-59f1-9930-9fed22ac4f0a', 19, 1.019),
  ('fd42ecd9-8dfd-59f1-9930-9fed22ac4f0a', 20, 1.036),
  ('fd42ecd9-8dfd-59f1-9930-9fed22ac4f0a', 21, 1.059),
  ('fd42ecd9-8dfd-59f1-9930-9fed22ac4f0a', 22, 1.046),
  ('fd42ecd9-8dfd-59f1-9930-9fed22ac4f0a', 23, 1.081),
  ('fd42ecd9-8dfd-59f1-9930-9fed22ac4f0a', 24, 1.07),
  ('e59a9424-889e-59ef-b6f6-10b85dfa711d', 0, 0.244),
  ('e59a9424-889e-59ef-b6f6-10b85dfa711d', 1, 0.329),
  ('e59a9424-889e-59ef-b6f6-10b85dfa711d', 2, 0.406),
  ('e59a9424-889e-59ef-b6f6-10b85dfa711d', 3, 0.488),
  ('e59a9424-889e-59ef-b6f6-10b85dfa711d', 4, 0.549),
  ('e59a9424-889e-59ef-b6f6-10b85dfa711d', 5, 0.597),
  ('e59a9424-889e-59ef-b6f6-10b85dfa711d', 6, 0.639),
  ('e59a9424-889e-59ef-b6f6-10b85dfa711d', 7, 0.684),
  ('e59a9424-889e-59ef-b6f6-10b85dfa711d', 8, 0.74),
  ('e59a9424-889e-59ef-b6f6-10b85dfa711d', 9, 0.779),
  ('e59a9424-889e-59ef-b6f6-10b85dfa711d', 10, 0.818),
  ('e59a9424-889e-59ef-b6f6-10b85dfa711d', 11, 0.855),
  ('e59a9424-889e-59ef-b6f6-10b85dfa711d', 12, 0.888),
  ('e59a9424-889e-59ef-b6f6-10b85dfa711d', 13, 0.905),
  ('e59a9424-889e-59ef-b6f6-10b85dfa711d', 14, 0.944),
  ('e59a9424-889e-59ef-b6f6-10b85dfa711d', 15, 0.989),
  ('e59a9424-889e-59ef-b6f6-10b85dfa711d', 16, 1.013),
  ('e59a9424-889e-59ef-b6f6-10b85dfa711d', 17, 1.036),
  ('e59a9424-889e-59ef-b6f6-10b85dfa711d', 18, 1.056),
  ('e59a9424-889e-59ef-b6f6-10b85dfa711d', 19, 1.066),
  ('e59a9424-889e-59ef-b6f6-10b85dfa711d', 20, 1.078),
  ('e59a9424-889e-59ef-b6f6-10b85dfa711d', 21, 1.046),
  ('e59a9424-889e-59ef-b6f6-10b85dfa711d', 22, 1.031),
  ('e59a9424-889e-59ef-b6f6-10b85dfa711d', 23, 1.112),
  ('e59a9424-889e-59ef-b6f6-10b85dfa711d', 24, 1.107),
  ('7443d055-7930-5b18-b887-a00fa94566ad', 0, 0.238),
  ('7443d055-7930-5b18-b887-a00fa94566ad', 1, 0.326),
  ('7443d055-7930-5b18-b887-a00fa94566ad', 2, 0.406),
  ('7443d055-7930-5b18-b887-a00fa94566ad', 3, 0.476),
  ('7443d055-7930-5b18-b887-a00fa94566ad', 4, 0.545),
  ('7443d055-7930-5b18-b887-a00fa94566ad', 5, 0.588),
  ('7443d055-7930-5b18-b887-a00fa94566ad', 6, 0.638),
  ('7443d055-7930-5b18-b887-a00fa94566ad', 7, 0.686),
  ('7443d055-7930-5b18-b887-a00fa94566ad', 8, 0.738),
  ('7443d055-7930-5b18-b887-a00fa94566ad', 9, 0.772),
  ('7443d055-7930-5b18-b887-a00fa94566ad', 10, 0.809),
  ('7443d055-7930-5b18-b887-a00fa94566ad', 11, 0.845),
  ('7443d055-7930-5b18-b887-a00fa94566ad', 12, 0.88),
  ('7443d055-7930-5b18-b887-a00fa94566ad', 13, 0.914),
  ('7443d055-7930-5b18-b887-a00fa94566ad', 14, 0.934),
  ('7443d055-7930-5b18-b887-a00fa94566ad', 15, 0.966),
  ('7443d055-7930-5b18-b887-a00fa94566ad', 16, 1.022),
  ('7443d055-7930-5b18-b887-a00fa94566ad', 17, 1.041),
  ('7443d055-7930-5b18-b887-a00fa94566ad', 18, 1.011),
  ('7443d055-7930-5b18-b887-a00fa94566ad', 19, 0.997),
  ('7443d055-7930-5b18-b887-a00fa94566ad', 20, 1.005),
  ('7443d055-7930-5b18-b887-a00fa94566ad', 21, 0.999),
  ('7443d055-7930-5b18-b887-a00fa94566ad', 22, 1.031),
  ('7443d055-7930-5b18-b887-a00fa94566ad', 23, 1.068),
  ('7443d055-7930-5b18-b887-a00fa94566ad', 24, 1.094),
  ('3b04a976-cd06-507a-9c77-0c4f2cbd29ee', 0, 0.252),
  ('3b04a976-cd06-507a-9c77-0c4f2cbd29ee', 1, 0.35),
  ('3b04a976-cd06-507a-9c77-0c4f2cbd29ee', 2, 0.422),
  ('3b04a976-cd06-507a-9c77-0c4f2cbd29ee', 3, 0.486),
  ('3b04a976-cd06-507a-9c77-0c4f2cbd29ee', 4, 0.543),
  ('3b04a976-cd06-507a-9c77-0c4f2cbd29ee', 5, 0.579),
  ('3b04a976-cd06-507a-9c77-0c4f2cbd29ee', 6, 0.638),
  ('3b04a976-cd06-507a-9c77-0c4f2cbd29ee', 7, 0.686),
  ('3b04a976-cd06-507a-9c77-0c4f2cbd29ee', 8, 0.731),
  ('3b04a976-cd06-507a-9c77-0c4f2cbd29ee', 9, 0.772),
  ('3b04a976-cd06-507a-9c77-0c4f2cbd29ee', 10, 0.796),
  ('3b04a976-cd06-507a-9c77-0c4f2cbd29ee', 11, 0.84),
  ('3b04a976-cd06-507a-9c77-0c4f2cbd29ee', 12, 0.867),
  ('3b04a976-cd06-507a-9c77-0c4f2cbd29ee', 13, 0.908),
  ('3b04a976-cd06-507a-9c77-0c4f2cbd29ee', 14, 0.927),
  ('3b04a976-cd06-507a-9c77-0c4f2cbd29ee', 15, 0.966),
  ('3b04a976-cd06-507a-9c77-0c4f2cbd29ee', 16, 0.99),
  ('3b04a976-cd06-507a-9c77-0c4f2cbd29ee', 17, 1.017),
  ('3b04a976-cd06-507a-9c77-0c4f2cbd29ee', 18, 1.022),
  ('3b04a976-cd06-507a-9c77-0c4f2cbd29ee', 19, 1.024),
  ('3b04a976-cd06-507a-9c77-0c4f2cbd29ee', 20, 1.047),
  ('3b04a976-cd06-507a-9c77-0c4f2cbd29ee', 21, 1.044),
  ('3b04a976-cd06-507a-9c77-0c4f2cbd29ee', 22, 1.033),
  ('3b04a976-cd06-507a-9c77-0c4f2cbd29ee', 23, 1.032),
  ('3b04a976-cd06-507a-9c77-0c4f2cbd29ee', 24, 1.081),
  ('eae6d521-e5ed-58c6-8c37-c53bd0c851da', 0, 0.28),
  ('eae6d521-e5ed-58c6-8c37-c53bd0c851da', 1, 0.326),
  ('eae6d521-e5ed-58c6-8c37-c53bd0c851da', 2, 0.407),
  ('eae6d521-e5ed-58c6-8c37-c53bd0c851da', 3, 0.49),
  ('eae6d521-e5ed-58c6-8c37-c53bd0c851da', 4, 0.543),
  ('eae6d521-e5ed-58c6-8c37-c53bd0c851da', 5, 0.596),
  ('eae6d521-e5ed-58c6-8c37-c53bd0c851da', 6, 0.641),
  ('eae6d521-e5ed-58c6-8c37-c53bd0c851da', 7, 0.684),
  ('eae6d521-e5ed-58c6-8c37-c53bd0c851da', 8, 0.722),
  ('eae6d521-e5ed-58c6-8c37-c53bd0c851da', 9, 0.763),
  ('eae6d521-e5ed-58c6-8c37-c53bd0c851da', 10, 0.785),
  ('eae6d521-e5ed-58c6-8c37-c53bd0c851da', 11, 0.83),
  ('eae6d521-e5ed-58c6-8c37-c53bd0c851da', 12, 0.878),
  ('eae6d521-e5ed-58c6-8c37-c53bd0c851da', 13, 0.929),
  ('eae6d521-e5ed-58c6-8c37-c53bd0c851da', 14, 0.974),
  ('eae6d521-e5ed-58c6-8c37-c53bd0c851da', 15, 0.999),
  ('eae6d521-e5ed-58c6-8c37-c53bd0c851da', 16, 1.026),
  ('eae6d521-e5ed-58c6-8c37-c53bd0c851da', 17, 1.041),
  ('eae6d521-e5ed-58c6-8c37-c53bd0c851da', 18, 1.058),
  ('eae6d521-e5ed-58c6-8c37-c53bd0c851da', 19, 1.029),
  ('eae6d521-e5ed-58c6-8c37-c53bd0c851da', 20, 1.025),
  ('eae6d521-e5ed-58c6-8c37-c53bd0c851da', 21, 1.052),
  ('eae6d521-e5ed-58c6-8c37-c53bd0c851da', 22, 1.095),
  ('eae6d521-e5ed-58c6-8c37-c53bd0c851da', 23, 1.049),
  ('eae6d521-e5ed-58c6-8c37-c53bd0c851da', 24, 1.117),
  ('2293f78e-8a10-5c2d-8d72-fe20eaf97a29', 0, 0.247),
  ('2293f78e-8a10-5c2d-8d72-fe20eaf97a29', 1, 0.346),
  ('2293f78e-8a10-5c2d-8d72-fe20eaf97a29', 2, 0.422),
  ('2293f78e-8a10-5c2d-8d72-fe20eaf97a29', 3, 0.49),
  ('2293f78e-8a10-5c2d-8d72-fe20eaf97a29', 4, 0.553),
  ('2293f78e-8a10-5c2d-8d72-fe20eaf97a29', 5, 0.593),
  ('2293f78e-8a10-5c2d-8d72-fe20eaf97a29', 6, 0.637),
  ('2293f78e-8a10-5c2d-8d72-fe20eaf97a29', 7, 0.685),
  ('2293f78e-8a10-5c2d-8d72-fe20eaf97a29', 8, 0.723),
  ('2293f78e-8a10-5c2d-8d72-fe20eaf97a29', 9, 0.774),
  ('2293f78e-8a10-5c2d-8d72-fe20eaf97a29', 10, 0.804),
  ('2293f78e-8a10-5c2d-8d72-fe20eaf97a29', 11, 0.849),
  ('2293f78e-8a10-5c2d-8d72-fe20eaf97a29', 12, 0.879),
  ('2293f78e-8a10-5c2d-8d72-fe20eaf97a29', 13, 0.921),
  ('2293f78e-8a10-5c2d-8d72-fe20eaf97a29', 14, 0.932),
  ('2293f78e-8a10-5c2d-8d72-fe20eaf97a29', 15, 0.986),
  ('2293f78e-8a10-5c2d-8d72-fe20eaf97a29', 16, 0.996),
  ('2293f78e-8a10-5c2d-8d72-fe20eaf97a29', 17, 1.006),
  ('2293f78e-8a10-5c2d-8d72-fe20eaf97a29', 18, 1.042),
  ('2293f78e-8a10-5c2d-8d72-fe20eaf97a29', 19, 1.012),
  ('2293f78e-8a10-5c2d-8d72-fe20eaf97a29', 20, 1.001),
  ('2293f78e-8a10-5c2d-8d72-fe20eaf97a29', 21, 1.016),
  ('2293f78e-8a10-5c2d-8d72-fe20eaf97a29', 22, 1.035),
  ('2293f78e-8a10-5c2d-8d72-fe20eaf97a29', 23, 1.047),
  ('2293f78e-8a10-5c2d-8d72-fe20eaf97a29', 24, 1.051),
  ('13de4f96-358b-5cb3-8635-77be6fd01942', 0, 0.248),
  ('13de4f96-358b-5cb3-8635-77be6fd01942', 1, 0.319),
  ('13de4f96-358b-5cb3-8635-77be6fd01942', 2, 0.4),
  ('13de4f96-358b-5cb3-8635-77be6fd01942', 3, 0.481),
  ('13de4f96-358b-5cb3-8635-77be6fd01942', 4, 0.531),
  ('13de4f96-358b-5cb3-8635-77be6fd01942', 5, 0.578),
  ('13de4f96-358b-5cb3-8635-77be6fd01942', 6, 0.619),
  ('13de4f96-358b-5cb3-8635-77be6fd01942', 7, 0.66),
  ('13de4f96-358b-5cb3-8635-77be6fd01942', 8, 0.703),
  ('13de4f96-358b-5cb3-8635-77be6fd01942', 9, 0.754),
  ('13de4f96-358b-5cb3-8635-77be6fd01942', 10, 0.797),
  ('13de4f96-358b-5cb3-8635-77be6fd01942', 11, 0.83),
  ('13de4f96-358b-5cb3-8635-77be6fd01942', 12, 0.883),
  ('13de4f96-358b-5cb3-8635-77be6fd01942', 13, 0.917),
  ('13de4f96-358b-5cb3-8635-77be6fd01942', 14, 0.943),
  ('13de4f96-358b-5cb3-8635-77be6fd01942', 15, 0.977),
  ('13de4f96-358b-5cb3-8635-77be6fd01942', 16, 1.004),
  ('13de4f96-358b-5cb3-8635-77be6fd01942', 17, 1.018),
  ('13de4f96-358b-5cb3-8635-77be6fd01942', 18, 1.026),
  ('13de4f96-358b-5cb3-8635-77be6fd01942', 19, 1.05),
  ('13de4f96-358b-5cb3-8635-77be6fd01942', 20, 1.009),
  ('13de4f96-358b-5cb3-8635-77be6fd01942', 21, 0.995),
  ('13de4f96-358b-5cb3-8635-77be6fd01942', 22, 1.091),
  ('13de4f96-358b-5cb3-8635-77be6fd01942', 23, 1.094),
  ('13de4f96-358b-5cb3-8635-77be6fd01942', 24, 1.125),
  ('0646b00e-5712-56fa-8379-b907d247761e', 0, 0.243),
  ('0646b00e-5712-56fa-8379-b907d247761e', 1, 0.328),
  ('0646b00e-5712-56fa-8379-b907d247761e', 2, 0.41),
  ('0646b00e-5712-56fa-8379-b907d247761e', 3, 0.486),
  ('0646b00e-5712-56fa-8379-b907d247761e', 4, 0.537),
  ('0646b00e-5712-56fa-8379-b907d247761e', 5, 0.587),
  ('0646b00e-5712-56fa-8379-b907d247761e', 6, 0.626),
  ('0646b00e-5712-56fa-8379-b907d247761e', 7, 0.682),
  ('0646b00e-5712-56fa-8379-b907d247761e', 8, 0.728),
  ('0646b00e-5712-56fa-8379-b907d247761e', 9, 0.774),
  ('0646b00e-5712-56fa-8379-b907d247761e', 10, 0.819),
  ('0646b00e-5712-56fa-8379-b907d247761e', 11, 0.847),
  ('0646b00e-5712-56fa-8379-b907d247761e', 12, 0.884),
  ('0646b00e-5712-56fa-8379-b907d247761e', 13, 0.909),
  ('0646b00e-5712-56fa-8379-b907d247761e', 14, 0.957),
  ('0646b00e-5712-56fa-8379-b907d247761e', 15, 1.004),
  ('0646b00e-5712-56fa-8379-b907d247761e', 16, 1.022),
  ('0646b00e-5712-56fa-8379-b907d247761e', 17, 1.036),
  ('0646b00e-5712-56fa-8379-b907d247761e', 18, 1.033),
  ('0646b00e-5712-56fa-8379-b907d247761e', 19, 1.019),
  ('0646b00e-5712-56fa-8379-b907d247761e', 20, 1.03),
  ('0646b00e-5712-56fa-8379-b907d247761e', 21, 1.033),
  ('0646b00e-5712-56fa-8379-b907d247761e', 22, 1.043),
  ('0646b00e-5712-56fa-8379-b907d247761e', 23, 1.047),
  ('0646b00e-5712-56fa-8379-b907d247761e', 24, 1.071),
  ('52362ccd-a357-5d22-9c09-4cf2486691f2', 0, 0.245),
  ('52362ccd-a357-5d22-9c09-4cf2486691f2', 1, 0.327),
  ('52362ccd-a357-5d22-9c09-4cf2486691f2', 2, 0.405),
  ('52362ccd-a357-5d22-9c09-4cf2486691f2', 3, 0.49),
  ('52362ccd-a357-5d22-9c09-4cf2486691f2', 4, 0.548),
  ('52362ccd-a357-5d22-9c09-4cf2486691f2', 5, 0.588),
  ('52362ccd-a357-5d22-9c09-4cf2486691f2', 6, 0.637),
  ('52362ccd-a357-5d22-9c09-4cf2486691f2', 7, 0.682),
  ('52362ccd-a357-5d22-9c09-4cf2486691f2', 8, 0.729),
  ('52362ccd-a357-5d22-9c09-4cf2486691f2', 9, 0.778),
  ('52362ccd-a357-5d22-9c09-4cf2486691f2', 10, 0.821),
  ('52362ccd-a357-5d22-9c09-4cf2486691f2', 11, 0.855),
  ('52362ccd-a357-5d22-9c09-4cf2486691f2', 12, 0.88),
  ('52362ccd-a357-5d22-9c09-4cf2486691f2', 13, 0.933),
  ('52362ccd-a357-5d22-9c09-4cf2486691f2', 14, 0.963),
  ('52362ccd-a357-5d22-9c09-4cf2486691f2', 15, 0.999),
  ('52362ccd-a357-5d22-9c09-4cf2486691f2', 16, 1.018),
  ('52362ccd-a357-5d22-9c09-4cf2486691f2', 17, 1.043),
  ('52362ccd-a357-5d22-9c09-4cf2486691f2', 18, 1.065),
  ('52362ccd-a357-5d22-9c09-4cf2486691f2', 19, 1.065),
  ('52362ccd-a357-5d22-9c09-4cf2486691f2', 20, 1.071),
  ('52362ccd-a357-5d22-9c09-4cf2486691f2', 21, 1.085),
  ('52362ccd-a357-5d22-9c09-4cf2486691f2', 22, 1.095),
  ('52362ccd-a357-5d22-9c09-4cf2486691f2', 23, 1.093),
  ('52362ccd-a357-5d22-9c09-4cf2486691f2', 24, 1.123),
  ('4417e0bf-7411-59ef-a3c6-dbbe27a002e8', 0, 0.241),
  ('4417e0bf-7411-59ef-a3c6-dbbe27a002e8', 1, 0.321),
  ('4417e0bf-7411-59ef-a3c6-dbbe27a002e8', 2, 0.398),
  ('4417e0bf-7411-59ef-a3c6-dbbe27a002e8', 3, 0.476),
  ('4417e0bf-7411-59ef-a3c6-dbbe27a002e8', 4, 0.536),
  ('4417e0bf-7411-59ef-a3c6-dbbe27a002e8', 5, 0.584),
  ('4417e0bf-7411-59ef-a3c6-dbbe27a002e8', 6, 0.638),
  ('4417e0bf-7411-59ef-a3c6-dbbe27a002e8', 7, 0.673),
  ('4417e0bf-7411-59ef-a3c6-dbbe27a002e8', 8, 0.726),
  ('4417e0bf-7411-59ef-a3c6-dbbe27a002e8', 9, 0.766),
  ('4417e0bf-7411-59ef-a3c6-dbbe27a002e8', 10, 0.805),
  ('4417e0bf-7411-59ef-a3c6-dbbe27a002e8', 11, 0.84),
  ('4417e0bf-7411-59ef-a3c6-dbbe27a002e8', 12, 0.872),
  ('4417e0bf-7411-59ef-a3c6-dbbe27a002e8', 13, 0.891),
  ('4417e0bf-7411-59ef-a3c6-dbbe27a002e8', 14, 0.937),
  ('4417e0bf-7411-59ef-a3c6-dbbe27a002e8', 15, 0.963),
  ('4417e0bf-7411-59ef-a3c6-dbbe27a002e8', 16, 0.997),
  ('4417e0bf-7411-59ef-a3c6-dbbe27a002e8', 17, 0.993),
  ('4417e0bf-7411-59ef-a3c6-dbbe27a002e8', 18, 1.024),
  ('4417e0bf-7411-59ef-a3c6-dbbe27a002e8', 19, 1.048),
  ('4417e0bf-7411-59ef-a3c6-dbbe27a002e8', 20, 0.985),
  ('4417e0bf-7411-59ef-a3c6-dbbe27a002e8', 21, 1.015),
  ('4417e0bf-7411-59ef-a3c6-dbbe27a002e8', 22, 1.062),
  ('4417e0bf-7411-59ef-a3c6-dbbe27a002e8', 23, 1.062),
  ('4417e0bf-7411-59ef-a3c6-dbbe27a002e8', 24, 1.08),
  ('38e908f1-757a-54f3-963a-ec73c133c85f', 0, 0.246),
  ('38e908f1-757a-54f3-963a-ec73c133c85f', 1, 0.322),
  ('38e908f1-757a-54f3-963a-ec73c133c85f', 2, 0.391),
  ('38e908f1-757a-54f3-963a-ec73c133c85f', 3, 0.47),
  ('38e908f1-757a-54f3-963a-ec73c133c85f', 4, 0.529),
  ('38e908f1-757a-54f3-963a-ec73c133c85f', 5, 0.577),
  ('38e908f1-757a-54f3-963a-ec73c133c85f', 6, 0.622),
  ('38e908f1-757a-54f3-963a-ec73c133c85f', 7, 0.668),
  ('38e908f1-757a-54f3-963a-ec73c133c85f', 8, 0.72),
  ('38e908f1-757a-54f3-963a-ec73c133c85f', 9, 0.761),
  ('38e908f1-757a-54f3-963a-ec73c133c85f', 10, 0.801),
  ('38e908f1-757a-54f3-963a-ec73c133c85f', 11, 0.833),
  ('38e908f1-757a-54f3-963a-ec73c133c85f', 12, 0.861),
  ('38e908f1-757a-54f3-963a-ec73c133c85f', 13, 0.914),
  ('38e908f1-757a-54f3-963a-ec73c133c85f', 14, 0.953),
  ('38e908f1-757a-54f3-963a-ec73c133c85f', 15, 0.991),
  ('38e908f1-757a-54f3-963a-ec73c133c85f', 16, 1.018),
  ('38e908f1-757a-54f3-963a-ec73c133c85f', 17, 1.035),
  ('38e908f1-757a-54f3-963a-ec73c133c85f', 18, 1.013),
  ('38e908f1-757a-54f3-963a-ec73c133c85f', 19, 1.016),
  ('38e908f1-757a-54f3-963a-ec73c133c85f', 20, 1.051),
  ('38e908f1-757a-54f3-963a-ec73c133c85f', 21, 1.065),
  ('38e908f1-757a-54f3-963a-ec73c133c85f', 22, 1.072),
  ('38e908f1-757a-54f3-963a-ec73c133c85f', 23, 1.068),
  ('38e908f1-757a-54f3-963a-ec73c133c85f', 24, 1.096),
  ('83e9f6b4-50d7-5f7c-ae66-110fd7892e15', 0, 0.255),
  ('83e9f6b4-50d7-5f7c-ae66-110fd7892e15', 1, 0.319),
  ('83e9f6b4-50d7-5f7c-ae66-110fd7892e15', 2, 0.397),
  ('83e9f6b4-50d7-5f7c-ae66-110fd7892e15', 3, 0.475),
  ('83e9f6b4-50d7-5f7c-ae66-110fd7892e15', 4, 0.534),
  ('83e9f6b4-50d7-5f7c-ae66-110fd7892e15', 5, 0.584),
  ('83e9f6b4-50d7-5f7c-ae66-110fd7892e15', 6, 0.621),
  ('83e9f6b4-50d7-5f7c-ae66-110fd7892e15', 7, 0.669),
  ('83e9f6b4-50d7-5f7c-ae66-110fd7892e15', 8, 0.714),
  ('83e9f6b4-50d7-5f7c-ae66-110fd7892e15', 9, 0.759),
  ('83e9f6b4-50d7-5f7c-ae66-110fd7892e15', 10, 0.791),
  ('83e9f6b4-50d7-5f7c-ae66-110fd7892e15', 11, 0.819),
  ('83e9f6b4-50d7-5f7c-ae66-110fd7892e15', 12, 0.863),
  ('83e9f6b4-50d7-5f7c-ae66-110fd7892e15', 13, 0.893),
  ('83e9f6b4-50d7-5f7c-ae66-110fd7892e15', 14, 0.925),
  ('83e9f6b4-50d7-5f7c-ae66-110fd7892e15', 15, 0.969),
  ('83e9f6b4-50d7-5f7c-ae66-110fd7892e15', 16, 0.995),
  ('83e9f6b4-50d7-5f7c-ae66-110fd7892e15', 17, 1.001),
  ('83e9f6b4-50d7-5f7c-ae66-110fd7892e15', 18, 0.994),
  ('83e9f6b4-50d7-5f7c-ae66-110fd7892e15', 19, 0.998),
  ('83e9f6b4-50d7-5f7c-ae66-110fd7892e15', 20, 1.0),
  ('83e9f6b4-50d7-5f7c-ae66-110fd7892e15', 21, 1.049),
  ('83e9f6b4-50d7-5f7c-ae66-110fd7892e15', 22, 1.071),
  ('83e9f6b4-50d7-5f7c-ae66-110fd7892e15', 23, 1.093),
  ('83e9f6b4-50d7-5f7c-ae66-110fd7892e15', 24, 1.092),
  ('ae64fe65-e01f-5cf5-9055-6d526aa5b58f', 0, 0.254),
  ('ae64fe65-e01f-5cf5-9055-6d526aa5b58f', 1, 0.326),
  ('ae64fe65-e01f-5cf5-9055-6d526aa5b58f', 2, 0.407),
  ('ae64fe65-e01f-5cf5-9055-6d526aa5b58f', 3, 0.482),
  ('ae64fe65-e01f-5cf5-9055-6d526aa5b58f', 4, 0.544),
  ('ae64fe65-e01f-5cf5-9055-6d526aa5b58f', 5, 0.598),
  ('ae64fe65-e01f-5cf5-9055-6d526aa5b58f', 6, 0.641),
  ('ae64fe65-e01f-5cf5-9055-6d526aa5b58f', 7, 0.68),
  ('ae64fe65-e01f-5cf5-9055-6d526aa5b58f', 8, 0.726),
  ('ae64fe65-e01f-5cf5-9055-6d526aa5b58f', 9, 0.774),
  ('ae64fe65-e01f-5cf5-9055-6d526aa5b58f', 10, 0.81),
  ('ae64fe65-e01f-5cf5-9055-6d526aa5b58f', 11, 0.841),
  ('ae64fe65-e01f-5cf5-9055-6d526aa5b58f', 12, 0.871),
  ('ae64fe65-e01f-5cf5-9055-6d526aa5b58f', 13, 0.916),
  ('ae64fe65-e01f-5cf5-9055-6d526aa5b58f', 14, 0.937),
  ('ae64fe65-e01f-5cf5-9055-6d526aa5b58f', 15, 0.973),
  ('ae64fe65-e01f-5cf5-9055-6d526aa5b58f', 16, 1.018),
  ('ae64fe65-e01f-5cf5-9055-6d526aa5b58f', 17, 1.033),
  ('ae64fe65-e01f-5cf5-9055-6d526aa5b58f', 18, 1.003),
  ('ae64fe65-e01f-5cf5-9055-6d526aa5b58f', 19, 1.018),
  ('ae64fe65-e01f-5cf5-9055-6d526aa5b58f', 20, 0.998),
  ('ae64fe65-e01f-5cf5-9055-6d526aa5b58f', 21, 1.063),
  ('ae64fe65-e01f-5cf5-9055-6d526aa5b58f', 22, 1.012),
  ('ae64fe65-e01f-5cf5-9055-6d526aa5b58f', 23, 1.058),
  ('ae64fe65-e01f-5cf5-9055-6d526aa5b58f', 24, 1.124),
  ('d13c9fb5-a2fd-58e3-b2c2-a505301bc36b', 0, 0.27),
  ('d13c9fb5-a2fd-58e3-b2c2-a505301bc36b', 1, 0.331),
  ('d13c9fb5-a2fd-58e3-b2c2-a505301bc36b', 2, 0.412),
  ('d13c9fb5-a2fd-58e3-b2c2-a505301bc36b', 3, 0.493),
  ('d13c9fb5-a2fd-58e3-b2c2-a505301bc36b', 4, 0.54),
  ('d13c9fb5-a2fd-58e3-b2c2-a505301bc36b', 5, 0.593),
  ('d13c9fb5-a2fd-58e3-b2c2-a505301bc36b', 6, 0.638),
  ('d13c9fb5-a2fd-58e3-b2c2-a505301bc36b', 7, 0.685),
  ('d13c9fb5-a2fd-58e3-b2c2-a505301bc36b', 8, 0.728),
  ('d13c9fb5-a2fd-58e3-b2c2-a505301bc36b', 9, 0.763),
  ('d13c9fb5-a2fd-58e3-b2c2-a505301bc36b', 10, 0.797),
  ('d13c9fb5-a2fd-58e3-b2c2-a505301bc36b', 11, 0.831),
  ('d13c9fb5-a2fd-58e3-b2c2-a505301bc36b', 12, 0.864),
  ('d13c9fb5-a2fd-58e3-b2c2-a505301bc36b', 13, 0.9),
  ('d13c9fb5-a2fd-58e3-b2c2-a505301bc36b', 14, 0.946),
  ('d13c9fb5-a2fd-58e3-b2c2-a505301bc36b', 15, 0.97),
  ('d13c9fb5-a2fd-58e3-b2c2-a505301bc36b', 16, 1.0),
  ('d13c9fb5-a2fd-58e3-b2c2-a505301bc36b', 17, 1.004),
  ('d13c9fb5-a2fd-58e3-b2c2-a505301bc36b', 18, 1.022),
  ('d13c9fb5-a2fd-58e3-b2c2-a505301bc36b', 19, 1.029),
  ('d13c9fb5-a2fd-58e3-b2c2-a505301bc36b', 20, 1.034),
  ('d13c9fb5-a2fd-58e3-b2c2-a505301bc36b', 21, 1.04),
  ('d13c9fb5-a2fd-58e3-b2c2-a505301bc36b', 22, 1.053),
  ('d13c9fb5-a2fd-58e3-b2c2-a505301bc36b', 23, 1.074),
  ('d13c9fb5-a2fd-58e3-b2c2-a505301bc36b', 24, 1.131),
  ('cbef6da9-34c3-540e-94ac-75252b82c844', 0, 0.338),
  ('cbef6da9-34c3-540e-94ac-75252b82c844', 1, 0.334),
  ('cbef6da9-34c3-540e-94ac-75252b82c844', 2, 0.42),
  ('cbef6da9-34c3-540e-94ac-75252b82c844', 3, 0.496),
  ('cbef6da9-34c3-540e-94ac-75252b82c844', 4, 0.538),
  ('cbef6da9-34c3-540e-94ac-75252b82c844', 5, 0.589),
  ('cbef6da9-34c3-540e-94ac-75252b82c844', 6, 0.632),
  ('cbef6da9-34c3-540e-94ac-75252b82c844', 7, 0.683),
  ('cbef6da9-34c3-540e-94ac-75252b82c844', 8, 0.732),
  ('cbef6da9-34c3-540e-94ac-75252b82c844', 9, 0.767),
  ('cbef6da9-34c3-540e-94ac-75252b82c844', 10, 0.806),
  ('cbef6da9-34c3-540e-94ac-75252b82c844', 11, 0.842),
  ('cbef6da9-34c3-540e-94ac-75252b82c844', 12, 0.877),
  ('cbef6da9-34c3-540e-94ac-75252b82c844', 13, 0.908),
  ('cbef6da9-34c3-540e-94ac-75252b82c844', 14, 0.943),
  ('cbef6da9-34c3-540e-94ac-75252b82c844', 15, 0.979),
  ('cbef6da9-34c3-540e-94ac-75252b82c844', 16, 1.004),
  ('cbef6da9-34c3-540e-94ac-75252b82c844', 17, 1.021),
  ('cbef6da9-34c3-540e-94ac-75252b82c844', 18, 0.992),
  ('cbef6da9-34c3-540e-94ac-75252b82c844', 19, 1.032),
  ('cbef6da9-34c3-540e-94ac-75252b82c844', 20, 1.026),
  ('cbef6da9-34c3-540e-94ac-75252b82c844', 21, 1.057),
  ('cbef6da9-34c3-540e-94ac-75252b82c844', 22, 1.056),
  ('cbef6da9-34c3-540e-94ac-75252b82c844', 23, 1.048),
  ('cbef6da9-34c3-540e-94ac-75252b82c844', 24, 1.069),
  ('f283ef6f-aec7-5fbf-8471-4d0e3bc1b864', 0, 0.318),
  ('f283ef6f-aec7-5fbf-8471-4d0e3bc1b864', 1, 0.338),
  ('f283ef6f-aec7-5fbf-8471-4d0e3bc1b864', 2, 0.412),
  ('f283ef6f-aec7-5fbf-8471-4d0e3bc1b864', 3, 0.49),
  ('f283ef6f-aec7-5fbf-8471-4d0e3bc1b864', 4, 0.543),
  ('f283ef6f-aec7-5fbf-8471-4d0e3bc1b864', 5, 0.583),
  ('f283ef6f-aec7-5fbf-8471-4d0e3bc1b864', 6, 0.637),
  ('f283ef6f-aec7-5fbf-8471-4d0e3bc1b864', 7, 0.68),
  ('f283ef6f-aec7-5fbf-8471-4d0e3bc1b864', 8, 0.726),
  ('f283ef6f-aec7-5fbf-8471-4d0e3bc1b864', 9, 0.772),
  ('f283ef6f-aec7-5fbf-8471-4d0e3bc1b864', 10, 0.811),
  ('f283ef6f-aec7-5fbf-8471-4d0e3bc1b864', 11, 0.837),
  ('f283ef6f-aec7-5fbf-8471-4d0e3bc1b864', 12, 0.878),
  ('f283ef6f-aec7-5fbf-8471-4d0e3bc1b864', 13, 0.894),
  ('f283ef6f-aec7-5fbf-8471-4d0e3bc1b864', 14, 0.943),
  ('f283ef6f-aec7-5fbf-8471-4d0e3bc1b864', 15, 0.971),
  ('f283ef6f-aec7-5fbf-8471-4d0e3bc1b864', 16, 0.99),
  ('f283ef6f-aec7-5fbf-8471-4d0e3bc1b864', 17, 1.006),
  ('f283ef6f-aec7-5fbf-8471-4d0e3bc1b864', 18, 0.996),
  ('f283ef6f-aec7-5fbf-8471-4d0e3bc1b864', 19, 1.001),
  ('f283ef6f-aec7-5fbf-8471-4d0e3bc1b864', 20, 1.018),
  ('f283ef6f-aec7-5fbf-8471-4d0e3bc1b864', 21, 1.003),
  ('f283ef6f-aec7-5fbf-8471-4d0e3bc1b864', 22, 1.026),
  ('f283ef6f-aec7-5fbf-8471-4d0e3bc1b864', 23, 1.044),
  ('f283ef6f-aec7-5fbf-8471-4d0e3bc1b864', 24, 1.127),
  ('70eca101-908a-501f-a57e-bde2e1012e42', 0, 0.259),
  ('70eca101-908a-501f-a57e-bde2e1012e42', 1, 0.318),
  ('70eca101-908a-501f-a57e-bde2e1012e42', 2, 0.395),
  ('70eca101-908a-501f-a57e-bde2e1012e42', 3, 0.466),
  ('70eca101-908a-501f-a57e-bde2e1012e42', 4, 0.527),
  ('70eca101-908a-501f-a57e-bde2e1012e42', 5, 0.573),
  ('70eca101-908a-501f-a57e-bde2e1012e42', 6, 0.615),
  ('70eca101-908a-501f-a57e-bde2e1012e42', 7, 0.663),
  ('70eca101-908a-501f-a57e-bde2e1012e42', 8, 0.713),
  ('70eca101-908a-501f-a57e-bde2e1012e42', 9, 0.751),
  ('70eca101-908a-501f-a57e-bde2e1012e42', 10, 0.79),
  ('70eca101-908a-501f-a57e-bde2e1012e42', 11, 0.827),
  ('70eca101-908a-501f-a57e-bde2e1012e42', 12, 0.867),
  ('70eca101-908a-501f-a57e-bde2e1012e42', 13, 0.914),
  ('70eca101-908a-501f-a57e-bde2e1012e42', 14, 0.945),
  ('70eca101-908a-501f-a57e-bde2e1012e42', 15, 0.994),
  ('70eca101-908a-501f-a57e-bde2e1012e42', 16, 1.041),
  ('70eca101-908a-501f-a57e-bde2e1012e42', 17, 0.99),
  ('70eca101-908a-501f-a57e-bde2e1012e42', 18, 0.993),
  ('70eca101-908a-501f-a57e-bde2e1012e42', 19, 1.079),
  ('70eca101-908a-501f-a57e-bde2e1012e42', 20, 1.086),
  ('70eca101-908a-501f-a57e-bde2e1012e42', 21, 1.081),
  ('70eca101-908a-501f-a57e-bde2e1012e42', 22, 1.078),
  ('70eca101-908a-501f-a57e-bde2e1012e42', 23, 1.125),
  ('70eca101-908a-501f-a57e-bde2e1012e42', 24, 1.115),
  ('93c952b8-940f-524d-bfee-6a5aa6947b81', 0, 0.303),
  ('93c952b8-940f-524d-bfee-6a5aa6947b81', 1, 0.329),
  ('93c952b8-940f-524d-bfee-6a5aa6947b81', 2, 0.398),
  ('93c952b8-940f-524d-bfee-6a5aa6947b81', 3, 0.468),
  ('93c952b8-940f-524d-bfee-6a5aa6947b81', 4, 0.521),
  ('93c952b8-940f-524d-bfee-6a5aa6947b81', 5, 0.566),
  ('93c952b8-940f-524d-bfee-6a5aa6947b81', 6, 0.609),
  ('93c952b8-940f-524d-bfee-6a5aa6947b81', 7, 0.658),
  ('93c952b8-940f-524d-bfee-6a5aa6947b81', 8, 0.707),
  ('93c952b8-940f-524d-bfee-6a5aa6947b81', 9, 0.752),
  ('93c952b8-940f-524d-bfee-6a5aa6947b81', 10, 0.775),
  ('93c952b8-940f-524d-bfee-6a5aa6947b81', 11, 0.807),
  ('93c952b8-940f-524d-bfee-6a5aa6947b81', 12, 0.837),
  ('93c952b8-940f-524d-bfee-6a5aa6947b81', 13, 0.865),
  ('93c952b8-940f-524d-bfee-6a5aa6947b81', 14, 0.892),
  ('93c952b8-940f-524d-bfee-6a5aa6947b81', 15, 0.926),
  ('93c952b8-940f-524d-bfee-6a5aa6947b81', 16, 0.959),
  ('93c952b8-940f-524d-bfee-6a5aa6947b81', 17, 0.969),
  ('93c952b8-940f-524d-bfee-6a5aa6947b81', 18, 0.973),
  ('93c952b8-940f-524d-bfee-6a5aa6947b81', 19, 0.973),
  ('93c952b8-940f-524d-bfee-6a5aa6947b81', 20, 0.997),
  ('93c952b8-940f-524d-bfee-6a5aa6947b81', 21, 0.999),
  ('93c952b8-940f-524d-bfee-6a5aa6947b81', 22, 1.004),
  ('93c952b8-940f-524d-bfee-6a5aa6947b81', 23, 0.989),
  ('93c952b8-940f-524d-bfee-6a5aa6947b81', 24, 0.982),
  ('f4ba64f8-a9f8-52b0-a14b-19308b0dd228', 0, 0.243),
  ('f4ba64f8-a9f8-52b0-a14b-19308b0dd228', 1, 0.316),
  ('f4ba64f8-a9f8-52b0-a14b-19308b0dd228', 2, 0.393),
  ('f4ba64f8-a9f8-52b0-a14b-19308b0dd228', 3, 0.472),
  ('f4ba64f8-a9f8-52b0-a14b-19308b0dd228', 4, 0.544),
  ('f4ba64f8-a9f8-52b0-a14b-19308b0dd228', 5, 0.58),
  ('f4ba64f8-a9f8-52b0-a14b-19308b0dd228', 6, 0.622),
  ('f4ba64f8-a9f8-52b0-a14b-19308b0dd228', 7, 0.665),
  ('f4ba64f8-a9f8-52b0-a14b-19308b0dd228', 8, 0.717),
  ('f4ba64f8-a9f8-52b0-a14b-19308b0dd228', 9, 0.759),
  ('f4ba64f8-a9f8-52b0-a14b-19308b0dd228', 10, 0.792),
  ('f4ba64f8-a9f8-52b0-a14b-19308b0dd228', 11, 0.837),
  ('f4ba64f8-a9f8-52b0-a14b-19308b0dd228', 12, 0.868),
  ('f4ba64f8-a9f8-52b0-a14b-19308b0dd228', 13, 0.907),
  ('f4ba64f8-a9f8-52b0-a14b-19308b0dd228', 14, 0.936),
  ('f4ba64f8-a9f8-52b0-a14b-19308b0dd228', 15, 0.968),
  ('f4ba64f8-a9f8-52b0-a14b-19308b0dd228', 16, 0.989),
  ('f4ba64f8-a9f8-52b0-a14b-19308b0dd228', 17, 1.006),
  ('f4ba64f8-a9f8-52b0-a14b-19308b0dd228', 18, 1.021),
  ('f4ba64f8-a9f8-52b0-a14b-19308b0dd228', 19, 1.046),
  ('f4ba64f8-a9f8-52b0-a14b-19308b0dd228', 20, 1.069),
  ('f4ba64f8-a9f8-52b0-a14b-19308b0dd228', 21, 1.057),
  ('f4ba64f8-a9f8-52b0-a14b-19308b0dd228', 22, 1.074),
  ('f4ba64f8-a9f8-52b0-a14b-19308b0dd228', 23, 1.088),
  ('f4ba64f8-a9f8-52b0-a14b-19308b0dd228', 24, 1.163),
  ('35a8d943-d511-5d98-8a5c-23699b113e0b', 0, 0.371),
  ('35a8d943-d511-5d98-8a5c-23699b113e0b', 1, 0.344),
  ('35a8d943-d511-5d98-8a5c-23699b113e0b', 2, 0.419),
  ('35a8d943-d511-5d98-8a5c-23699b113e0b', 3, 0.497),
  ('35a8d943-d511-5d98-8a5c-23699b113e0b', 4, 0.562),
  ('35a8d943-d511-5d98-8a5c-23699b113e0b', 5, 0.607),
  ('35a8d943-d511-5d98-8a5c-23699b113e0b', 6, 0.659),
  ('35a8d943-d511-5d98-8a5c-23699b113e0b', 7, 0.708),
  ('35a8d943-d511-5d98-8a5c-23699b113e0b', 8, 0.755),
  ('35a8d943-d511-5d98-8a5c-23699b113e0b', 9, 0.781),
  ('35a8d943-d511-5d98-8a5c-23699b113e0b', 10, 0.813),
  ('35a8d943-d511-5d98-8a5c-23699b113e0b', 11, 0.846),
  ('35a8d943-d511-5d98-8a5c-23699b113e0b', 12, 0.887),
  ('35a8d943-d511-5d98-8a5c-23699b113e0b', 13, 0.908),
  ('35a8d943-d511-5d98-8a5c-23699b113e0b', 14, 0.943),
  ('35a8d943-d511-5d98-8a5c-23699b113e0b', 15, 0.978),
  ('35a8d943-d511-5d98-8a5c-23699b113e0b', 16, 0.994),
  ('35a8d943-d511-5d98-8a5c-23699b113e0b', 17, 0.99),
  ('35a8d943-d511-5d98-8a5c-23699b113e0b', 18, 1.006),
  ('35a8d943-d511-5d98-8a5c-23699b113e0b', 19, 1.017),
  ('35a8d943-d511-5d98-8a5c-23699b113e0b', 20, 1.04),
  ('35a8d943-d511-5d98-8a5c-23699b113e0b', 21, 1.095),
  ('35a8d943-d511-5d98-8a5c-23699b113e0b', 22, 1.082),
  ('35a8d943-d511-5d98-8a5c-23699b113e0b', 23, 1.095),
  ('35a8d943-d511-5d98-8a5c-23699b113e0b', 24, 1.084),
  ('2571b58b-9fa3-5e77-b71d-ccea0fa584a1', 0, 0.234),
  ('2571b58b-9fa3-5e77-b71d-ccea0fa584a1', 1, 0.307),
  ('2571b58b-9fa3-5e77-b71d-ccea0fa584a1', 2, 0.378),
  ('2571b58b-9fa3-5e77-b71d-ccea0fa584a1', 3, 0.456),
  ('2571b58b-9fa3-5e77-b71d-ccea0fa584a1', 4, 0.51),
  ('2571b58b-9fa3-5e77-b71d-ccea0fa584a1', 5, 0.555),
  ('2571b58b-9fa3-5e77-b71d-ccea0fa584a1', 6, 0.599),
  ('2571b58b-9fa3-5e77-b71d-ccea0fa584a1', 7, 0.646),
  ('2571b58b-9fa3-5e77-b71d-ccea0fa584a1', 8, 0.697),
  ('2571b58b-9fa3-5e77-b71d-ccea0fa584a1', 9, 0.742),
  ('2571b58b-9fa3-5e77-b71d-ccea0fa584a1', 10, 0.772),
  ('2571b58b-9fa3-5e77-b71d-ccea0fa584a1', 11, 0.818),
  ('2571b58b-9fa3-5e77-b71d-ccea0fa584a1', 12, 0.832),
  ('2571b58b-9fa3-5e77-b71d-ccea0fa584a1', 13, 0.857),
  ('2571b58b-9fa3-5e77-b71d-ccea0fa584a1', 14, 0.889),
  ('2571b58b-9fa3-5e77-b71d-ccea0fa584a1', 15, 0.921),
  ('2571b58b-9fa3-5e77-b71d-ccea0fa584a1', 16, 0.958),
  ('2571b58b-9fa3-5e77-b71d-ccea0fa584a1', 17, 0.96),
  ('2571b58b-9fa3-5e77-b71d-ccea0fa584a1', 18, 0.962),
  ('2571b58b-9fa3-5e77-b71d-ccea0fa584a1', 19, 0.977),
  ('2571b58b-9fa3-5e77-b71d-ccea0fa584a1', 20, 0.99),
  ('2571b58b-9fa3-5e77-b71d-ccea0fa584a1', 21, 1.013),
  ('2571b58b-9fa3-5e77-b71d-ccea0fa584a1', 22, 1.021),
  ('2571b58b-9fa3-5e77-b71d-ccea0fa584a1', 23, 1.004),
  ('2571b58b-9fa3-5e77-b71d-ccea0fa584a1', 24, 0.99),
  ('6fdf9866-3001-57d6-bc7a-5c8fd316051e', 0, 0.266),
  ('6fdf9866-3001-57d6-bc7a-5c8fd316051e', 1, 0.328),
  ('6fdf9866-3001-57d6-bc7a-5c8fd316051e', 2, 0.394),
  ('6fdf9866-3001-57d6-bc7a-5c8fd316051e', 3, 0.473),
  ('6fdf9866-3001-57d6-bc7a-5c8fd316051e', 4, 0.533),
  ('6fdf9866-3001-57d6-bc7a-5c8fd316051e', 5, 0.583),
  ('6fdf9866-3001-57d6-bc7a-5c8fd316051e', 6, 0.633),
  ('6fdf9866-3001-57d6-bc7a-5c8fd316051e', 7, 0.679),
  ('6fdf9866-3001-57d6-bc7a-5c8fd316051e', 8, 0.734),
  ('6fdf9866-3001-57d6-bc7a-5c8fd316051e', 9, 0.765),
  ('6fdf9866-3001-57d6-bc7a-5c8fd316051e', 10, 0.802),
  ('6fdf9866-3001-57d6-bc7a-5c8fd316051e', 11, 0.838),
  ('6fdf9866-3001-57d6-bc7a-5c8fd316051e', 12, 0.878),
  ('6fdf9866-3001-57d6-bc7a-5c8fd316051e', 13, 0.901),
  ('6fdf9866-3001-57d6-bc7a-5c8fd316051e', 14, 0.933),
  ('6fdf9866-3001-57d6-bc7a-5c8fd316051e', 15, 0.954),
  ('6fdf9866-3001-57d6-bc7a-5c8fd316051e', 16, 0.997),
  ('6fdf9866-3001-57d6-bc7a-5c8fd316051e', 17, 1.006),
  ('6fdf9866-3001-57d6-bc7a-5c8fd316051e', 18, 1.004),
  ('6fdf9866-3001-57d6-bc7a-5c8fd316051e', 19, 1.025),
  ('6fdf9866-3001-57d6-bc7a-5c8fd316051e', 20, 1.035),
  ('6fdf9866-3001-57d6-bc7a-5c8fd316051e', 21, 1.058),
  ('6fdf9866-3001-57d6-bc7a-5c8fd316051e', 22, 1.035),
  ('6fdf9866-3001-57d6-bc7a-5c8fd316051e', 23, 1.071),
  ('6fdf9866-3001-57d6-bc7a-5c8fd316051e', 24, 1.088),
  ('6fe575de-dc39-5af5-b7c4-6aee9198fba5', 0, 0.282),
  ('6fe575de-dc39-5af5-b7c4-6aee9198fba5', 1, 0.328),
  ('6fe575de-dc39-5af5-b7c4-6aee9198fba5', 2, 0.406),
  ('6fe575de-dc39-5af5-b7c4-6aee9198fba5', 3, 0.479),
  ('6fe575de-dc39-5af5-b7c4-6aee9198fba5', 4, 0.534),
  ('6fe575de-dc39-5af5-b7c4-6aee9198fba5', 5, 0.581),
  ('6fe575de-dc39-5af5-b7c4-6aee9198fba5', 6, 0.621),
  ('6fe575de-dc39-5af5-b7c4-6aee9198fba5', 7, 0.667),
  ('6fe575de-dc39-5af5-b7c4-6aee9198fba5', 8, 0.714),
  ('6fe575de-dc39-5af5-b7c4-6aee9198fba5', 9, 0.758),
  ('6fe575de-dc39-5af5-b7c4-6aee9198fba5', 10, 0.794),
  ('6fe575de-dc39-5af5-b7c4-6aee9198fba5', 11, 0.831),
  ('6fe575de-dc39-5af5-b7c4-6aee9198fba5', 12, 0.864),
  ('6fe575de-dc39-5af5-b7c4-6aee9198fba5', 13, 0.901),
  ('6fe575de-dc39-5af5-b7c4-6aee9198fba5', 14, 0.934),
  ('6fe575de-dc39-5af5-b7c4-6aee9198fba5', 15, 0.974),
  ('6fe575de-dc39-5af5-b7c4-6aee9198fba5', 16, 1.009),
  ('6fe575de-dc39-5af5-b7c4-6aee9198fba5', 17, 0.996),
  ('6fe575de-dc39-5af5-b7c4-6aee9198fba5', 18, 1.021),
  ('6fe575de-dc39-5af5-b7c4-6aee9198fba5', 19, 1.019),
  ('6fe575de-dc39-5af5-b7c4-6aee9198fba5', 20, 1.052),
  ('6fe575de-dc39-5af5-b7c4-6aee9198fba5', 21, 1.052),
  ('6fe575de-dc39-5af5-b7c4-6aee9198fba5', 22, 1.064),
  ('6fe575de-dc39-5af5-b7c4-6aee9198fba5', 23, 1.059),
  ('6fe575de-dc39-5af5-b7c4-6aee9198fba5', 24, 1.102),
  ('b700adbd-5b23-5d1a-9f53-0f52ac8907e9', 0, 0.23),
  ('b700adbd-5b23-5d1a-9f53-0f52ac8907e9', 1, 0.311),
  ('b700adbd-5b23-5d1a-9f53-0f52ac8907e9', 2, 0.389),
  ('b700adbd-5b23-5d1a-9f53-0f52ac8907e9', 3, 0.46),
  ('b700adbd-5b23-5d1a-9f53-0f52ac8907e9', 4, 0.518),
  ('b700adbd-5b23-5d1a-9f53-0f52ac8907e9', 5, 0.575),
  ('b700adbd-5b23-5d1a-9f53-0f52ac8907e9', 6, 0.612),
  ('b700adbd-5b23-5d1a-9f53-0f52ac8907e9', 7, 0.656),
  ('b700adbd-5b23-5d1a-9f53-0f52ac8907e9', 8, 0.699),
  ('b700adbd-5b23-5d1a-9f53-0f52ac8907e9', 9, 0.751),
  ('b700adbd-5b23-5d1a-9f53-0f52ac8907e9', 10, 0.785),
  ('b700adbd-5b23-5d1a-9f53-0f52ac8907e9', 11, 0.818),
  ('b700adbd-5b23-5d1a-9f53-0f52ac8907e9', 12, 0.84),
  ('b700adbd-5b23-5d1a-9f53-0f52ac8907e9', 13, 0.877),
  ('b700adbd-5b23-5d1a-9f53-0f52ac8907e9', 14, 0.914),
  ('b700adbd-5b23-5d1a-9f53-0f52ac8907e9', 15, 0.938),
  ('b700adbd-5b23-5d1a-9f53-0f52ac8907e9', 16, 0.969),
  ('b700adbd-5b23-5d1a-9f53-0f52ac8907e9', 17, 0.984),
  ('b700adbd-5b23-5d1a-9f53-0f52ac8907e9', 18, 1.014),
  ('b700adbd-5b23-5d1a-9f53-0f52ac8907e9', 19, 1.027),
  ('b700adbd-5b23-5d1a-9f53-0f52ac8907e9', 20, 1.044),
  ('b700adbd-5b23-5d1a-9f53-0f52ac8907e9', 21, 1.069),
  ('b700adbd-5b23-5d1a-9f53-0f52ac8907e9', 22, 1.066),
  ('b700adbd-5b23-5d1a-9f53-0f52ac8907e9', 23, 1.055),
  ('b700adbd-5b23-5d1a-9f53-0f52ac8907e9', 24, 1.047),
  ('1861d400-d6b8-5b5b-ae1e-324ffea44b84', 0, 0.31),
  ('1861d400-d6b8-5b5b-ae1e-324ffea44b84', 1, 0.349),
  ('1861d400-d6b8-5b5b-ae1e-324ffea44b84', 2, 0.426),
  ('1861d400-d6b8-5b5b-ae1e-324ffea44b84', 3, 0.494),
  ('1861d400-d6b8-5b5b-ae1e-324ffea44b84', 4, 0.546),
  ('1861d400-d6b8-5b5b-ae1e-324ffea44b84', 5, 0.598),
  ('1861d400-d6b8-5b5b-ae1e-324ffea44b84', 6, 0.644),
  ('1861d400-d6b8-5b5b-ae1e-324ffea44b84', 7, 0.69),
  ('1861d400-d6b8-5b5b-ae1e-324ffea44b84', 8, 0.731),
  ('1861d400-d6b8-5b5b-ae1e-324ffea44b84', 9, 0.771),
  ('1861d400-d6b8-5b5b-ae1e-324ffea44b84', 10, 0.808),
  ('1861d400-d6b8-5b5b-ae1e-324ffea44b84', 11, 0.836),
  ('1861d400-d6b8-5b5b-ae1e-324ffea44b84', 12, 0.865),
  ('1861d400-d6b8-5b5b-ae1e-324ffea44b84', 13, 0.899),
  ('1861d400-d6b8-5b5b-ae1e-324ffea44b84', 14, 0.928),
  ('1861d400-d6b8-5b5b-ae1e-324ffea44b84', 15, 0.964),
  ('1861d400-d6b8-5b5b-ae1e-324ffea44b84', 16, 0.977),
  ('1861d400-d6b8-5b5b-ae1e-324ffea44b84', 17, 0.977),
  ('1861d400-d6b8-5b5b-ae1e-324ffea44b84', 18, 0.997),
  ('1861d400-d6b8-5b5b-ae1e-324ffea44b84', 19, 0.969),
  ('1861d400-d6b8-5b5b-ae1e-324ffea44b84', 20, 1.05),
  ('1861d400-d6b8-5b5b-ae1e-324ffea44b84', 21, 1.033),
  ('1861d400-d6b8-5b5b-ae1e-324ffea44b84', 22, 1.01),
  ('1861d400-d6b8-5b5b-ae1e-324ffea44b84', 23, 1.04),
  ('1861d400-d6b8-5b5b-ae1e-324ffea44b84', 24, 1.037),
  ('9328f096-c076-5241-8f6c-05ac4a27a606', 0, 0.26),
  ('9328f096-c076-5241-8f6c-05ac4a27a606', 1, 0.333),
  ('9328f096-c076-5241-8f6c-05ac4a27a606', 2, 0.408),
  ('9328f096-c076-5241-8f6c-05ac4a27a606', 3, 0.489),
  ('9328f096-c076-5241-8f6c-05ac4a27a606', 4, 0.542),
  ('9328f096-c076-5241-8f6c-05ac4a27a606', 5, 0.589),
  ('9328f096-c076-5241-8f6c-05ac4a27a606', 6, 0.63),
  ('9328f096-c076-5241-8f6c-05ac4a27a606', 7, 0.68),
  ('9328f096-c076-5241-8f6c-05ac4a27a606', 8, 0.729),
  ('9328f096-c076-5241-8f6c-05ac4a27a606', 9, 0.77),
  ('9328f096-c076-5241-8f6c-05ac4a27a606', 10, 0.807),
  ('9328f096-c076-5241-8f6c-05ac4a27a606', 11, 0.838),
  ('9328f096-c076-5241-8f6c-05ac4a27a606', 12, 0.87),
  ('9328f096-c076-5241-8f6c-05ac4a27a606', 13, 0.905),
  ('9328f096-c076-5241-8f6c-05ac4a27a606', 14, 0.933),
  ('9328f096-c076-5241-8f6c-05ac4a27a606', 15, 0.975),
  ('9328f096-c076-5241-8f6c-05ac4a27a606', 16, 0.992),
  ('9328f096-c076-5241-8f6c-05ac4a27a606', 17, 1.018),
  ('9328f096-c076-5241-8f6c-05ac4a27a606', 18, 1.063),
  ('9328f096-c076-5241-8f6c-05ac4a27a606', 19, 1.082),
  ('9328f096-c076-5241-8f6c-05ac4a27a606', 20, 1.068),
  ('9328f096-c076-5241-8f6c-05ac4a27a606', 21, 1.062),
  ('9328f096-c076-5241-8f6c-05ac4a27a606', 22, 1.03),
  ('9328f096-c076-5241-8f6c-05ac4a27a606', 23, 1.051),
  ('9328f096-c076-5241-8f6c-05ac4a27a606', 24, 1.106),
  ('561a67a1-4710-58f8-9bd6-ebe8ba328df9', 0, 0.228),
  ('561a67a1-4710-58f8-9bd6-ebe8ba328df9', 1, 0.33),
  ('561a67a1-4710-58f8-9bd6-ebe8ba328df9', 2, 0.402),
  ('561a67a1-4710-58f8-9bd6-ebe8ba328df9', 3, 0.478),
  ('561a67a1-4710-58f8-9bd6-ebe8ba328df9', 4, 0.532),
  ('561a67a1-4710-58f8-9bd6-ebe8ba328df9', 5, 0.58),
  ('561a67a1-4710-58f8-9bd6-ebe8ba328df9', 6, 0.626),
  ('561a67a1-4710-58f8-9bd6-ebe8ba328df9', 7, 0.677),
  ('561a67a1-4710-58f8-9bd6-ebe8ba328df9', 8, 0.723),
  ('561a67a1-4710-58f8-9bd6-ebe8ba328df9', 9, 0.763),
  ('561a67a1-4710-58f8-9bd6-ebe8ba328df9', 10, 0.787),
  ('561a67a1-4710-58f8-9bd6-ebe8ba328df9', 11, 0.822),
  ('561a67a1-4710-58f8-9bd6-ebe8ba328df9', 12, 0.862),
  ('561a67a1-4710-58f8-9bd6-ebe8ba328df9', 13, 0.903),
  ('561a67a1-4710-58f8-9bd6-ebe8ba328df9', 14, 0.936),
  ('561a67a1-4710-58f8-9bd6-ebe8ba328df9', 15, 0.963),
  ('561a67a1-4710-58f8-9bd6-ebe8ba328df9', 16, 0.978),
  ('561a67a1-4710-58f8-9bd6-ebe8ba328df9', 17, 0.98),
  ('561a67a1-4710-58f8-9bd6-ebe8ba328df9', 18, 1.03),
  ('561a67a1-4710-58f8-9bd6-ebe8ba328df9', 19, 1.044),
  ('561a67a1-4710-58f8-9bd6-ebe8ba328df9', 20, 1.06),
  ('561a67a1-4710-58f8-9bd6-ebe8ba328df9', 21, 1.083),
  ('561a67a1-4710-58f8-9bd6-ebe8ba328df9', 22, 1.09),
  ('561a67a1-4710-58f8-9bd6-ebe8ba328df9', 23, 1.091),
  ('561a67a1-4710-58f8-9bd6-ebe8ba328df9', 24, 1.094),
  ('24b03546-c8b5-5920-986d-3426ad194c33', 0, 0.238),
  ('24b03546-c8b5-5920-986d-3426ad194c33', 1, 0.343),
  ('24b03546-c8b5-5920-986d-3426ad194c33', 2, 0.417),
  ('24b03546-c8b5-5920-986d-3426ad194c33', 3, 0.481),
  ('24b03546-c8b5-5920-986d-3426ad194c33', 4, 0.536),
  ('24b03546-c8b5-5920-986d-3426ad194c33', 5, 0.587),
  ('24b03546-c8b5-5920-986d-3426ad194c33', 6, 0.632),
  ('24b03546-c8b5-5920-986d-3426ad194c33', 7, 0.668),
  ('24b03546-c8b5-5920-986d-3426ad194c33', 8, 0.716),
  ('24b03546-c8b5-5920-986d-3426ad194c33', 9, 0.756),
  ('24b03546-c8b5-5920-986d-3426ad194c33', 10, 0.788),
  ('24b03546-c8b5-5920-986d-3426ad194c33', 11, 0.818),
  ('24b03546-c8b5-5920-986d-3426ad194c33', 12, 0.85),
  ('24b03546-c8b5-5920-986d-3426ad194c33', 13, 0.887),
  ('24b03546-c8b5-5920-986d-3426ad194c33', 14, 0.904),
  ('24b03546-c8b5-5920-986d-3426ad194c33', 15, 0.934),
  ('24b03546-c8b5-5920-986d-3426ad194c33', 16, 0.968),
  ('24b03546-c8b5-5920-986d-3426ad194c33', 17, 0.982),
  ('24b03546-c8b5-5920-986d-3426ad194c33', 18, 0.994),
  ('24b03546-c8b5-5920-986d-3426ad194c33', 19, 1.005),
  ('24b03546-c8b5-5920-986d-3426ad194c33', 20, 1.007),
  ('24b03546-c8b5-5920-986d-3426ad194c33', 21, 1.009),
  ('24b03546-c8b5-5920-986d-3426ad194c33', 22, 1.015),
  ('24b03546-c8b5-5920-986d-3426ad194c33', 23, 1.024),
  ('24b03546-c8b5-5920-986d-3426ad194c33', 24, 1.02),
  ('56a8d426-03a1-5863-a8da-c62622636df8', 0, 0.238),
  ('56a8d426-03a1-5863-a8da-c62622636df8', 1, 0.315),
  ('56a8d426-03a1-5863-a8da-c62622636df8', 2, 0.396),
  ('56a8d426-03a1-5863-a8da-c62622636df8', 3, 0.472),
  ('56a8d426-03a1-5863-a8da-c62622636df8', 4, 0.538),
  ('56a8d426-03a1-5863-a8da-c62622636df8', 5, 0.586),
  ('56a8d426-03a1-5863-a8da-c62622636df8', 6, 0.634),
  ('56a8d426-03a1-5863-a8da-c62622636df8', 7, 0.68),
  ('56a8d426-03a1-5863-a8da-c62622636df8', 8, 0.727),
  ('56a8d426-03a1-5863-a8da-c62622636df8', 9, 0.767),
  ('56a8d426-03a1-5863-a8da-c62622636df8', 10, 0.802),
  ('56a8d426-03a1-5863-a8da-c62622636df8', 11, 0.837),
  ('56a8d426-03a1-5863-a8da-c62622636df8', 12, 0.874),
  ('56a8d426-03a1-5863-a8da-c62622636df8', 13, 0.908),
  ('56a8d426-03a1-5863-a8da-c62622636df8', 14, 0.948),
  ('56a8d426-03a1-5863-a8da-c62622636df8', 15, 0.993),
  ('56a8d426-03a1-5863-a8da-c62622636df8', 16, 1.017),
  ('56a8d426-03a1-5863-a8da-c62622636df8', 17, 1.045),
  ('56a8d426-03a1-5863-a8da-c62622636df8', 18, 1.064),
  ('56a8d426-03a1-5863-a8da-c62622636df8', 19, 0.992),
  ('56a8d426-03a1-5863-a8da-c62622636df8', 20, 1.026),
  ('56a8d426-03a1-5863-a8da-c62622636df8', 21, 1.067),
  ('56a8d426-03a1-5863-a8da-c62622636df8', 22, 1.053),
  ('56a8d426-03a1-5863-a8da-c62622636df8', 23, 1.061),
  ('56a8d426-03a1-5863-a8da-c62622636df8', 24, 1.11),
  ('bf9f126d-3cb6-577f-bfbc-84cea022e7f6', 0, 0.266),
  ('bf9f126d-3cb6-577f-bfbc-84cea022e7f6', 1, 0.324),
  ('bf9f126d-3cb6-577f-bfbc-84cea022e7f6', 2, 0.407),
  ('bf9f126d-3cb6-577f-bfbc-84cea022e7f6', 3, 0.483),
  ('bf9f126d-3cb6-577f-bfbc-84cea022e7f6', 4, 0.534),
  ('bf9f126d-3cb6-577f-bfbc-84cea022e7f6', 5, 0.583),
  ('bf9f126d-3cb6-577f-bfbc-84cea022e7f6', 6, 0.634),
  ('bf9f126d-3cb6-577f-bfbc-84cea022e7f6', 7, 0.681),
  ('bf9f126d-3cb6-577f-bfbc-84cea022e7f6', 8, 0.736),
  ('bf9f126d-3cb6-577f-bfbc-84cea022e7f6', 9, 0.778),
  ('bf9f126d-3cb6-577f-bfbc-84cea022e7f6', 10, 0.822),
  ('bf9f126d-3cb6-577f-bfbc-84cea022e7f6', 11, 0.866),
  ('bf9f126d-3cb6-577f-bfbc-84cea022e7f6', 12, 0.913),
  ('bf9f126d-3cb6-577f-bfbc-84cea022e7f6', 13, 0.945),
  ('bf9f126d-3cb6-577f-bfbc-84cea022e7f6', 14, 0.967),
  ('bf9f126d-3cb6-577f-bfbc-84cea022e7f6', 15, 1.0),
  ('bf9f126d-3cb6-577f-bfbc-84cea022e7f6', 16, 1.056),
  ('bf9f126d-3cb6-577f-bfbc-84cea022e7f6', 17, 1.067),
  ('bf9f126d-3cb6-577f-bfbc-84cea022e7f6', 18, 1.067),
  ('bf9f126d-3cb6-577f-bfbc-84cea022e7f6', 19, 1.0),
  ('bf9f126d-3cb6-577f-bfbc-84cea022e7f6', 20, 1.015),
  ('bf9f126d-3cb6-577f-bfbc-84cea022e7f6', 21, 1.099),
  ('bf9f126d-3cb6-577f-bfbc-84cea022e7f6', 22, 1.139),
  ('bf9f126d-3cb6-577f-bfbc-84cea022e7f6', 23, 1.139),
  ('bf9f126d-3cb6-577f-bfbc-84cea022e7f6', 24, 1.138),
  ('b9763599-8dde-5657-a151-589746a45ed1', 0, 0.246),
  ('b9763599-8dde-5657-a151-589746a45ed1', 1, 0.346),
  ('b9763599-8dde-5657-a151-589746a45ed1', 2, 0.421),
  ('b9763599-8dde-5657-a151-589746a45ed1', 3, 0.491),
  ('b9763599-8dde-5657-a151-589746a45ed1', 4, 0.556),
  ('b9763599-8dde-5657-a151-589746a45ed1', 5, 0.592),
  ('b9763599-8dde-5657-a151-589746a45ed1', 6, 0.637),
  ('b9763599-8dde-5657-a151-589746a45ed1', 7, 0.682),
  ('b9763599-8dde-5657-a151-589746a45ed1', 8, 0.727),
  ('b9763599-8dde-5657-a151-589746a45ed1', 9, 0.772),
  ('b9763599-8dde-5657-a151-589746a45ed1', 10, 0.818),
  ('b9763599-8dde-5657-a151-589746a45ed1', 11, 0.847),
  ('b9763599-8dde-5657-a151-589746a45ed1', 12, 0.873),
  ('b9763599-8dde-5657-a151-589746a45ed1', 13, 0.915),
  ('b9763599-8dde-5657-a151-589746a45ed1', 14, 0.943),
  ('b9763599-8dde-5657-a151-589746a45ed1', 15, 0.984),
  ('b9763599-8dde-5657-a151-589746a45ed1', 16, 1.019),
  ('b9763599-8dde-5657-a151-589746a45ed1', 17, 1.033),
  ('b9763599-8dde-5657-a151-589746a45ed1', 18, 1.037),
  ('b9763599-8dde-5657-a151-589746a45ed1', 19, 1.083),
  ('b9763599-8dde-5657-a151-589746a45ed1', 20, 1.097),
  ('b9763599-8dde-5657-a151-589746a45ed1', 21, 1.114),
  ('b9763599-8dde-5657-a151-589746a45ed1', 22, 1.144),
  ('b9763599-8dde-5657-a151-589746a45ed1', 23, 1.142),
  ('b9763599-8dde-5657-a151-589746a45ed1', 24, 1.121),
  ('2868444b-53b9-5663-8658-8f62576e70d2', 0, 0.236),
  ('2868444b-53b9-5663-8658-8f62576e70d2', 1, 0.314),
  ('2868444b-53b9-5663-8658-8f62576e70d2', 2, 0.394),
  ('2868444b-53b9-5663-8658-8f62576e70d2', 3, 0.473),
  ('2868444b-53b9-5663-8658-8f62576e70d2', 4, 0.524),
  ('2868444b-53b9-5663-8658-8f62576e70d2', 5, 0.58),
  ('2868444b-53b9-5663-8658-8f62576e70d2', 6, 0.627),
  ('2868444b-53b9-5663-8658-8f62576e70d2', 7, 0.677),
  ('2868444b-53b9-5663-8658-8f62576e70d2', 8, 0.72),
  ('2868444b-53b9-5663-8658-8f62576e70d2', 9, 0.764),
  ('2868444b-53b9-5663-8658-8f62576e70d2', 10, 0.785),
  ('2868444b-53b9-5663-8658-8f62576e70d2', 11, 0.836),
  ('2868444b-53b9-5663-8658-8f62576e70d2', 12, 0.856),
  ('2868444b-53b9-5663-8658-8f62576e70d2', 13, 0.896),
  ('2868444b-53b9-5663-8658-8f62576e70d2', 14, 0.929),
  ('2868444b-53b9-5663-8658-8f62576e70d2', 15, 0.964),
  ('2868444b-53b9-5663-8658-8f62576e70d2', 16, 0.974),
  ('2868444b-53b9-5663-8658-8f62576e70d2', 17, 0.979),
  ('2868444b-53b9-5663-8658-8f62576e70d2', 18, 1.007),
  ('2868444b-53b9-5663-8658-8f62576e70d2', 19, 1.002),
  ('2868444b-53b9-5663-8658-8f62576e70d2', 20, 1.004),
  ('2868444b-53b9-5663-8658-8f62576e70d2', 21, 1.015),
  ('2868444b-53b9-5663-8658-8f62576e70d2', 22, 1.037),
  ('2868444b-53b9-5663-8658-8f62576e70d2', 23, 1.033),
  ('2868444b-53b9-5663-8658-8f62576e70d2', 24, 1.1),
  ('5ec23e9b-5cbd-5ee1-b611-060bed33b6d6', 0, 0.233),
  ('5ec23e9b-5cbd-5ee1-b611-060bed33b6d6', 1, 0.332),
  ('5ec23e9b-5cbd-5ee1-b611-060bed33b6d6', 2, 0.411),
  ('5ec23e9b-5cbd-5ee1-b611-060bed33b6d6', 3, 0.482),
  ('5ec23e9b-5cbd-5ee1-b611-060bed33b6d6', 4, 0.538),
  ('5ec23e9b-5cbd-5ee1-b611-060bed33b6d6', 5, 0.577),
  ('5ec23e9b-5cbd-5ee1-b611-060bed33b6d6', 6, 0.623),
  ('5ec23e9b-5cbd-5ee1-b611-060bed33b6d6', 7, 0.665),
  ('5ec23e9b-5cbd-5ee1-b611-060bed33b6d6', 8, 0.714),
  ('5ec23e9b-5cbd-5ee1-b611-060bed33b6d6', 9, 0.762),
  ('5ec23e9b-5cbd-5ee1-b611-060bed33b6d6', 10, 0.796),
  ('5ec23e9b-5cbd-5ee1-b611-060bed33b6d6', 11, 0.835),
  ('5ec23e9b-5cbd-5ee1-b611-060bed33b6d6', 12, 0.876),
  ('5ec23e9b-5cbd-5ee1-b611-060bed33b6d6', 13, 0.899),
  ('5ec23e9b-5cbd-5ee1-b611-060bed33b6d6', 14, 0.939),
  ('5ec23e9b-5cbd-5ee1-b611-060bed33b6d6', 15, 0.966),
  ('5ec23e9b-5cbd-5ee1-b611-060bed33b6d6', 16, 1.001),
  ('5ec23e9b-5cbd-5ee1-b611-060bed33b6d6', 17, 1.029),
  ('5ec23e9b-5cbd-5ee1-b611-060bed33b6d6', 18, 1.044),
  ('5ec23e9b-5cbd-5ee1-b611-060bed33b6d6', 19, 1.029),
  ('5ec23e9b-5cbd-5ee1-b611-060bed33b6d6', 20, 1.007),
  ('5ec23e9b-5cbd-5ee1-b611-060bed33b6d6', 21, 0.998),
  ('5ec23e9b-5cbd-5ee1-b611-060bed33b6d6', 22, 0.998),
  ('5ec23e9b-5cbd-5ee1-b611-060bed33b6d6', 23, 1.054),
  ('5ec23e9b-5cbd-5ee1-b611-060bed33b6d6', 24, 1.1),
  ('b272f757-69e7-5527-99c1-d8b4d047f0a9', 0, 0.295),
  ('b272f757-69e7-5527-99c1-d8b4d047f0a9', 1, 0.357),
  ('b272f757-69e7-5527-99c1-d8b4d047f0a9', 2, 0.433),
  ('b272f757-69e7-5527-99c1-d8b4d047f0a9', 3, 0.513),
  ('b272f757-69e7-5527-99c1-d8b4d047f0a9', 4, 0.577),
  ('b272f757-69e7-5527-99c1-d8b4d047f0a9', 5, 0.63),
  ('b272f757-69e7-5527-99c1-d8b4d047f0a9', 6, 0.669),
  ('b272f757-69e7-5527-99c1-d8b4d047f0a9', 7, 0.711),
  ('b272f757-69e7-5527-99c1-d8b4d047f0a9', 8, 0.757),
  ('b272f757-69e7-5527-99c1-d8b4d047f0a9', 9, 0.786),
  ('b272f757-69e7-5527-99c1-d8b4d047f0a9', 10, 0.815),
  ('b272f757-69e7-5527-99c1-d8b4d047f0a9', 11, 0.84),
  ('b272f757-69e7-5527-99c1-d8b4d047f0a9', 12, 0.874),
  ('b272f757-69e7-5527-99c1-d8b4d047f0a9', 13, 0.911),
  ('b272f757-69e7-5527-99c1-d8b4d047f0a9', 14, 0.938),
  ('b272f757-69e7-5527-99c1-d8b4d047f0a9', 15, 0.972),
  ('b272f757-69e7-5527-99c1-d8b4d047f0a9', 16, 0.977),
  ('b272f757-69e7-5527-99c1-d8b4d047f0a9', 17, 0.995),
  ('b272f757-69e7-5527-99c1-d8b4d047f0a9', 18, 1.038),
  ('b272f757-69e7-5527-99c1-d8b4d047f0a9', 19, 1.05),
  ('b272f757-69e7-5527-99c1-d8b4d047f0a9', 20, 1.055),
  ('b272f757-69e7-5527-99c1-d8b4d047f0a9', 21, 1.034),
  ('b272f757-69e7-5527-99c1-d8b4d047f0a9', 22, 1.038),
  ('b272f757-69e7-5527-99c1-d8b4d047f0a9', 23, 1.045),
  ('b272f757-69e7-5527-99c1-d8b4d047f0a9', 24, 1.048),
  ('877d8dcc-e70d-55d9-9800-31dcbb6ab2d2', 0, 0.258),
  ('877d8dcc-e70d-55d9-9800-31dcbb6ab2d2', 1, 0.314),
  ('877d8dcc-e70d-55d9-9800-31dcbb6ab2d2', 2, 0.4),
  ('877d8dcc-e70d-55d9-9800-31dcbb6ab2d2', 3, 0.477),
  ('877d8dcc-e70d-55d9-9800-31dcbb6ab2d2', 4, 0.525),
  ('877d8dcc-e70d-55d9-9800-31dcbb6ab2d2', 5, 0.574),
  ('877d8dcc-e70d-55d9-9800-31dcbb6ab2d2', 6, 0.626),
  ('877d8dcc-e70d-55d9-9800-31dcbb6ab2d2', 7, 0.674),
  ('877d8dcc-e70d-55d9-9800-31dcbb6ab2d2', 8, 0.71),
  ('877d8dcc-e70d-55d9-9800-31dcbb6ab2d2', 9, 0.763),
  ('877d8dcc-e70d-55d9-9800-31dcbb6ab2d2', 10, 0.793),
  ('877d8dcc-e70d-55d9-9800-31dcbb6ab2d2', 11, 0.827),
  ('877d8dcc-e70d-55d9-9800-31dcbb6ab2d2', 12, 0.847),
  ('877d8dcc-e70d-55d9-9800-31dcbb6ab2d2', 13, 0.904),
  ('877d8dcc-e70d-55d9-9800-31dcbb6ab2d2', 14, 0.919),
  ('877d8dcc-e70d-55d9-9800-31dcbb6ab2d2', 15, 0.942),
  ('877d8dcc-e70d-55d9-9800-31dcbb6ab2d2', 16, 0.972),
  ('877d8dcc-e70d-55d9-9800-31dcbb6ab2d2', 17, 1.003),
  ('877d8dcc-e70d-55d9-9800-31dcbb6ab2d2', 18, 1.004),
  ('877d8dcc-e70d-55d9-9800-31dcbb6ab2d2', 19, 1.02),
  ('877d8dcc-e70d-55d9-9800-31dcbb6ab2d2', 20, 1.04),
  ('877d8dcc-e70d-55d9-9800-31dcbb6ab2d2', 21, 1.035),
  ('877d8dcc-e70d-55d9-9800-31dcbb6ab2d2', 22, 1.028),
  ('877d8dcc-e70d-55d9-9800-31dcbb6ab2d2', 23, 1.026),
  ('877d8dcc-e70d-55d9-9800-31dcbb6ab2d2', 24, 1.067),
  ('82de7dc8-5989-55f3-a61e-1f3159a38975', 0, 0.227),
  ('82de7dc8-5989-55f3-a61e-1f3159a38975', 1, 0.309),
  ('82de7dc8-5989-55f3-a61e-1f3159a38975', 2, 0.393),
  ('82de7dc8-5989-55f3-a61e-1f3159a38975', 3, 0.468),
  ('82de7dc8-5989-55f3-a61e-1f3159a38975', 4, 0.527),
  ('82de7dc8-5989-55f3-a61e-1f3159a38975', 5, 0.576),
  ('82de7dc8-5989-55f3-a61e-1f3159a38975', 6, 0.622),
  ('82de7dc8-5989-55f3-a61e-1f3159a38975', 7, 0.669),
  ('82de7dc8-5989-55f3-a61e-1f3159a38975', 8, 0.752),
  ('82de7dc8-5989-55f3-a61e-1f3159a38975', 9, 0.801),
  ('82de7dc8-5989-55f3-a61e-1f3159a38975', 10, 0.862),
  ('82de7dc8-5989-55f3-a61e-1f3159a38975', 11, 0.857),
  ('82de7dc8-5989-55f3-a61e-1f3159a38975', 12, 0.885),
  ('82de7dc8-5989-55f3-a61e-1f3159a38975', 13, 0.91),
  ('82de7dc8-5989-55f3-a61e-1f3159a38975', 14, 0.925),
  ('82de7dc8-5989-55f3-a61e-1f3159a38975', 15, 0.952),
  ('82de7dc8-5989-55f3-a61e-1f3159a38975', 16, 0.975),
  ('82de7dc8-5989-55f3-a61e-1f3159a38975', 17, 1.005),
  ('82de7dc8-5989-55f3-a61e-1f3159a38975', 18, 1.014),
  ('82de7dc8-5989-55f3-a61e-1f3159a38975', 19, 1.023),
  ('82de7dc8-5989-55f3-a61e-1f3159a38975', 20, 1.074),
  ('82de7dc8-5989-55f3-a61e-1f3159a38975', 21, 1.061),
  ('82de7dc8-5989-55f3-a61e-1f3159a38975', 22, 1.117),
  ('82de7dc8-5989-55f3-a61e-1f3159a38975', 23, 1.158),
  ('82de7dc8-5989-55f3-a61e-1f3159a38975', 24, 1.142),
  ('5b3031d0-5d71-57d6-843b-523873652883', 0, 0.241),
  ('5b3031d0-5d71-57d6-843b-523873652883', 1, 0.32),
  ('5b3031d0-5d71-57d6-843b-523873652883', 2, 0.403),
  ('5b3031d0-5d71-57d6-843b-523873652883', 3, 0.476),
  ('5b3031d0-5d71-57d6-843b-523873652883', 4, 0.543),
  ('5b3031d0-5d71-57d6-843b-523873652883', 5, 0.605),
  ('5b3031d0-5d71-57d6-843b-523873652883', 6, 0.657),
  ('5b3031d0-5d71-57d6-843b-523873652883', 7, 0.695),
  ('5b3031d0-5d71-57d6-843b-523873652883', 8, 0.735),
  ('5b3031d0-5d71-57d6-843b-523873652883', 9, 0.778),
  ('5b3031d0-5d71-57d6-843b-523873652883', 10, 0.814),
  ('5b3031d0-5d71-57d6-843b-523873652883', 11, 0.851),
  ('5b3031d0-5d71-57d6-843b-523873652883', 12, 0.88),
  ('5b3031d0-5d71-57d6-843b-523873652883', 13, 0.914),
  ('5b3031d0-5d71-57d6-843b-523873652883', 14, 0.942),
  ('5b3031d0-5d71-57d6-843b-523873652883', 15, 0.971),
  ('5b3031d0-5d71-57d6-843b-523873652883', 16, 1.006),
  ('5b3031d0-5d71-57d6-843b-523873652883', 17, 1.039),
  ('5b3031d0-5d71-57d6-843b-523873652883', 18, 1.047),
  ('5b3031d0-5d71-57d6-843b-523873652883', 19, 1.043),
  ('5b3031d0-5d71-57d6-843b-523873652883', 20, 1.08),
  ('5b3031d0-5d71-57d6-843b-523873652883', 21, 1.084),
  ('5b3031d0-5d71-57d6-843b-523873652883', 22, 1.099),
  ('5b3031d0-5d71-57d6-843b-523873652883', 23, 1.121),
  ('5b3031d0-5d71-57d6-843b-523873652883', 24, 1.122),
  ('21c59b4f-142b-5c49-b86a-d0d8036d61f9', 0, 0.249),
  ('21c59b4f-142b-5c49-b86a-d0d8036d61f9', 1, 0.33),
  ('21c59b4f-142b-5c49-b86a-d0d8036d61f9', 2, 0.412),
  ('21c59b4f-142b-5c49-b86a-d0d8036d61f9', 3, 0.479),
  ('21c59b4f-142b-5c49-b86a-d0d8036d61f9', 4, 0.544),
  ('21c59b4f-142b-5c49-b86a-d0d8036d61f9', 5, 0.59),
  ('21c59b4f-142b-5c49-b86a-d0d8036d61f9', 6, 0.64),
  ('21c59b4f-142b-5c49-b86a-d0d8036d61f9', 7, 0.68),
  ('21c59b4f-142b-5c49-b86a-d0d8036d61f9', 8, 0.723),
  ('21c59b4f-142b-5c49-b86a-d0d8036d61f9', 9, 0.768),
  ('21c59b4f-142b-5c49-b86a-d0d8036d61f9', 10, 0.811),
  ('21c59b4f-142b-5c49-b86a-d0d8036d61f9', 11, 0.842),
  ('21c59b4f-142b-5c49-b86a-d0d8036d61f9', 12, 0.866),
  ('21c59b4f-142b-5c49-b86a-d0d8036d61f9', 13, 0.907),
  ('21c59b4f-142b-5c49-b86a-d0d8036d61f9', 14, 0.941),
  ('21c59b4f-142b-5c49-b86a-d0d8036d61f9', 15, 0.964),
  ('21c59b4f-142b-5c49-b86a-d0d8036d61f9', 16, 0.984),
  ('21c59b4f-142b-5c49-b86a-d0d8036d61f9', 17, 0.992),
  ('21c59b4f-142b-5c49-b86a-d0d8036d61f9', 18, 1.013),
  ('21c59b4f-142b-5c49-b86a-d0d8036d61f9', 19, 1.017),
  ('21c59b4f-142b-5c49-b86a-d0d8036d61f9', 20, 1.035),
  ('21c59b4f-142b-5c49-b86a-d0d8036d61f9', 21, 1.042),
  ('21c59b4f-142b-5c49-b86a-d0d8036d61f9', 22, 1.067),
  ('21c59b4f-142b-5c49-b86a-d0d8036d61f9', 23, 1.1),
  ('21c59b4f-142b-5c49-b86a-d0d8036d61f9', 24, 1.11),
  ('e2b6afa2-70e2-502d-b197-17f06ae643b3', 0, 0.231),
  ('e2b6afa2-70e2-502d-b197-17f06ae643b3', 1, 0.31),
  ('e2b6afa2-70e2-502d-b197-17f06ae643b3', 2, 0.398),
  ('e2b6afa2-70e2-502d-b197-17f06ae643b3', 3, 0.473),
  ('e2b6afa2-70e2-502d-b197-17f06ae643b3', 4, 0.542),
  ('e2b6afa2-70e2-502d-b197-17f06ae643b3', 5, 0.588),
  ('e2b6afa2-70e2-502d-b197-17f06ae643b3', 6, 0.627),
  ('e2b6afa2-70e2-502d-b197-17f06ae643b3', 7, 0.678),
  ('e2b6afa2-70e2-502d-b197-17f06ae643b3', 8, 0.739),
  ('e2b6afa2-70e2-502d-b197-17f06ae643b3', 9, 0.806),
  ('e2b6afa2-70e2-502d-b197-17f06ae643b3', 10, 0.87),
  ('e2b6afa2-70e2-502d-b197-17f06ae643b3', 11, 0.885),
  ('e2b6afa2-70e2-502d-b197-17f06ae643b3', 12, 0.893),
  ('e2b6afa2-70e2-502d-b197-17f06ae643b3', 13, 0.9),
  ('e2b6afa2-70e2-502d-b197-17f06ae643b3', 14, 0.916),
  ('e2b6afa2-70e2-502d-b197-17f06ae643b3', 15, 0.945),
  ('e2b6afa2-70e2-502d-b197-17f06ae643b3', 16, 0.983),
  ('e2b6afa2-70e2-502d-b197-17f06ae643b3', 17, 1.017),
  ('e2b6afa2-70e2-502d-b197-17f06ae643b3', 18, 1.041),
  ('e2b6afa2-70e2-502d-b197-17f06ae643b3', 19, 1.074),
  ('e2b6afa2-70e2-502d-b197-17f06ae643b3', 20, 1.069),
  ('e2b6afa2-70e2-502d-b197-17f06ae643b3', 21, 1.046),
  ('e2b6afa2-70e2-502d-b197-17f06ae643b3', 22, 1.099),
  ('e2b6afa2-70e2-502d-b197-17f06ae643b3', 23, 1.124),
  ('e2b6afa2-70e2-502d-b197-17f06ae643b3', 24, 1.116),
  ('ea738910-b769-560e-a151-1f478536dede', 0, 0.256),
  ('ea738910-b769-560e-a151-1f478536dede', 1, 0.332),
  ('ea738910-b769-560e-a151-1f478536dede', 2, 0.414),
  ('ea738910-b769-560e-a151-1f478536dede', 3, 0.488),
  ('ea738910-b769-560e-a151-1f478536dede', 4, 0.54),
  ('ea738910-b769-560e-a151-1f478536dede', 5, 0.584),
  ('ea738910-b769-560e-a151-1f478536dede', 6, 0.632),
  ('ea738910-b769-560e-a151-1f478536dede', 7, 0.679),
  ('ea738910-b769-560e-a151-1f478536dede', 8, 0.721),
  ('ea738910-b769-560e-a151-1f478536dede', 9, 0.76),
  ('ea738910-b769-560e-a151-1f478536dede', 10, 0.799),
  ('ea738910-b769-560e-a151-1f478536dede', 11, 0.838),
  ('ea738910-b769-560e-a151-1f478536dede', 12, 0.863),
  ('ea738910-b769-560e-a151-1f478536dede', 13, 0.891),
  ('ea738910-b769-560e-a151-1f478536dede', 14, 0.921),
  ('ea738910-b769-560e-a151-1f478536dede', 15, 0.956),
  ('ea738910-b769-560e-a151-1f478536dede', 16, 0.995),
  ('ea738910-b769-560e-a151-1f478536dede', 17, 0.99),
  ('ea738910-b769-560e-a151-1f478536dede', 18, 0.996),
  ('ea738910-b769-560e-a151-1f478536dede', 19, 1.023),
  ('ea738910-b769-560e-a151-1f478536dede', 20, 1.043),
  ('ea738910-b769-560e-a151-1f478536dede', 21, 1.041),
  ('ea738910-b769-560e-a151-1f478536dede', 22, 1.035),
  ('ea738910-b769-560e-a151-1f478536dede', 23, 1.074),
  ('ea738910-b769-560e-a151-1f478536dede', 24, 1.069),
  ('3572427f-be10-5394-b727-b5401f800dd0', 0, 0.244),
  ('3572427f-be10-5394-b727-b5401f800dd0', 1, 0.32),
  ('3572427f-be10-5394-b727-b5401f800dd0', 2, 0.409),
  ('3572427f-be10-5394-b727-b5401f800dd0', 3, 0.472),
  ('3572427f-be10-5394-b727-b5401f800dd0', 4, 0.532),
  ('3572427f-be10-5394-b727-b5401f800dd0', 5, 0.572),
  ('3572427f-be10-5394-b727-b5401f800dd0', 6, 0.637),
  ('3572427f-be10-5394-b727-b5401f800dd0', 7, 0.672),
  ('3572427f-be10-5394-b727-b5401f800dd0', 8, 0.72),
  ('3572427f-be10-5394-b727-b5401f800dd0', 9, 0.768),
  ('3572427f-be10-5394-b727-b5401f800dd0', 10, 0.799),
  ('3572427f-be10-5394-b727-b5401f800dd0', 11, 0.831),
  ('3572427f-be10-5394-b727-b5401f800dd0', 12, 0.859),
  ('3572427f-be10-5394-b727-b5401f800dd0', 13, 0.908),
  ('3572427f-be10-5394-b727-b5401f800dd0', 14, 0.933),
  ('3572427f-be10-5394-b727-b5401f800dd0', 15, 0.961),
  ('3572427f-be10-5394-b727-b5401f800dd0', 16, 1.004),
  ('3572427f-be10-5394-b727-b5401f800dd0', 17, 0.996),
  ('3572427f-be10-5394-b727-b5401f800dd0', 18, 1.023),
  ('3572427f-be10-5394-b727-b5401f800dd0', 19, 0.989),
  ('3572427f-be10-5394-b727-b5401f800dd0', 20, 1.045),
  ('3572427f-be10-5394-b727-b5401f800dd0', 21, 1.035),
  ('3572427f-be10-5394-b727-b5401f800dd0', 22, 1.038),
  ('3572427f-be10-5394-b727-b5401f800dd0', 23, 1.137),
  ('3572427f-be10-5394-b727-b5401f800dd0', 24, 1.136),
  ('f80d8306-2443-5ab8-ac79-98d5cf95281a', 0, 0.224),
  ('f80d8306-2443-5ab8-ac79-98d5cf95281a', 1, 0.314),
  ('f80d8306-2443-5ab8-ac79-98d5cf95281a', 2, 0.398),
  ('f80d8306-2443-5ab8-ac79-98d5cf95281a', 3, 0.468),
  ('f80d8306-2443-5ab8-ac79-98d5cf95281a', 4, 0.527),
  ('f80d8306-2443-5ab8-ac79-98d5cf95281a', 5, 0.572),
  ('f80d8306-2443-5ab8-ac79-98d5cf95281a', 6, 0.624),
  ('f80d8306-2443-5ab8-ac79-98d5cf95281a', 7, 0.67),
  ('f80d8306-2443-5ab8-ac79-98d5cf95281a', 8, 0.716),
  ('f80d8306-2443-5ab8-ac79-98d5cf95281a', 9, 0.757),
  ('f80d8306-2443-5ab8-ac79-98d5cf95281a', 10, 0.799),
  ('f80d8306-2443-5ab8-ac79-98d5cf95281a', 11, 0.82),
  ('f80d8306-2443-5ab8-ac79-98d5cf95281a', 12, 0.858),
  ('f80d8306-2443-5ab8-ac79-98d5cf95281a', 13, 0.887),
  ('f80d8306-2443-5ab8-ac79-98d5cf95281a', 14, 0.923),
  ('f80d8306-2443-5ab8-ac79-98d5cf95281a', 15, 0.966),
  ('f80d8306-2443-5ab8-ac79-98d5cf95281a', 16, 1.015),
  ('f80d8306-2443-5ab8-ac79-98d5cf95281a', 17, 1.032),
  ('f80d8306-2443-5ab8-ac79-98d5cf95281a', 18, 1.033),
  ('f80d8306-2443-5ab8-ac79-98d5cf95281a', 19, 1.04),
  ('f80d8306-2443-5ab8-ac79-98d5cf95281a', 20, 1.048),
  ('f80d8306-2443-5ab8-ac79-98d5cf95281a', 21, 1.084),
  ('f80d8306-2443-5ab8-ac79-98d5cf95281a', 22, 1.081),
  ('f80d8306-2443-5ab8-ac79-98d5cf95281a', 23, 1.093),
  ('f80d8306-2443-5ab8-ac79-98d5cf95281a', 24, 1.142),
  ('15c58e43-8742-589b-919e-b43705aee50d', 0, 0.234),
  ('15c58e43-8742-589b-919e-b43705aee50d', 1, 0.332),
  ('15c58e43-8742-589b-919e-b43705aee50d', 2, 0.411),
  ('15c58e43-8742-589b-919e-b43705aee50d', 3, 0.482),
  ('15c58e43-8742-589b-919e-b43705aee50d', 4, 0.538),
  ('15c58e43-8742-589b-919e-b43705aee50d', 5, 0.577),
  ('15c58e43-8742-589b-919e-b43705aee50d', 6, 0.623),
  ('15c58e43-8742-589b-919e-b43705aee50d', 7, 0.665),
  ('15c58e43-8742-589b-919e-b43705aee50d', 8, 0.714),
  ('15c58e43-8742-589b-919e-b43705aee50d', 9, 0.762),
  ('15c58e43-8742-589b-919e-b43705aee50d', 10, 0.796),
  ('15c58e43-8742-589b-919e-b43705aee50d', 11, 0.83),
  ('15c58e43-8742-589b-919e-b43705aee50d', 12, 0.876),
  ('15c58e43-8742-589b-919e-b43705aee50d', 13, 0.899),
  ('15c58e43-8742-589b-919e-b43705aee50d', 14, 0.939),
  ('15c58e43-8742-589b-919e-b43705aee50d', 15, 0.966),
  ('15c58e43-8742-589b-919e-b43705aee50d', 16, 0.992),
  ('15c58e43-8742-589b-919e-b43705aee50d', 17, 0.984),
  ('15c58e43-8742-589b-919e-b43705aee50d', 18, 0.993),
  ('15c58e43-8742-589b-919e-b43705aee50d', 19, 0.995),
  ('15c58e43-8742-589b-919e-b43705aee50d', 20, 1.007),
  ('15c58e43-8742-589b-919e-b43705aee50d', 21, 0.998),
  ('15c58e43-8742-589b-919e-b43705aee50d', 22, 0.998),
  ('15c58e43-8742-589b-919e-b43705aee50d', 23, 1.055),
  ('15c58e43-8742-589b-919e-b43705aee50d', 24, 1.101),
  ('7bbd9675-cec0-50cb-8311-34d6792a9c0c', 0, 0.278),
  ('7bbd9675-cec0-50cb-8311-34d6792a9c0c', 1, 0.333),
  ('7bbd9675-cec0-50cb-8311-34d6792a9c0c', 2, 0.417),
  ('7bbd9675-cec0-50cb-8311-34d6792a9c0c', 3, 0.486),
  ('7bbd9675-cec0-50cb-8311-34d6792a9c0c', 4, 0.552),
  ('7bbd9675-cec0-50cb-8311-34d6792a9c0c', 5, 0.589),
  ('7bbd9675-cec0-50cb-8311-34d6792a9c0c', 6, 0.636),
  ('7bbd9675-cec0-50cb-8311-34d6792a9c0c', 7, 0.687),
  ('7bbd9675-cec0-50cb-8311-34d6792a9c0c', 8, 0.731),
  ('7bbd9675-cec0-50cb-8311-34d6792a9c0c', 9, 0.788),
  ('7bbd9675-cec0-50cb-8311-34d6792a9c0c', 10, 0.819),
  ('7bbd9675-cec0-50cb-8311-34d6792a9c0c', 11, 0.865),
  ('7bbd9675-cec0-50cb-8311-34d6792a9c0c', 12, 0.903),
  ('7bbd9675-cec0-50cb-8311-34d6792a9c0c', 13, 0.93),
  ('7bbd9675-cec0-50cb-8311-34d6792a9c0c', 14, 0.97),
  ('7bbd9675-cec0-50cb-8311-34d6792a9c0c', 15, 0.954),
  ('7bbd9675-cec0-50cb-8311-34d6792a9c0c', 16, 1.025),
  ('7bbd9675-cec0-50cb-8311-34d6792a9c0c', 17, 1.026),
  ('7bbd9675-cec0-50cb-8311-34d6792a9c0c', 18, 1.05),
  ('7bbd9675-cec0-50cb-8311-34d6792a9c0c', 19, 1.046),
  ('7bbd9675-cec0-50cb-8311-34d6792a9c0c', 20, 1.069),
  ('7bbd9675-cec0-50cb-8311-34d6792a9c0c', 21, 1.08),
  ('7bbd9675-cec0-50cb-8311-34d6792a9c0c', 22, 1.068),
  ('7bbd9675-cec0-50cb-8311-34d6792a9c0c', 23, 1.097),
  ('7bbd9675-cec0-50cb-8311-34d6792a9c0c', 24, 1.097),
  ('7dbfbbc0-85a3-56d6-ad07-31621f899de9', 0, 0.238),
  ('7dbfbbc0-85a3-56d6-ad07-31621f899de9', 1, 0.318),
  ('7dbfbbc0-85a3-56d6-ad07-31621f899de9', 2, 0.399),
  ('7dbfbbc0-85a3-56d6-ad07-31621f899de9', 3, 0.478),
  ('7dbfbbc0-85a3-56d6-ad07-31621f899de9', 4, 0.541),
  ('7dbfbbc0-85a3-56d6-ad07-31621f899de9', 5, 0.599),
  ('7dbfbbc0-85a3-56d6-ad07-31621f899de9', 6, 0.649),
  ('7dbfbbc0-85a3-56d6-ad07-31621f899de9', 7, 0.691),
  ('7dbfbbc0-85a3-56d6-ad07-31621f899de9', 8, 0.742),
  ('7dbfbbc0-85a3-56d6-ad07-31621f899de9', 9, 0.78),
  ('7dbfbbc0-85a3-56d6-ad07-31621f899de9', 10, 0.808),
  ('7dbfbbc0-85a3-56d6-ad07-31621f899de9', 11, 0.845),
  ('7dbfbbc0-85a3-56d6-ad07-31621f899de9', 12, 0.873),
  ('7dbfbbc0-85a3-56d6-ad07-31621f899de9', 13, 0.919),
  ('7dbfbbc0-85a3-56d6-ad07-31621f899de9', 14, 0.956),
  ('7dbfbbc0-85a3-56d6-ad07-31621f899de9', 15, 0.978),
  ('7dbfbbc0-85a3-56d6-ad07-31621f899de9', 16, 1.013),
  ('7dbfbbc0-85a3-56d6-ad07-31621f899de9', 17, 1.034),
  ('7dbfbbc0-85a3-56d6-ad07-31621f899de9', 18, 1.049),
  ('7dbfbbc0-85a3-56d6-ad07-31621f899de9', 19, 1.062),
  ('7dbfbbc0-85a3-56d6-ad07-31621f899de9', 20, 1.079),
  ('7dbfbbc0-85a3-56d6-ad07-31621f899de9', 21, 1.089),
  ('7dbfbbc0-85a3-56d6-ad07-31621f899de9', 22, 1.11),
  ('7dbfbbc0-85a3-56d6-ad07-31621f899de9', 23, 1.104),
  ('7dbfbbc0-85a3-56d6-ad07-31621f899de9', 24, 1.151),
  ('6b845a24-a9d7-550d-8ab0-16286211b25b', 0, 0.242),
  ('6b845a24-a9d7-550d-8ab0-16286211b25b', 1, 0.336),
  ('6b845a24-a9d7-550d-8ab0-16286211b25b', 2, 0.402),
  ('6b845a24-a9d7-550d-8ab0-16286211b25b', 3, 0.477),
  ('6b845a24-a9d7-550d-8ab0-16286211b25b', 4, 0.537),
  ('6b845a24-a9d7-550d-8ab0-16286211b25b', 5, 0.58),
  ('6b845a24-a9d7-550d-8ab0-16286211b25b', 6, 0.62),
  ('6b845a24-a9d7-550d-8ab0-16286211b25b', 7, 0.665),
  ('6b845a24-a9d7-550d-8ab0-16286211b25b', 8, 0.713),
  ('6b845a24-a9d7-550d-8ab0-16286211b25b', 9, 0.758),
  ('6b845a24-a9d7-550d-8ab0-16286211b25b', 10, 0.798),
  ('6b845a24-a9d7-550d-8ab0-16286211b25b', 11, 0.831),
  ('6b845a24-a9d7-550d-8ab0-16286211b25b', 12, 0.863),
  ('6b845a24-a9d7-550d-8ab0-16286211b25b', 13, 0.894),
  ('6b845a24-a9d7-550d-8ab0-16286211b25b', 14, 0.912),
  ('6b845a24-a9d7-550d-8ab0-16286211b25b', 15, 0.969),
  ('6b845a24-a9d7-550d-8ab0-16286211b25b', 16, 0.992),
  ('6b845a24-a9d7-550d-8ab0-16286211b25b', 17, 0.977),
  ('6b845a24-a9d7-550d-8ab0-16286211b25b', 18, 1.009),
  ('6b845a24-a9d7-550d-8ab0-16286211b25b', 19, 1.011),
  ('6b845a24-a9d7-550d-8ab0-16286211b25b', 20, 1.069),
  ('6b845a24-a9d7-550d-8ab0-16286211b25b', 21, 1.054),
  ('6b845a24-a9d7-550d-8ab0-16286211b25b', 22, 1.076),
  ('6b845a24-a9d7-550d-8ab0-16286211b25b', 23, 1.046),
  ('6b845a24-a9d7-550d-8ab0-16286211b25b', 24, 1.054),
  ('5ff9b3c1-0651-5917-ad35-693351070d7b', 0, 0.234),
  ('5ff9b3c1-0651-5917-ad35-693351070d7b', 1, 0.32),
  ('5ff9b3c1-0651-5917-ad35-693351070d7b', 2, 0.404),
  ('5ff9b3c1-0651-5917-ad35-693351070d7b', 3, 0.48),
  ('5ff9b3c1-0651-5917-ad35-693351070d7b', 4, 0.543),
  ('5ff9b3c1-0651-5917-ad35-693351070d7b', 5, 0.592),
  ('5ff9b3c1-0651-5917-ad35-693351070d7b', 6, 0.646),
  ('5ff9b3c1-0651-5917-ad35-693351070d7b', 7, 0.681),
  ('5ff9b3c1-0651-5917-ad35-693351070d7b', 8, 0.724),
  ('5ff9b3c1-0651-5917-ad35-693351070d7b', 9, 0.777),
  ('5ff9b3c1-0651-5917-ad35-693351070d7b', 10, 0.815),
  ('5ff9b3c1-0651-5917-ad35-693351070d7b', 11, 0.846),
  ('5ff9b3c1-0651-5917-ad35-693351070d7b', 12, 0.859),
  ('5ff9b3c1-0651-5917-ad35-693351070d7b', 13, 0.901),
  ('5ff9b3c1-0651-5917-ad35-693351070d7b', 14, 0.936),
  ('5ff9b3c1-0651-5917-ad35-693351070d7b', 15, 0.955),
  ('5ff9b3c1-0651-5917-ad35-693351070d7b', 16, 0.987),
  ('5ff9b3c1-0651-5917-ad35-693351070d7b', 17, 1.004),
  ('5ff9b3c1-0651-5917-ad35-693351070d7b', 18, 1.042),
  ('5ff9b3c1-0651-5917-ad35-693351070d7b', 19, 1.059),
  ('5ff9b3c1-0651-5917-ad35-693351070d7b', 20, 1.068),
  ('5ff9b3c1-0651-5917-ad35-693351070d7b', 21, 1.11),
  ('5ff9b3c1-0651-5917-ad35-693351070d7b', 22, 1.095),
  ('5ff9b3c1-0651-5917-ad35-693351070d7b', 23, 1.126),
  ('5ff9b3c1-0651-5917-ad35-693351070d7b', 24, 1.11),
  ('b960cdf0-a0c6-531b-8234-31a34f087248', 0, 0.256),
  ('b960cdf0-a0c6-531b-8234-31a34f087248', 1, 0.339),
  ('b960cdf0-a0c6-531b-8234-31a34f087248', 2, 0.417),
  ('b960cdf0-a0c6-531b-8234-31a34f087248', 3, 0.483),
  ('b960cdf0-a0c6-531b-8234-31a34f087248', 4, 0.544),
  ('b960cdf0-a0c6-531b-8234-31a34f087248', 5, 0.582),
  ('b960cdf0-a0c6-531b-8234-31a34f087248', 6, 0.627),
  ('b960cdf0-a0c6-531b-8234-31a34f087248', 7, 0.679),
  ('b960cdf0-a0c6-531b-8234-31a34f087248', 8, 0.725),
  ('b960cdf0-a0c6-531b-8234-31a34f087248', 9, 0.775),
  ('b960cdf0-a0c6-531b-8234-31a34f087248', 10, 0.812),
  ('b960cdf0-a0c6-531b-8234-31a34f087248', 11, 0.841),
  ('b960cdf0-a0c6-531b-8234-31a34f087248', 12, 0.866),
  ('b960cdf0-a0c6-531b-8234-31a34f087248', 13, 0.91),
  ('b960cdf0-a0c6-531b-8234-31a34f087248', 14, 0.945),
  ('b960cdf0-a0c6-531b-8234-31a34f087248', 15, 0.99),
  ('b960cdf0-a0c6-531b-8234-31a34f087248', 16, 1.02),
  ('b960cdf0-a0c6-531b-8234-31a34f087248', 17, 1.043),
  ('b960cdf0-a0c6-531b-8234-31a34f087248', 18, 1.037),
  ('b960cdf0-a0c6-531b-8234-31a34f087248', 19, 1.046),
  ('b960cdf0-a0c6-531b-8234-31a34f087248', 20, 1.075),
  ('b960cdf0-a0c6-531b-8234-31a34f087248', 21, 1.1),
  ('b960cdf0-a0c6-531b-8234-31a34f087248', 22, 1.095),
  ('b960cdf0-a0c6-531b-8234-31a34f087248', 23, 1.109),
  ('b960cdf0-a0c6-531b-8234-31a34f087248', 24, 1.079),
  ('a0f42dc5-035f-5a76-b16c-23d76f2757f0', 0, 0.238),
  ('a0f42dc5-035f-5a76-b16c-23d76f2757f0', 1, 0.318),
  ('a0f42dc5-035f-5a76-b16c-23d76f2757f0', 2, 0.397),
  ('a0f42dc5-035f-5a76-b16c-23d76f2757f0', 3, 0.483),
  ('a0f42dc5-035f-5a76-b16c-23d76f2757f0', 4, 0.539),
  ('a0f42dc5-035f-5a76-b16c-23d76f2757f0', 5, 0.595),
  ('a0f42dc5-035f-5a76-b16c-23d76f2757f0', 6, 0.641),
  ('a0f42dc5-035f-5a76-b16c-23d76f2757f0', 7, 0.681),
  ('a0f42dc5-035f-5a76-b16c-23d76f2757f0', 8, 0.733),
  ('a0f42dc5-035f-5a76-b16c-23d76f2757f0', 9, 0.769),
  ('a0f42dc5-035f-5a76-b16c-23d76f2757f0', 10, 0.817),
  ('a0f42dc5-035f-5a76-b16c-23d76f2757f0', 11, 0.859),
  ('a0f42dc5-035f-5a76-b16c-23d76f2757f0', 12, 0.891),
  ('a0f42dc5-035f-5a76-b16c-23d76f2757f0', 13, 0.916),
  ('a0f42dc5-035f-5a76-b16c-23d76f2757f0', 14, 0.956),
  ('a0f42dc5-035f-5a76-b16c-23d76f2757f0', 15, 0.969),
  ('a0f42dc5-035f-5a76-b16c-23d76f2757f0', 16, 0.985),
  ('a0f42dc5-035f-5a76-b16c-23d76f2757f0', 17, 1.023),
  ('a0f42dc5-035f-5a76-b16c-23d76f2757f0', 18, 1.059),
  ('a0f42dc5-035f-5a76-b16c-23d76f2757f0', 19, 1.065),
  ('a0f42dc5-035f-5a76-b16c-23d76f2757f0', 20, 1.065),
  ('a0f42dc5-035f-5a76-b16c-23d76f2757f0', 21, 1.074),
  ('a0f42dc5-035f-5a76-b16c-23d76f2757f0', 22, 1.087),
  ('a0f42dc5-035f-5a76-b16c-23d76f2757f0', 23, 1.112),
  ('a0f42dc5-035f-5a76-b16c-23d76f2757f0', 24, 1.131),
  ('bde388a0-e75a-50ec-8fa2-8fdf33a0b4f8', 0, 0.245),
  ('bde388a0-e75a-50ec-8fa2-8fdf33a0b4f8', 1, 0.334),
  ('bde388a0-e75a-50ec-8fa2-8fdf33a0b4f8', 2, 0.403),
  ('bde388a0-e75a-50ec-8fa2-8fdf33a0b4f8', 3, 0.474),
  ('bde388a0-e75a-50ec-8fa2-8fdf33a0b4f8', 4, 0.538),
  ('bde388a0-e75a-50ec-8fa2-8fdf33a0b4f8', 5, 0.576),
  ('bde388a0-e75a-50ec-8fa2-8fdf33a0b4f8', 6, 0.614),
  ('bde388a0-e75a-50ec-8fa2-8fdf33a0b4f8', 7, 0.665),
  ('bde388a0-e75a-50ec-8fa2-8fdf33a0b4f8', 8, 0.714),
  ('bde388a0-e75a-50ec-8fa2-8fdf33a0b4f8', 9, 0.758),
  ('bde388a0-e75a-50ec-8fa2-8fdf33a0b4f8', 10, 0.8),
  ('bde388a0-e75a-50ec-8fa2-8fdf33a0b4f8', 11, 0.829),
  ('bde388a0-e75a-50ec-8fa2-8fdf33a0b4f8', 12, 0.873),
  ('bde388a0-e75a-50ec-8fa2-8fdf33a0b4f8', 13, 0.9),
  ('bde388a0-e75a-50ec-8fa2-8fdf33a0b4f8', 14, 0.944),
  ('bde388a0-e75a-50ec-8fa2-8fdf33a0b4f8', 15, 0.984),
  ('bde388a0-e75a-50ec-8fa2-8fdf33a0b4f8', 16, 1.0),
  ('bde388a0-e75a-50ec-8fa2-8fdf33a0b4f8', 17, 0.985),
  ('bde388a0-e75a-50ec-8fa2-8fdf33a0b4f8', 18, 1.013),
  ('bde388a0-e75a-50ec-8fa2-8fdf33a0b4f8', 19, 1.013),
  ('bde388a0-e75a-50ec-8fa2-8fdf33a0b4f8', 20, 1.0),
  ('bde388a0-e75a-50ec-8fa2-8fdf33a0b4f8', 21, 1.061),
  ('bde388a0-e75a-50ec-8fa2-8fdf33a0b4f8', 22, 1.077),
  ('bde388a0-e75a-50ec-8fa2-8fdf33a0b4f8', 23, 1.123),
  ('bde388a0-e75a-50ec-8fa2-8fdf33a0b4f8', 24, 1.094),
  ('889763f8-913c-51ae-bc4f-9c9f67ebf058', 0, 0.238),
  ('889763f8-913c-51ae-bc4f-9c9f67ebf058', 1, 0.313),
  ('889763f8-913c-51ae-bc4f-9c9f67ebf058', 2, 0.392),
  ('889763f8-913c-51ae-bc4f-9c9f67ebf058', 3, 0.468),
  ('889763f8-913c-51ae-bc4f-9c9f67ebf058', 4, 0.529),
  ('889763f8-913c-51ae-bc4f-9c9f67ebf058', 5, 0.577),
  ('889763f8-913c-51ae-bc4f-9c9f67ebf058', 6, 0.623),
  ('889763f8-913c-51ae-bc4f-9c9f67ebf058', 7, 0.666),
  ('889763f8-913c-51ae-bc4f-9c9f67ebf058', 8, 0.723),
  ('889763f8-913c-51ae-bc4f-9c9f67ebf058', 9, 0.768),
  ('889763f8-913c-51ae-bc4f-9c9f67ebf058', 10, 0.809),
  ('889763f8-913c-51ae-bc4f-9c9f67ebf058', 11, 0.847),
  ('889763f8-913c-51ae-bc4f-9c9f67ebf058', 12, 0.883),
  ('889763f8-913c-51ae-bc4f-9c9f67ebf058', 13, 0.911),
  ('889763f8-913c-51ae-bc4f-9c9f67ebf058', 14, 0.948),
  ('889763f8-913c-51ae-bc4f-9c9f67ebf058', 15, 0.973),
  ('889763f8-913c-51ae-bc4f-9c9f67ebf058', 16, 0.995),
  ('889763f8-913c-51ae-bc4f-9c9f67ebf058', 17, 0.979),
  ('889763f8-913c-51ae-bc4f-9c9f67ebf058', 18, 1.017),
  ('889763f8-913c-51ae-bc4f-9c9f67ebf058', 19, 1.049),
  ('889763f8-913c-51ae-bc4f-9c9f67ebf058', 20, 1.04),
  ('889763f8-913c-51ae-bc4f-9c9f67ebf058', 21, 1.023),
  ('889763f8-913c-51ae-bc4f-9c9f67ebf058', 22, 1.045),
  ('889763f8-913c-51ae-bc4f-9c9f67ebf058', 23, 1.093),
  ('889763f8-913c-51ae-bc4f-9c9f67ebf058', 24, 1.087),
  ('350aecf6-d085-539f-bad0-6cf172383147', 0, 0.24),
  ('350aecf6-d085-539f-bad0-6cf172383147', 1, 0.331),
  ('350aecf6-d085-539f-bad0-6cf172383147', 2, 0.402),
  ('350aecf6-d085-539f-bad0-6cf172383147', 3, 0.469),
  ('350aecf6-d085-539f-bad0-6cf172383147', 4, 0.528),
  ('350aecf6-d085-539f-bad0-6cf172383147', 5, 0.571),
  ('350aecf6-d085-539f-bad0-6cf172383147', 6, 0.612),
  ('350aecf6-d085-539f-bad0-6cf172383147', 7, 0.662),
  ('350aecf6-d085-539f-bad0-6cf172383147', 8, 0.709),
  ('350aecf6-d085-539f-bad0-6cf172383147', 9, 0.755),
  ('350aecf6-d085-539f-bad0-6cf172383147', 10, 0.79),
  ('350aecf6-d085-539f-bad0-6cf172383147', 11, 0.823),
  ('350aecf6-d085-539f-bad0-6cf172383147', 12, 0.849),
  ('350aecf6-d085-539f-bad0-6cf172383147', 13, 0.876),
  ('350aecf6-d085-539f-bad0-6cf172383147', 14, 0.913),
  ('350aecf6-d085-539f-bad0-6cf172383147', 15, 0.952),
  ('350aecf6-d085-539f-bad0-6cf172383147', 16, 0.984),
  ('350aecf6-d085-539f-bad0-6cf172383147', 17, 1.001),
  ('350aecf6-d085-539f-bad0-6cf172383147', 18, 1.003),
  ('350aecf6-d085-539f-bad0-6cf172383147', 19, 1.005),
  ('350aecf6-d085-539f-bad0-6cf172383147', 20, 1.027),
  ('350aecf6-d085-539f-bad0-6cf172383147', 21, 1.025),
  ('350aecf6-d085-539f-bad0-6cf172383147', 22, 1.038),
  ('350aecf6-d085-539f-bad0-6cf172383147', 23, 1.054),
  ('350aecf6-d085-539f-bad0-6cf172383147', 24, 1.063),
  ('5e6b21af-44a1-5ad0-8f30-eb125cbea977', 0, 0.256),
  ('5e6b21af-44a1-5ad0-8f30-eb125cbea977', 1, 0.334),
  ('5e6b21af-44a1-5ad0-8f30-eb125cbea977', 2, 0.412),
  ('5e6b21af-44a1-5ad0-8f30-eb125cbea977', 3, 0.483),
  ('5e6b21af-44a1-5ad0-8f30-eb125cbea977', 4, 0.538),
  ('5e6b21af-44a1-5ad0-8f30-eb125cbea977', 5, 0.579),
  ('5e6b21af-44a1-5ad0-8f30-eb125cbea977', 6, 0.63),
  ('5e6b21af-44a1-5ad0-8f30-eb125cbea977', 7, 0.676),
  ('5e6b21af-44a1-5ad0-8f30-eb125cbea977', 8, 0.714),
  ('5e6b21af-44a1-5ad0-8f30-eb125cbea977', 9, 0.762),
  ('5e6b21af-44a1-5ad0-8f30-eb125cbea977', 10, 0.8),
  ('5e6b21af-44a1-5ad0-8f30-eb125cbea977', 11, 0.83),
  ('5e6b21af-44a1-5ad0-8f30-eb125cbea977', 12, 0.866),
  ('5e6b21af-44a1-5ad0-8f30-eb125cbea977', 13, 0.905),
  ('5e6b21af-44a1-5ad0-8f30-eb125cbea977', 14, 0.932),
  ('5e6b21af-44a1-5ad0-8f30-eb125cbea977', 15, 0.965),
  ('5e6b21af-44a1-5ad0-8f30-eb125cbea977', 16, 0.986),
  ('5e6b21af-44a1-5ad0-8f30-eb125cbea977', 17, 1.018),
  ('5e6b21af-44a1-5ad0-8f30-eb125cbea977', 18, 1.014),
  ('5e6b21af-44a1-5ad0-8f30-eb125cbea977', 19, 0.991),
  ('5e6b21af-44a1-5ad0-8f30-eb125cbea977', 20, 1.027),
  ('5e6b21af-44a1-5ad0-8f30-eb125cbea977', 21, 1.073),
  ('5e6b21af-44a1-5ad0-8f30-eb125cbea977', 22, 1.054),
  ('5e6b21af-44a1-5ad0-8f30-eb125cbea977', 23, 1.085),
  ('5e6b21af-44a1-5ad0-8f30-eb125cbea977', 24, 1.078),
  ('670ad623-5b19-5660-9788-23c16665644f', 0, 0.247),
  ('670ad623-5b19-5660-9788-23c16665644f', 1, 0.338),
  ('670ad623-5b19-5660-9788-23c16665644f', 2, 0.402),
  ('670ad623-5b19-5660-9788-23c16665644f', 3, 0.478),
  ('670ad623-5b19-5660-9788-23c16665644f', 4, 0.54),
  ('670ad623-5b19-5660-9788-23c16665644f', 5, 0.584),
  ('670ad623-5b19-5660-9788-23c16665644f', 6, 0.618),
  ('670ad623-5b19-5660-9788-23c16665644f', 7, 0.673),
  ('670ad623-5b19-5660-9788-23c16665644f', 8, 0.723),
  ('670ad623-5b19-5660-9788-23c16665644f', 9, 0.767),
  ('670ad623-5b19-5660-9788-23c16665644f', 10, 0.798),
  ('670ad623-5b19-5660-9788-23c16665644f', 11, 0.831),
  ('670ad623-5b19-5660-9788-23c16665644f', 12, 0.869),
  ('670ad623-5b19-5660-9788-23c16665644f', 13, 0.88),
  ('670ad623-5b19-5660-9788-23c16665644f', 14, 0.915),
  ('670ad623-5b19-5660-9788-23c16665644f', 15, 0.942),
  ('670ad623-5b19-5660-9788-23c16665644f', 16, 0.996),
  ('670ad623-5b19-5660-9788-23c16665644f', 17, 1.01),
  ('670ad623-5b19-5660-9788-23c16665644f', 18, 1.008),
  ('670ad623-5b19-5660-9788-23c16665644f', 19, 1.038),
  ('670ad623-5b19-5660-9788-23c16665644f', 20, 1.079),
  ('670ad623-5b19-5660-9788-23c16665644f', 21, 1.078),
  ('670ad623-5b19-5660-9788-23c16665644f', 22, 1.076),
  ('670ad623-5b19-5660-9788-23c16665644f', 23, 1.075),
  ('670ad623-5b19-5660-9788-23c16665644f', 24, 1.122),
  ('beeaa00c-3f45-556e-985c-cabd81f4637d', 0, 0.243),
  ('beeaa00c-3f45-556e-985c-cabd81f4637d', 1, 0.334),
  ('beeaa00c-3f45-556e-985c-cabd81f4637d', 2, 0.402),
  ('beeaa00c-3f45-556e-985c-cabd81f4637d', 3, 0.475),
  ('beeaa00c-3f45-556e-985c-cabd81f4637d', 4, 0.531),
  ('beeaa00c-3f45-556e-985c-cabd81f4637d', 5, 0.567),
  ('beeaa00c-3f45-556e-985c-cabd81f4637d', 6, 0.611),
  ('beeaa00c-3f45-556e-985c-cabd81f4637d', 7, 0.663),
  ('beeaa00c-3f45-556e-985c-cabd81f4637d', 8, 0.71),
  ('beeaa00c-3f45-556e-985c-cabd81f4637d', 9, 0.753),
  ('beeaa00c-3f45-556e-985c-cabd81f4637d', 10, 0.778),
  ('beeaa00c-3f45-556e-985c-cabd81f4637d', 11, 0.821),
  ('beeaa00c-3f45-556e-985c-cabd81f4637d', 12, 0.859),
  ('beeaa00c-3f45-556e-985c-cabd81f4637d', 13, 0.891),
  ('beeaa00c-3f45-556e-985c-cabd81f4637d', 14, 0.922),
  ('beeaa00c-3f45-556e-985c-cabd81f4637d', 15, 0.942),
  ('beeaa00c-3f45-556e-985c-cabd81f4637d', 16, 0.998),
  ('beeaa00c-3f45-556e-985c-cabd81f4637d', 17, 1.033),
  ('beeaa00c-3f45-556e-985c-cabd81f4637d', 18, 0.987),
  ('beeaa00c-3f45-556e-985c-cabd81f4637d', 19, 1.079),
  ('beeaa00c-3f45-556e-985c-cabd81f4637d', 20, 1.091),
  ('beeaa00c-3f45-556e-985c-cabd81f4637d', 21, 1.093),
  ('beeaa00c-3f45-556e-985c-cabd81f4637d', 22, 1.084),
  ('beeaa00c-3f45-556e-985c-cabd81f4637d', 23, 1.079),
  ('beeaa00c-3f45-556e-985c-cabd81f4637d', 24, 1.101),
  ('18d68f60-f516-5af3-9890-a45b8c992a52', 0, 0.233),
  ('18d68f60-f516-5af3-9890-a45b8c992a52', 1, 0.323),
  ('18d68f60-f516-5af3-9890-a45b8c992a52', 2, 0.396),
  ('18d68f60-f516-5af3-9890-a45b8c992a52', 3, 0.467),
  ('18d68f60-f516-5af3-9890-a45b8c992a52', 4, 0.531),
  ('18d68f60-f516-5af3-9890-a45b8c992a52', 5, 0.578),
  ('18d68f60-f516-5af3-9890-a45b8c992a52', 6, 0.625),
  ('18d68f60-f516-5af3-9890-a45b8c992a52', 7, 0.681),
  ('18d68f60-f516-5af3-9890-a45b8c992a52', 8, 0.733),
  ('18d68f60-f516-5af3-9890-a45b8c992a52', 9, 0.767),
  ('18d68f60-f516-5af3-9890-a45b8c992a52', 10, 0.801),
  ('18d68f60-f516-5af3-9890-a45b8c992a52', 11, 0.832),
  ('18d68f60-f516-5af3-9890-a45b8c992a52', 12, 0.866),
  ('18d68f60-f516-5af3-9890-a45b8c992a52', 13, 0.891),
  ('18d68f60-f516-5af3-9890-a45b8c992a52', 14, 0.926),
  ('18d68f60-f516-5af3-9890-a45b8c992a52', 15, 0.95),
  ('18d68f60-f516-5af3-9890-a45b8c992a52', 16, 1.003),
  ('18d68f60-f516-5af3-9890-a45b8c992a52', 17, 1.044),
  ('18d68f60-f516-5af3-9890-a45b8c992a52', 18, 1.069),
  ('18d68f60-f516-5af3-9890-a45b8c992a52', 19, 1.102),
  ('18d68f60-f516-5af3-9890-a45b8c992a52', 20, 1.019),
  ('18d68f60-f516-5af3-9890-a45b8c992a52', 21, 1.017),
  ('18d68f60-f516-5af3-9890-a45b8c992a52', 22, 1.116),
  ('18d68f60-f516-5af3-9890-a45b8c992a52', 23, 1.11),
  ('18d68f60-f516-5af3-9890-a45b8c992a52', 24, 1.12),
  ('093afc8e-991b-5452-94cb-5c8d07e3d94c', 0, 0.247),
  ('093afc8e-991b-5452-94cb-5c8d07e3d94c', 1, 0.334),
  ('093afc8e-991b-5452-94cb-5c8d07e3d94c', 2, 0.398),
  ('093afc8e-991b-5452-94cb-5c8d07e3d94c', 3, 0.482),
  ('093afc8e-991b-5452-94cb-5c8d07e3d94c', 4, 0.538),
  ('093afc8e-991b-5452-94cb-5c8d07e3d94c', 5, 0.582),
  ('093afc8e-991b-5452-94cb-5c8d07e3d94c', 6, 0.623),
  ('093afc8e-991b-5452-94cb-5c8d07e3d94c', 7, 0.662),
  ('093afc8e-991b-5452-94cb-5c8d07e3d94c', 8, 0.711),
  ('093afc8e-991b-5452-94cb-5c8d07e3d94c', 9, 0.759),
  ('093afc8e-991b-5452-94cb-5c8d07e3d94c', 10, 0.801),
  ('093afc8e-991b-5452-94cb-5c8d07e3d94c', 11, 0.823),
  ('093afc8e-991b-5452-94cb-5c8d07e3d94c', 12, 0.867),
  ('093afc8e-991b-5452-94cb-5c8d07e3d94c', 13, 0.889),
  ('093afc8e-991b-5452-94cb-5c8d07e3d94c', 14, 0.921),
  ('093afc8e-991b-5452-94cb-5c8d07e3d94c', 15, 0.963),
  ('093afc8e-991b-5452-94cb-5c8d07e3d94c', 16, 1.014),
  ('093afc8e-991b-5452-94cb-5c8d07e3d94c', 17, 1.045),
  ('093afc8e-991b-5452-94cb-5c8d07e3d94c', 18, 1.046),
  ('093afc8e-991b-5452-94cb-5c8d07e3d94c', 19, 0.998),
  ('093afc8e-991b-5452-94cb-5c8d07e3d94c', 20, 1.096),
  ('093afc8e-991b-5452-94cb-5c8d07e3d94c', 21, 1.067),
  ('093afc8e-991b-5452-94cb-5c8d07e3d94c', 22, 1.102),
  ('093afc8e-991b-5452-94cb-5c8d07e3d94c', 23, 1.099),
  ('093afc8e-991b-5452-94cb-5c8d07e3d94c', 24, 1.081),
  ('e0a150a2-fdfe-5b09-89b1-228378e16201', 0, 0.244),
  ('e0a150a2-fdfe-5b09-89b1-228378e16201', 1, 0.336),
  ('e0a150a2-fdfe-5b09-89b1-228378e16201', 2, 0.399),
  ('e0a150a2-fdfe-5b09-89b1-228378e16201', 3, 0.481),
  ('e0a150a2-fdfe-5b09-89b1-228378e16201', 4, 0.543),
  ('e0a150a2-fdfe-5b09-89b1-228378e16201', 5, 0.584),
  ('e0a150a2-fdfe-5b09-89b1-228378e16201', 6, 0.63),
  ('e0a150a2-fdfe-5b09-89b1-228378e16201', 7, 0.676),
  ('e0a150a2-fdfe-5b09-89b1-228378e16201', 8, 0.721),
  ('e0a150a2-fdfe-5b09-89b1-228378e16201', 9, 0.76),
  ('e0a150a2-fdfe-5b09-89b1-228378e16201', 10, 0.803),
  ('e0a150a2-fdfe-5b09-89b1-228378e16201', 11, 0.837),
  ('e0a150a2-fdfe-5b09-89b1-228378e16201', 12, 0.874),
  ('e0a150a2-fdfe-5b09-89b1-228378e16201', 13, 0.881),
  ('e0a150a2-fdfe-5b09-89b1-228378e16201', 14, 0.917),
  ('e0a150a2-fdfe-5b09-89b1-228378e16201', 15, 0.976),
  ('e0a150a2-fdfe-5b09-89b1-228378e16201', 16, 1.013),
  ('e0a150a2-fdfe-5b09-89b1-228378e16201', 17, 1.009),
  ('e0a150a2-fdfe-5b09-89b1-228378e16201', 18, 1.011),
  ('e0a150a2-fdfe-5b09-89b1-228378e16201', 19, 1.01),
  ('e0a150a2-fdfe-5b09-89b1-228378e16201', 20, 1.046),
  ('e0a150a2-fdfe-5b09-89b1-228378e16201', 21, 1.059),
  ('e0a150a2-fdfe-5b09-89b1-228378e16201', 22, 1.083),
  ('e0a150a2-fdfe-5b09-89b1-228378e16201', 23, 1.084),
  ('e0a150a2-fdfe-5b09-89b1-228378e16201', 24, 1.101),
  ('b87cf111-c6b0-515d-880a-abb35d799945', 0, 0.236),
  ('b87cf111-c6b0-515d-880a-abb35d799945', 1, 0.314),
  ('b87cf111-c6b0-515d-880a-abb35d799945', 2, 0.387),
  ('b87cf111-c6b0-515d-880a-abb35d799945', 3, 0.463),
  ('b87cf111-c6b0-515d-880a-abb35d799945', 4, 0.521),
  ('b87cf111-c6b0-515d-880a-abb35d799945', 5, 0.563),
  ('b87cf111-c6b0-515d-880a-abb35d799945', 6, 0.609),
  ('b87cf111-c6b0-515d-880a-abb35d799945', 7, 0.656),
  ('b87cf111-c6b0-515d-880a-abb35d799945', 8, 0.706),
  ('b87cf111-c6b0-515d-880a-abb35d799945', 9, 0.758),
  ('b87cf111-c6b0-515d-880a-abb35d799945', 10, 0.788),
  ('b87cf111-c6b0-515d-880a-abb35d799945', 11, 0.839),
  ('b87cf111-c6b0-515d-880a-abb35d799945', 12, 0.875),
  ('b87cf111-c6b0-515d-880a-abb35d799945', 13, 0.909),
  ('b87cf111-c6b0-515d-880a-abb35d799945', 14, 0.955),
  ('b87cf111-c6b0-515d-880a-abb35d799945', 15, 0.97),
  ('b87cf111-c6b0-515d-880a-abb35d799945', 16, 0.981),
  ('b87cf111-c6b0-515d-880a-abb35d799945', 17, 1.03),
  ('b87cf111-c6b0-515d-880a-abb35d799945', 18, 1.063),
  ('b87cf111-c6b0-515d-880a-abb35d799945', 19, 1.072),
  ('b87cf111-c6b0-515d-880a-abb35d799945', 20, 1.041),
  ('b87cf111-c6b0-515d-880a-abb35d799945', 21, 1.066),
  ('b87cf111-c6b0-515d-880a-abb35d799945', 22, 1.103),
  ('b87cf111-c6b0-515d-880a-abb35d799945', 23, 1.109),
  ('b87cf111-c6b0-515d-880a-abb35d799945', 24, 1.107),
  ('4cd5a9bb-c98c-58fd-8b87-0b0b7d069429', 0, 0.228),
  ('4cd5a9bb-c98c-58fd-8b87-0b0b7d069429', 1, 0.324),
  ('4cd5a9bb-c98c-58fd-8b87-0b0b7d069429', 2, 0.403),
  ('4cd5a9bb-c98c-58fd-8b87-0b0b7d069429', 3, 0.481),
  ('4cd5a9bb-c98c-58fd-8b87-0b0b7d069429', 4, 0.546),
  ('4cd5a9bb-c98c-58fd-8b87-0b0b7d069429', 5, 0.598),
  ('4cd5a9bb-c98c-58fd-8b87-0b0b7d069429', 6, 0.648),
  ('4cd5a9bb-c98c-58fd-8b87-0b0b7d069429', 7, 0.698),
  ('4cd5a9bb-c98c-58fd-8b87-0b0b7d069429', 8, 0.743),
  ('4cd5a9bb-c98c-58fd-8b87-0b0b7d069429', 9, 0.784),
  ('4cd5a9bb-c98c-58fd-8b87-0b0b7d069429', 10, 0.829),
  ('4cd5a9bb-c98c-58fd-8b87-0b0b7d069429', 11, 0.854),
  ('4cd5a9bb-c98c-58fd-8b87-0b0b7d069429', 12, 0.885),
  ('4cd5a9bb-c98c-58fd-8b87-0b0b7d069429', 13, 0.913),
  ('4cd5a9bb-c98c-58fd-8b87-0b0b7d069429', 14, 0.929),
  ('4cd5a9bb-c98c-58fd-8b87-0b0b7d069429', 15, 0.967),
  ('4cd5a9bb-c98c-58fd-8b87-0b0b7d069429', 16, 1.011),
  ('4cd5a9bb-c98c-58fd-8b87-0b0b7d069429', 17, 0.994),
  ('4cd5a9bb-c98c-58fd-8b87-0b0b7d069429', 18, 0.995),
  ('4cd5a9bb-c98c-58fd-8b87-0b0b7d069429', 19, 1.079),
  ('4cd5a9bb-c98c-58fd-8b87-0b0b7d069429', 20, 1.0),
  ('4cd5a9bb-c98c-58fd-8b87-0b0b7d069429', 21, 1.037),
  ('4cd5a9bb-c98c-58fd-8b87-0b0b7d069429', 22, 1.107),
  ('4cd5a9bb-c98c-58fd-8b87-0b0b7d069429', 23, 1.099),
  ('4cd5a9bb-c98c-58fd-8b87-0b0b7d069429', 24, 1.117),
  ('a2840ede-8358-55f0-9d96-36ee478a31a9', 0, 0.242),
  ('a2840ede-8358-55f0-9d96-36ee478a31a9', 1, 0.328),
  ('a2840ede-8358-55f0-9d96-36ee478a31a9', 2, 0.408),
  ('a2840ede-8358-55f0-9d96-36ee478a31a9', 3, 0.48),
  ('a2840ede-8358-55f0-9d96-36ee478a31a9', 4, 0.546),
  ('a2840ede-8358-55f0-9d96-36ee478a31a9', 5, 0.6),
  ('a2840ede-8358-55f0-9d96-36ee478a31a9', 6, 0.66),
  ('a2840ede-8358-55f0-9d96-36ee478a31a9', 7, 0.694),
  ('a2840ede-8358-55f0-9d96-36ee478a31a9', 8, 0.74),
  ('a2840ede-8358-55f0-9d96-36ee478a31a9', 9, 0.786),
  ('a2840ede-8358-55f0-9d96-36ee478a31a9', 10, 0.829),
  ('a2840ede-8358-55f0-9d96-36ee478a31a9', 11, 0.855),
  ('a2840ede-8358-55f0-9d96-36ee478a31a9', 12, 0.895),
  ('a2840ede-8358-55f0-9d96-36ee478a31a9', 13, 0.924),
  ('a2840ede-8358-55f0-9d96-36ee478a31a9', 14, 0.952),
  ('a2840ede-8358-55f0-9d96-36ee478a31a9', 15, 0.984),
  ('a2840ede-8358-55f0-9d96-36ee478a31a9', 16, 1.024),
  ('a2840ede-8358-55f0-9d96-36ee478a31a9', 17, 1.003),
  ('a2840ede-8358-55f0-9d96-36ee478a31a9', 18, 1.004),
  ('a2840ede-8358-55f0-9d96-36ee478a31a9', 19, 1.044),
  ('a2840ede-8358-55f0-9d96-36ee478a31a9', 20, 1.05),
  ('a2840ede-8358-55f0-9d96-36ee478a31a9', 21, 1.066),
  ('a2840ede-8358-55f0-9d96-36ee478a31a9', 22, 1.13),
  ('a2840ede-8358-55f0-9d96-36ee478a31a9', 23, 1.135),
  ('a2840ede-8358-55f0-9d96-36ee478a31a9', 24, 1.104),
  ('44e5e0a0-d62b-5ab4-a14e-c3513776f53b', 0, 0.252),
  ('44e5e0a0-d62b-5ab4-a14e-c3513776f53b', 1, 0.327),
  ('44e5e0a0-d62b-5ab4-a14e-c3513776f53b', 2, 0.405),
  ('44e5e0a0-d62b-5ab4-a14e-c3513776f53b', 3, 0.479),
  ('44e5e0a0-d62b-5ab4-a14e-c3513776f53b', 4, 0.538),
  ('44e5e0a0-d62b-5ab4-a14e-c3513776f53b', 5, 0.584),
  ('44e5e0a0-d62b-5ab4-a14e-c3513776f53b', 6, 0.63),
  ('44e5e0a0-d62b-5ab4-a14e-c3513776f53b', 7, 0.676),
  ('44e5e0a0-d62b-5ab4-a14e-c3513776f53b', 8, 0.723),
  ('44e5e0a0-d62b-5ab4-a14e-c3513776f53b', 9, 0.767),
  ('44e5e0a0-d62b-5ab4-a14e-c3513776f53b', 10, 0.804),
  ('44e5e0a0-d62b-5ab4-a14e-c3513776f53b', 11, 0.837),
  ('44e5e0a0-d62b-5ab4-a14e-c3513776f53b', 12, 0.87),
  ('44e5e0a0-d62b-5ab4-a14e-c3513776f53b', 13, 0.903),
  ('44e5e0a0-d62b-5ab4-a14e-c3513776f53b', 14, 0.935),
  ('44e5e0a0-d62b-5ab4-a14e-c3513776f53b', 15, 0.968),
  ('44e5e0a0-d62b-5ab4-a14e-c3513776f53b', 16, 0.999),
  ('44e5e0a0-d62b-5ab4-a14e-c3513776f53b', 17, 1.012),
  ('44e5e0a0-d62b-5ab4-a14e-c3513776f53b', 18, 1.023),
  ('44e5e0a0-d62b-5ab4-a14e-c3513776f53b', 19, 1.031),
  ('44e5e0a0-d62b-5ab4-a14e-c3513776f53b', 20, 1.041),
  ('44e5e0a0-d62b-5ab4-a14e-c3513776f53b', 21, 1.051),
  ('44e5e0a0-d62b-5ab4-a14e-c3513776f53b', 22, 1.062),
  ('44e5e0a0-d62b-5ab4-a14e-c3513776f53b', 23, 1.078),
  ('44e5e0a0-d62b-5ab4-a14e-c3513776f53b', 24, 1.094),
  ('9fec26c4-959b-5d81-938e-e72438c42997', 0, 0.224),
  ('9fec26c4-959b-5d81-938e-e72438c42997', 1, 0.307),
  ('9fec26c4-959b-5d81-938e-e72438c42997', 2, 0.378),
  ('9fec26c4-959b-5d81-938e-e72438c42997', 3, 0.456),
  ('9fec26c4-959b-5d81-938e-e72438c42997', 4, 0.51),
  ('9fec26c4-959b-5d81-938e-e72438c42997', 5, 0.555),
  ('9fec26c4-959b-5d81-938e-e72438c42997', 6, 0.599),
  ('9fec26c4-959b-5d81-938e-e72438c42997', 7, 0.646),
  ('9fec26c4-959b-5d81-938e-e72438c42997', 8, 0.697),
  ('9fec26c4-959b-5d81-938e-e72438c42997', 9, 0.742),
  ('9fec26c4-959b-5d81-938e-e72438c42997', 10, 0.772),
  ('9fec26c4-959b-5d81-938e-e72438c42997', 11, 0.807),
  ('9fec26c4-959b-5d81-938e-e72438c42997', 12, 0.832),
  ('9fec26c4-959b-5d81-938e-e72438c42997', 13, 0.857),
  ('9fec26c4-959b-5d81-938e-e72438c42997', 14, 0.889),
  ('9fec26c4-959b-5d81-938e-e72438c42997', 15, 0.921),
  ('9fec26c4-959b-5d81-938e-e72438c42997', 16, 0.958),
  ('9fec26c4-959b-5d81-938e-e72438c42997', 17, 0.96),
  ('9fec26c4-959b-5d81-938e-e72438c42997', 18, 0.962),
  ('9fec26c4-959b-5d81-938e-e72438c42997', 19, 0.969),
  ('9fec26c4-959b-5d81-938e-e72438c42997', 20, 0.985),
  ('9fec26c4-959b-5d81-938e-e72438c42997', 21, 0.995),
  ('9fec26c4-959b-5d81-938e-e72438c42997', 22, 0.998),
  ('9fec26c4-959b-5d81-938e-e72438c42997', 23, 0.989),
  ('9fec26c4-959b-5d81-938e-e72438c42997', 24, 0.982),
  ('256307be-42f3-5c46-ba08-49b694108145', 0, 0.371),
  ('256307be-42f3-5c46-ba08-49b694108145', 1, 0.357),
  ('256307be-42f3-5c46-ba08-49b694108145', 2, 0.433),
  ('256307be-42f3-5c46-ba08-49b694108145', 3, 0.513),
  ('256307be-42f3-5c46-ba08-49b694108145', 4, 0.577),
  ('256307be-42f3-5c46-ba08-49b694108145', 5, 0.63),
  ('256307be-42f3-5c46-ba08-49b694108145', 6, 0.669),
  ('256307be-42f3-5c46-ba08-49b694108145', 7, 0.711),
  ('256307be-42f3-5c46-ba08-49b694108145', 8, 0.757),
  ('256307be-42f3-5c46-ba08-49b694108145', 9, 0.806),
  ('256307be-42f3-5c46-ba08-49b694108145', 10, 0.87),
  ('256307be-42f3-5c46-ba08-49b694108145', 11, 0.885),
  ('256307be-42f3-5c46-ba08-49b694108145', 12, 0.913),
  ('256307be-42f3-5c46-ba08-49b694108145', 13, 0.945),
  ('256307be-42f3-5c46-ba08-49b694108145', 14, 0.974),
  ('256307be-42f3-5c46-ba08-49b694108145', 15, 1.004),
  ('256307be-42f3-5c46-ba08-49b694108145', 16, 1.056),
  ('256307be-42f3-5c46-ba08-49b694108145', 17, 1.067),
  ('256307be-42f3-5c46-ba08-49b694108145', 18, 1.069),
  ('256307be-42f3-5c46-ba08-49b694108145', 19, 1.102),
  ('256307be-42f3-5c46-ba08-49b694108145', 20, 1.098),
  ('256307be-42f3-5c46-ba08-49b694108145', 21, 1.114),
  ('256307be-42f3-5c46-ba08-49b694108145', 22, 1.144),
  ('256307be-42f3-5c46-ba08-49b694108145', 23, 1.158),
  ('256307be-42f3-5c46-ba08-49b694108145', 24, 1.163),
  ('99c1051b-3f25-5c33-aa6a-0ae8e6ee1349', 0, 0.2),
  ('99c1051b-3f25-5c33-aa6a-0ae8e6ee1349', 1, 0.306),
  ('99c1051b-3f25-5c33-aa6a-0ae8e6ee1349', 2, 0.384),
  ('99c1051b-3f25-5c33-aa6a-0ae8e6ee1349', 3, 0.461),
  ('99c1051b-3f25-5c33-aa6a-0ae8e6ee1349', 4, 0.518),
  ('99c1051b-3f25-5c33-aa6a-0ae8e6ee1349', 5, 0.562),
  ('99c1051b-3f25-5c33-aa6a-0ae8e6ee1349', 6, 0.605),
  ('99c1051b-3f25-5c33-aa6a-0ae8e6ee1349', 7, 0.652),
  ('99c1051b-3f25-5c33-aa6a-0ae8e6ee1349', 8, 0.699),
  ('99c1051b-3f25-5c33-aa6a-0ae8e6ee1349', 9, 0.744),
  ('99c1051b-3f25-5c33-aa6a-0ae8e6ee1349', 10, 0.771),
  ('99c1051b-3f25-5c33-aa6a-0ae8e6ee1349', 11, 0.811),
  ('99c1051b-3f25-5c33-aa6a-0ae8e6ee1349', 12, 0.841),
  ('99c1051b-3f25-5c33-aa6a-0ae8e6ee1349', 13, 0.872),
  ('99c1051b-3f25-5c33-aa6a-0ae8e6ee1349', 14, 0.901),
  ('99c1051b-3f25-5c33-aa6a-0ae8e6ee1349', 15, 0.933),
  ('99c1051b-3f25-5c33-aa6a-0ae8e6ee1349', 16, 0.962),
  ('99c1051b-3f25-5c33-aa6a-0ae8e6ee1349', 17, 0.966),
  ('99c1051b-3f25-5c33-aa6a-0ae8e6ee1349', 18, 0.974),
  ('99c1051b-3f25-5c33-aa6a-0ae8e6ee1349', 19, 0.972),
  ('99c1051b-3f25-5c33-aa6a-0ae8e6ee1349', 20, 0.983),
  ('99c1051b-3f25-5c33-aa6a-0ae8e6ee1349', 21, 0.992),
  ('99c1051b-3f25-5c33-aa6a-0ae8e6ee1349', 22, 0.992),
  ('99c1051b-3f25-5c33-aa6a-0ae8e6ee1349', 23, 1.008),
  ('99c1051b-3f25-5c33-aa6a-0ae8e6ee1349', 24, 1.026),
  ('04fcf920-0e70-57c5-a111-a696e8c3eea5', 0, 0.305),
  ('04fcf920-0e70-57c5-a111-a696e8c3eea5', 1, 0.349),
  ('04fcf920-0e70-57c5-a111-a696e8c3eea5', 2, 0.425),
  ('04fcf920-0e70-57c5-a111-a696e8c3eea5', 3, 0.498),
  ('04fcf920-0e70-57c5-a111-a696e8c3eea5', 4, 0.558),
  ('04fcf920-0e70-57c5-a111-a696e8c3eea5', 5, 0.607),
  ('04fcf920-0e70-57c5-a111-a696e8c3eea5', 6, 0.656),
  ('04fcf920-0e70-57c5-a111-a696e8c3eea5', 7, 0.7),
  ('04fcf920-0e70-57c5-a111-a696e8c3eea5', 8, 0.748),
  ('04fcf920-0e70-57c5-a111-a696e8c3eea5', 9, 0.79),
  ('04fcf920-0e70-57c5-a111-a696e8c3eea5', 10, 0.836),
  ('04fcf920-0e70-57c5-a111-a696e8c3eea5', 11, 0.864),
  ('04fcf920-0e70-57c5-a111-a696e8c3eea5', 12, 0.899),
  ('04fcf920-0e70-57c5-a111-a696e8c3eea5', 13, 0.934),
  ('04fcf920-0e70-57c5-a111-a696e8c3eea5', 14, 0.969),
  ('04fcf920-0e70-57c5-a111-a696e8c3eea5', 15, 1.003),
  ('04fcf920-0e70-57c5-a111-a696e8c3eea5', 16, 1.037),
  ('04fcf920-0e70-57c5-a111-a696e8c3eea5', 17, 1.058),
  ('04fcf920-0e70-57c5-a111-a696e8c3eea5', 18, 1.071),
  ('04fcf920-0e70-57c5-a111-a696e8c3eea5', 19, 1.089),
  ('04fcf920-0e70-57c5-a111-a696e8c3eea5', 20, 1.099),
  ('04fcf920-0e70-57c5-a111-a696e8c3eea5', 21, 1.11),
  ('04fcf920-0e70-57c5-a111-a696e8c3eea5', 22, 1.132),
  ('04fcf920-0e70-57c5-a111-a696e8c3eea5', 23, 1.147),
  ('04fcf920-0e70-57c5-a111-a696e8c3eea5', 24, 1.162),
  ('00e5ae0d-3d9f-538e-b312-3c5e76e82a69', 0, 0.252),
  ('00e5ae0d-3d9f-538e-b312-3c5e76e82a69', 1, 0.327),
  ('00e5ae0d-3d9f-538e-b312-3c5e76e82a69', 2, 0.405),
  ('00e5ae0d-3d9f-538e-b312-3c5e76e82a69', 3, 0.479),
  ('00e5ae0d-3d9f-538e-b312-3c5e76e82a69', 4, 0.538),
  ('00e5ae0d-3d9f-538e-b312-3c5e76e82a69', 5, 0.584),
  ('00e5ae0d-3d9f-538e-b312-3c5e76e82a69', 6, 0.63),
  ('00e5ae0d-3d9f-538e-b312-3c5e76e82a69', 7, 0.676),
  ('00e5ae0d-3d9f-538e-b312-3c5e76e82a69', 8, 0.723),
  ('00e5ae0d-3d9f-538e-b312-3c5e76e82a69', 9, 0.767),
  ('00e5ae0d-3d9f-538e-b312-3c5e76e82a69', 10, 0.804),
  ('00e5ae0d-3d9f-538e-b312-3c5e76e82a69', 11, 0.837),
  ('00e5ae0d-3d9f-538e-b312-3c5e76e82a69', 12, 0.87),
  ('00e5ae0d-3d9f-538e-b312-3c5e76e82a69', 13, 0.903),
  ('00e5ae0d-3d9f-538e-b312-3c5e76e82a69', 14, 0.935),
  ('00e5ae0d-3d9f-538e-b312-3c5e76e82a69', 15, 0.968),
  ('00e5ae0d-3d9f-538e-b312-3c5e76e82a69', 16, 0.999),
  ('00e5ae0d-3d9f-538e-b312-3c5e76e82a69', 17, 1.012),
  ('00e5ae0d-3d9f-538e-b312-3c5e76e82a69', 18, 1.023),
  ('00e5ae0d-3d9f-538e-b312-3c5e76e82a69', 19, 1.031),
  ('00e5ae0d-3d9f-538e-b312-3c5e76e82a69', 20, 1.041),
  ('00e5ae0d-3d9f-538e-b312-3c5e76e82a69', 21, 1.051),
  ('00e5ae0d-3d9f-538e-b312-3c5e76e82a69', 22, 1.062),
  ('00e5ae0d-3d9f-538e-b312-3c5e76e82a69', 23, 1.078),
  ('00e5ae0d-3d9f-538e-b312-3c5e76e82a69', 24, 1.094),
  ('ed1d8b2b-0b3a-5ba6-a40d-319ebcffa1ff', 0, 0.249),
  ('ed1d8b2b-0b3a-5ba6-a40d-319ebcffa1ff', 1, 0.327),
  ('ed1d8b2b-0b3a-5ba6-a40d-319ebcffa1ff', 2, 0.405),
  ('ed1d8b2b-0b3a-5ba6-a40d-319ebcffa1ff', 3, 0.479),
  ('ed1d8b2b-0b3a-5ba6-a40d-319ebcffa1ff', 4, 0.538),
  ('ed1d8b2b-0b3a-5ba6-a40d-319ebcffa1ff', 5, 0.584),
  ('ed1d8b2b-0b3a-5ba6-a40d-319ebcffa1ff', 6, 0.63),
  ('ed1d8b2b-0b3a-5ba6-a40d-319ebcffa1ff', 7, 0.676),
  ('ed1d8b2b-0b3a-5ba6-a40d-319ebcffa1ff', 8, 0.723),
  ('ed1d8b2b-0b3a-5ba6-a40d-319ebcffa1ff', 9, 0.766),
  ('ed1d8b2b-0b3a-5ba6-a40d-319ebcffa1ff', 10, 0.803),
  ('ed1d8b2b-0b3a-5ba6-a40d-319ebcffa1ff', 11, 0.837),
  ('ed1d8b2b-0b3a-5ba6-a40d-319ebcffa1ff', 12, 0.87),
  ('ed1d8b2b-0b3a-5ba6-a40d-319ebcffa1ff', 13, 0.903),
  ('ed1d8b2b-0b3a-5ba6-a40d-319ebcffa1ff', 14, 0.935),
  ('ed1d8b2b-0b3a-5ba6-a40d-319ebcffa1ff', 15, 0.968),
  ('ed1d8b2b-0b3a-5ba6-a40d-319ebcffa1ff', 16, 0.999),
  ('ed1d8b2b-0b3a-5ba6-a40d-319ebcffa1ff', 17, 1.012),
  ('ed1d8b2b-0b3a-5ba6-a40d-319ebcffa1ff', 18, 1.023),
  ('ed1d8b2b-0b3a-5ba6-a40d-319ebcffa1ff', 19, 1.031),
  ('ed1d8b2b-0b3a-5ba6-a40d-319ebcffa1ff', 20, 1.041),
  ('ed1d8b2b-0b3a-5ba6-a40d-319ebcffa1ff', 21, 1.051),
  ('ed1d8b2b-0b3a-5ba6-a40d-319ebcffa1ff', 22, 1.062),
  ('ed1d8b2b-0b3a-5ba6-a40d-319ebcffa1ff', 23, 1.078),
  ('ed1d8b2b-0b3a-5ba6-a40d-319ebcffa1ff', 24, 1.096);

-- ===== #F3 : 75 samples =====
insert into measurements (id, batch_id, sample_no, length, is_flagged) values
  ('6392d8f0-32b3-5dae-8464-36726f5018cb', 'bf80f7b3-bdcb-5530-9a95-584313d0f4cc', 1, 29.291, false),
  ('49630488-b11d-53d6-9084-ff51346a0a6c', 'bf80f7b3-bdcb-5530-9a95-584313d0f4cc', 2, 29.301, false),
  ('a155a2b4-cc52-59f9-8837-880c7da72761', 'bf80f7b3-bdcb-5530-9a95-584313d0f4cc', 3, 29.312, false),
  ('e3bbaf34-1d06-56fe-ab04-c06bb88b63c5', 'bf80f7b3-bdcb-5530-9a95-584313d0f4cc', 4, 29.249, false),
  ('30d3c5ce-716a-5efe-8cf7-3a5c1a576feb', 'bf80f7b3-bdcb-5530-9a95-584313d0f4cc', 5, 29.209, false),
  ('295cfdc3-f3ad-55a7-bfee-e6ad67ee860a', 'bf80f7b3-bdcb-5530-9a95-584313d0f4cc', 6, 29.241, false),
  ('82096038-a03b-539d-ba2c-943a146ce752', 'bf80f7b3-bdcb-5530-9a95-584313d0f4cc', 7, 29.26, false),
  ('c72845b8-caff-544b-802e-2a7e6698d8ba', 'bf80f7b3-bdcb-5530-9a95-584313d0f4cc', 8, 29.334, false),
  ('530c5a88-a252-5fa8-86d3-1fb87a73cf7f', 'bf80f7b3-bdcb-5530-9a95-584313d0f4cc', 9, 29.3, false),
  ('7a904fdb-4fe0-5408-9d24-c02c1f6c01dd', 'bf80f7b3-bdcb-5530-9a95-584313d0f4cc', 10, 29.281, false),
  ('9ea1a204-9381-56f1-b4cf-020e6502fe9f', 'bf80f7b3-bdcb-5530-9a95-584313d0f4cc', 11, 29.282, false),
  ('a86311c8-cc08-5dd9-93e1-d542af828161', 'bf80f7b3-bdcb-5530-9a95-584313d0f4cc', 12, 29.223, false),
  ('10064a66-821c-5841-b05d-a85a7c415ffc', 'bf80f7b3-bdcb-5530-9a95-584313d0f4cc', 13, 29.257, false),
  ('31b95c44-8a31-50b2-8c61-a89eeffaa419', 'bf80f7b3-bdcb-5530-9a95-584313d0f4cc', 14, 29.184, false),
  ('af6e7514-a072-5a7c-ba98-338cda0cd243', 'bf80f7b3-bdcb-5530-9a95-584313d0f4cc', 15, 29.245, false),
  ('72b9b5e1-1df9-52a4-a9d0-265d8211b789', 'bf80f7b3-bdcb-5530-9a95-584313d0f4cc', 16, 29.3, false),
  ('7ecb4574-34ca-55a5-ad42-f5fbc2c7d081', 'bf80f7b3-bdcb-5530-9a95-584313d0f4cc', 17, 29.162, false),
  ('c289ee7c-1b0f-54ec-a2b1-38cdab003109', 'bf80f7b3-bdcb-5530-9a95-584313d0f4cc', 18, 29.152, false),
  ('d182f0ed-daeb-52dd-b936-b85e0c39c09a', 'bf80f7b3-bdcb-5530-9a95-584313d0f4cc', 19, 29.078, false),
  ('c317cead-7c7e-5ec9-b959-fa1842b35c97', 'bf80f7b3-bdcb-5530-9a95-584313d0f4cc', 20, 29.254, false),
  ('fe7c071f-615e-573e-9454-c3632b5d1df5', 'bf80f7b3-bdcb-5530-9a95-584313d0f4cc', 21, 29.594, false),
  ('a01d8105-d957-5fd5-b68c-546cb81dc959', 'bf80f7b3-bdcb-5530-9a95-584313d0f4cc', 22, 29.696, false),
  ('804aac92-9aec-56ab-a50e-d58a928095fd', 'bf80f7b3-bdcb-5530-9a95-584313d0f4cc', 23, 29.31, false),
  ('2110fd3f-fe58-5f8f-8d17-2ebc825793b1', 'bf80f7b3-bdcb-5530-9a95-584313d0f4cc', 24, 29.568, false),
  ('1781644c-c2fa-5528-9309-c7e1114b8fbb', 'bf80f7b3-bdcb-5530-9a95-584313d0f4cc', 25, 29.596, false),
  ('ac624bc8-5704-57a3-8e94-c73f82b1630a', 'bf80f7b3-bdcb-5530-9a95-584313d0f4cc', 26, 29.394, false),
  ('f7490344-9ec8-5c27-9ad2-84bfac018dcb', 'bf80f7b3-bdcb-5530-9a95-584313d0f4cc', 27, 29.381, false),
  ('47e056d9-b66b-57c7-a74a-1f8d73191851', 'bf80f7b3-bdcb-5530-9a95-584313d0f4cc', 28, 29.544, false),
  ('49a414e3-2086-515a-a718-61cea0bc679c', 'bf80f7b3-bdcb-5530-9a95-584313d0f4cc', 29, 29.459, false),
  ('5507e247-e532-55d6-973d-ab039b47bafe', 'bf80f7b3-bdcb-5530-9a95-584313d0f4cc', 30, 29.207, false),
  ('4c8014c1-3b26-5326-bd43-88ccc004b0ac', 'bf80f7b3-bdcb-5530-9a95-584313d0f4cc', 31, 29.358, false),
  ('9c66991f-1eb6-5137-b650-4522ebb5e6e8', 'bf80f7b3-bdcb-5530-9a95-584313d0f4cc', 32, 29.302, false),
  ('e462bb5f-55a2-5f13-b5f5-4ea7e9c01f8d', 'bf80f7b3-bdcb-5530-9a95-584313d0f4cc', 33, 29.374, true),
  ('7c7d8bd4-9419-5582-890b-965183013edf', 'bf80f7b3-bdcb-5530-9a95-584313d0f4cc', 34, 29.363, false),
  ('4af2dd97-10c4-5673-9bf9-ec94f4a7ca8c', 'bf80f7b3-bdcb-5530-9a95-584313d0f4cc', 35, 29.11, false),
  ('b9824a67-9fec-5036-8f13-456f0475a72c', 'bf80f7b3-bdcb-5530-9a95-584313d0f4cc', 36, 29.676, false),
  ('039971f9-e9e7-5ef3-bfa3-844641a874a1', 'bf80f7b3-bdcb-5530-9a95-584313d0f4cc', 37, 29.603, false),
  ('3dc01f4f-8d91-5f01-91d9-4de182bc0740', 'bf80f7b3-bdcb-5530-9a95-584313d0f4cc', 38, 29.561, false),
  ('d649fe0a-b838-5966-bd9c-90116ddfe98d', 'bf80f7b3-bdcb-5530-9a95-584313d0f4cc', 39, 29.338, false),
  ('913be8cd-0d41-503f-b93d-4aca1abda9c8', 'bf80f7b3-bdcb-5530-9a95-584313d0f4cc', 40, 29.461, false),
  ('06602818-a7ff-5df6-a987-b1c7b34785f2', 'bf80f7b3-bdcb-5530-9a95-584313d0f4cc', 41, 29.435, false),
  ('882a987a-c314-5ebf-9cd9-1eec981f109d', 'bf80f7b3-bdcb-5530-9a95-584313d0f4cc', 42, 29.453, false),
  ('07618143-56d0-59c7-9d30-c8269943f889', 'bf80f7b3-bdcb-5530-9a95-584313d0f4cc', 43, 29.32, false),
  ('39247182-da5c-507b-9d26-a4e464dec030', 'bf80f7b3-bdcb-5530-9a95-584313d0f4cc', 44, 29.429, false),
  ('7a0324f3-8e5b-5ee0-a11f-30a075653a3e', 'bf80f7b3-bdcb-5530-9a95-584313d0f4cc', 45, 29.453, false),
  ('4b43527d-5912-53ed-b46f-99a3fb672639', 'bf80f7b3-bdcb-5530-9a95-584313d0f4cc', 46, 29.472, false),
  ('eb57979a-ff3c-5379-b618-8988e0fd0d3a', 'bf80f7b3-bdcb-5530-9a95-584313d0f4cc', 47, 29.486, false),
  ('5bfb309b-ce45-59d8-b809-e730079d8c5f', 'bf80f7b3-bdcb-5530-9a95-584313d0f4cc', 48, 29.225, false),
  ('99757bd9-54d8-5d84-82b2-817b60ec45aa', 'bf80f7b3-bdcb-5530-9a95-584313d0f4cc', 49, 29.37, false),
  ('259a45b8-17f0-5688-96b0-7b83a5b47eca', 'bf80f7b3-bdcb-5530-9a95-584313d0f4cc', 50, 29.507, false),
  ('1a9d377a-2ff5-525b-9afe-605f357a482b', 'bf80f7b3-bdcb-5530-9a95-584313d0f4cc', 51, 29.161, false),
  ('a69724fe-dab2-5587-ad52-0f1644fe55ed', 'bf80f7b3-bdcb-5530-9a95-584313d0f4cc', 52, 29.096, false),
  ('c2d3c678-827e-535a-bb79-4f896fab6974', 'bf80f7b3-bdcb-5530-9a95-584313d0f4cc', 53, 29.35, false),
  ('74e3690e-3932-5079-9359-7c4768ec801d', 'bf80f7b3-bdcb-5530-9a95-584313d0f4cc', 54, 29.416, false),
  ('a57f37fc-7939-5aa5-9d01-d249ace6aaa1', 'bf80f7b3-bdcb-5530-9a95-584313d0f4cc', 55, 29.35, false),
  ('a8edd596-4d2d-57ad-bf57-d8ebf9e219f8', 'bf80f7b3-bdcb-5530-9a95-584313d0f4cc', 56, 29.224, false),
  ('41b8abca-3fb0-57f1-8c17-d8f9d44e9ead', 'bf80f7b3-bdcb-5530-9a95-584313d0f4cc', 57, 29.278, false),
  ('a5cd5078-613e-58ce-a2f0-5ddd371f7db8', 'bf80f7b3-bdcb-5530-9a95-584313d0f4cc', 58, 29.438, false),
  ('8d58e4f0-e924-50e3-83e0-573618e6c9e1', 'bf80f7b3-bdcb-5530-9a95-584313d0f4cc', 59, 29.479, false),
  ('9646fcb6-716d-5d1b-b842-bd9ac68b8570', 'bf80f7b3-bdcb-5530-9a95-584313d0f4cc', 60, 29.269, false),
  ('6a97f446-3d5f-501b-ba5a-a816ee2671cd', 'bf80f7b3-bdcb-5530-9a95-584313d0f4cc', 61, 29.293, false),
  ('365d25b1-3024-5326-95c9-0ffa5f1dba91', 'bf80f7b3-bdcb-5530-9a95-584313d0f4cc', 62, 29.466, false),
  ('804ed1cc-3bc3-5cd3-b236-77bcda280424', 'bf80f7b3-bdcb-5530-9a95-584313d0f4cc', 63, 29.388, false),
  ('92464c81-ffe3-5943-bfb1-c1105bc8a34a', 'bf80f7b3-bdcb-5530-9a95-584313d0f4cc', 64, 29.353, false),
  ('6e2a3a5f-1199-594c-a405-d9169281a730', 'bf80f7b3-bdcb-5530-9a95-584313d0f4cc', 65, 29.486, false),
  ('19a1bfb3-23b9-59cb-9ff9-611df25e9d72', 'bf80f7b3-bdcb-5530-9a95-584313d0f4cc', 66, 29.451, false),
  ('b33f300c-3f65-5c06-9988-c556a4ea34f7', 'bf80f7b3-bdcb-5530-9a95-584313d0f4cc', 67, 29.282, false),
  ('9cb90a1a-cecc-520c-ac7b-8c231cd0db3f', 'bf80f7b3-bdcb-5530-9a95-584313d0f4cc', 68, 29.536, false),
  ('c3ebc012-3a0b-59e2-b798-da9d2f17b1f6', 'bf80f7b3-bdcb-5530-9a95-584313d0f4cc', 69, 29.357, false),
  ('b2466ac9-4d95-5d89-853a-077702291bfd', 'bf80f7b3-bdcb-5530-9a95-584313d0f4cc', 70, 29.078, false),
  ('3ad03d01-b8c4-5fdb-aaa5-270ed19da0b5', 'bf80f7b3-bdcb-5530-9a95-584313d0f4cc', 71, 29.696, true),
  ('68dd2e3c-b656-55c8-b697-5b75248b0f54', 'bf80f7b3-bdcb-5530-9a95-584313d0f4cc', 72, 29.079, false),
  ('b5c649f9-f7a0-5d05-ae35-1f42b69b385a', 'bf80f7b3-bdcb-5530-9a95-584313d0f4cc', 73, 29.635, false),
  ('d0fa8857-3413-5118-814f-65f099570a84', 'bf80f7b3-bdcb-5530-9a95-584313d0f4cc', 74, 29.357, false),
  ('de8d2715-423e-527e-9029-d857c63d54b1', 'bf80f7b3-bdcb-5530-9a95-584313d0f4cc', 75, 29.355, false);
insert into measurement_points (measurement_id, point_index, value) values
  ('6392d8f0-32b3-5dae-8464-36726f5018cb', 0, 0.323),
  ('6392d8f0-32b3-5dae-8464-36726f5018cb', 1, 0.373),
  ('6392d8f0-32b3-5dae-8464-36726f5018cb', 2, 0.459),
  ('6392d8f0-32b3-5dae-8464-36726f5018cb', 3, 0.55),
  ('6392d8f0-32b3-5dae-8464-36726f5018cb', 4, 0.618),
  ('6392d8f0-32b3-5dae-8464-36726f5018cb', 5, 0.667),
  ('6392d8f0-32b3-5dae-8464-36726f5018cb', 6, 0.712),
  ('6392d8f0-32b3-5dae-8464-36726f5018cb', 7, 0.749),
  ('6392d8f0-32b3-5dae-8464-36726f5018cb', 8, 0.788),
  ('6392d8f0-32b3-5dae-8464-36726f5018cb', 9, 0.819),
  ('6392d8f0-32b3-5dae-8464-36726f5018cb', 10, 0.836),
  ('6392d8f0-32b3-5dae-8464-36726f5018cb', 11, 0.845),
  ('6392d8f0-32b3-5dae-8464-36726f5018cb', 12, 0.87),
  ('6392d8f0-32b3-5dae-8464-36726f5018cb', 13, 0.891),
  ('6392d8f0-32b3-5dae-8464-36726f5018cb', 14, 0.918),
  ('6392d8f0-32b3-5dae-8464-36726f5018cb', 15, 0.946),
  ('6392d8f0-32b3-5dae-8464-36726f5018cb', 16, 0.965),
  ('6392d8f0-32b3-5dae-8464-36726f5018cb', 17, 0.962),
  ('6392d8f0-32b3-5dae-8464-36726f5018cb', 18, 0.977),
  ('6392d8f0-32b3-5dae-8464-36726f5018cb', 19, 0.975),
  ('6392d8f0-32b3-5dae-8464-36726f5018cb', 20, 0.983),
  ('6392d8f0-32b3-5dae-8464-36726f5018cb', 21, 0.987),
  ('6392d8f0-32b3-5dae-8464-36726f5018cb', 22, 0.982),
  ('6392d8f0-32b3-5dae-8464-36726f5018cb', 23, 0.985),
  ('6392d8f0-32b3-5dae-8464-36726f5018cb', 24, 0.971),
  ('49630488-b11d-53d6-9084-ff51346a0a6c', 0, 0.297),
  ('49630488-b11d-53d6-9084-ff51346a0a6c', 1, 0.37),
  ('49630488-b11d-53d6-9084-ff51346a0a6c', 2, 0.459),
  ('49630488-b11d-53d6-9084-ff51346a0a6c', 3, 0.546),
  ('49630488-b11d-53d6-9084-ff51346a0a6c', 4, 0.613),
  ('49630488-b11d-53d6-9084-ff51346a0a6c', 5, 0.663),
  ('49630488-b11d-53d6-9084-ff51346a0a6c', 6, 0.707),
  ('49630488-b11d-53d6-9084-ff51346a0a6c', 7, 0.747),
  ('49630488-b11d-53d6-9084-ff51346a0a6c', 8, 0.789),
  ('49630488-b11d-53d6-9084-ff51346a0a6c', 9, 0.814),
  ('49630488-b11d-53d6-9084-ff51346a0a6c', 10, 0.837),
  ('49630488-b11d-53d6-9084-ff51346a0a6c', 11, 0.845),
  ('49630488-b11d-53d6-9084-ff51346a0a6c', 12, 0.877),
  ('49630488-b11d-53d6-9084-ff51346a0a6c', 13, 0.906),
  ('49630488-b11d-53d6-9084-ff51346a0a6c', 14, 0.926),
  ('49630488-b11d-53d6-9084-ff51346a0a6c', 15, 0.947),
  ('49630488-b11d-53d6-9084-ff51346a0a6c', 16, 0.975),
  ('49630488-b11d-53d6-9084-ff51346a0a6c', 17, 0.99),
  ('49630488-b11d-53d6-9084-ff51346a0a6c', 18, 0.988),
  ('49630488-b11d-53d6-9084-ff51346a0a6c', 19, 0.992),
  ('49630488-b11d-53d6-9084-ff51346a0a6c', 20, 1.002),
  ('49630488-b11d-53d6-9084-ff51346a0a6c', 21, 1.016),
  ('49630488-b11d-53d6-9084-ff51346a0a6c', 22, 1.012),
  ('49630488-b11d-53d6-9084-ff51346a0a6c', 23, 0.997),
  ('49630488-b11d-53d6-9084-ff51346a0a6c', 24, 1.021),
  ('a155a2b4-cc52-59f9-8837-880c7da72761', 0, 0.323),
  ('a155a2b4-cc52-59f9-8837-880c7da72761', 1, 0.373),
  ('a155a2b4-cc52-59f9-8837-880c7da72761', 2, 0.466),
  ('a155a2b4-cc52-59f9-8837-880c7da72761', 3, 0.541),
  ('a155a2b4-cc52-59f9-8837-880c7da72761', 4, 0.605),
  ('a155a2b4-cc52-59f9-8837-880c7da72761', 5, 0.661),
  ('a155a2b4-cc52-59f9-8837-880c7da72761', 6, 0.698),
  ('a155a2b4-cc52-59f9-8837-880c7da72761', 7, 0.733),
  ('a155a2b4-cc52-59f9-8837-880c7da72761', 8, 0.768),
  ('a155a2b4-cc52-59f9-8837-880c7da72761', 9, 0.792),
  ('a155a2b4-cc52-59f9-8837-880c7da72761', 10, 0.823),
  ('a155a2b4-cc52-59f9-8837-880c7da72761', 11, 0.836),
  ('a155a2b4-cc52-59f9-8837-880c7da72761', 12, 0.858),
  ('a155a2b4-cc52-59f9-8837-880c7da72761', 13, 0.879),
  ('a155a2b4-cc52-59f9-8837-880c7da72761', 14, 0.91),
  ('a155a2b4-cc52-59f9-8837-880c7da72761', 15, 0.937),
  ('a155a2b4-cc52-59f9-8837-880c7da72761', 16, 0.956),
  ('a155a2b4-cc52-59f9-8837-880c7da72761', 17, 0.972),
  ('a155a2b4-cc52-59f9-8837-880c7da72761', 18, 0.998),
  ('a155a2b4-cc52-59f9-8837-880c7da72761', 19, 0.968),
  ('a155a2b4-cc52-59f9-8837-880c7da72761', 20, 0.976),
  ('a155a2b4-cc52-59f9-8837-880c7da72761', 21, 0.983),
  ('a155a2b4-cc52-59f9-8837-880c7da72761', 22, 1.007),
  ('a155a2b4-cc52-59f9-8837-880c7da72761', 23, 1.007),
  ('a155a2b4-cc52-59f9-8837-880c7da72761', 24, 1.031),
  ('e3bbaf34-1d06-56fe-ab04-c06bb88b63c5', 0, 0.293),
  ('e3bbaf34-1d06-56fe-ab04-c06bb88b63c5', 1, 0.369),
  ('e3bbaf34-1d06-56fe-ab04-c06bb88b63c5', 2, 0.462),
  ('e3bbaf34-1d06-56fe-ab04-c06bb88b63c5', 3, 0.544),
  ('e3bbaf34-1d06-56fe-ab04-c06bb88b63c5', 4, 0.606),
  ('e3bbaf34-1d06-56fe-ab04-c06bb88b63c5', 5, 0.657),
  ('e3bbaf34-1d06-56fe-ab04-c06bb88b63c5', 6, 0.698),
  ('e3bbaf34-1d06-56fe-ab04-c06bb88b63c5', 7, 0.732),
  ('e3bbaf34-1d06-56fe-ab04-c06bb88b63c5', 8, 0.773),
  ('e3bbaf34-1d06-56fe-ab04-c06bb88b63c5', 9, 0.793),
  ('e3bbaf34-1d06-56fe-ab04-c06bb88b63c5', 10, 0.818),
  ('e3bbaf34-1d06-56fe-ab04-c06bb88b63c5', 11, 0.845),
  ('e3bbaf34-1d06-56fe-ab04-c06bb88b63c5', 12, 0.873),
  ('e3bbaf34-1d06-56fe-ab04-c06bb88b63c5', 13, 0.893),
  ('e3bbaf34-1d06-56fe-ab04-c06bb88b63c5', 14, 0.917),
  ('e3bbaf34-1d06-56fe-ab04-c06bb88b63c5', 15, 0.948),
  ('e3bbaf34-1d06-56fe-ab04-c06bb88b63c5', 16, 0.964),
  ('e3bbaf34-1d06-56fe-ab04-c06bb88b63c5', 17, 0.979),
  ('e3bbaf34-1d06-56fe-ab04-c06bb88b63c5', 18, 0.985),
  ('e3bbaf34-1d06-56fe-ab04-c06bb88b63c5', 19, 0.984),
  ('e3bbaf34-1d06-56fe-ab04-c06bb88b63c5', 20, 0.982),
  ('e3bbaf34-1d06-56fe-ab04-c06bb88b63c5', 21, 1.007),
  ('e3bbaf34-1d06-56fe-ab04-c06bb88b63c5', 22, 1.015),
  ('e3bbaf34-1d06-56fe-ab04-c06bb88b63c5', 23, 1.019),
  ('e3bbaf34-1d06-56fe-ab04-c06bb88b63c5', 24, 1.034),
  ('30d3c5ce-716a-5efe-8cf7-3a5c1a576feb', 0, 0.294),
  ('30d3c5ce-716a-5efe-8cf7-3a5c1a576feb', 1, 0.366),
  ('30d3c5ce-716a-5efe-8cf7-3a5c1a576feb', 2, 0.452),
  ('30d3c5ce-716a-5efe-8cf7-3a5c1a576feb', 3, 0.534),
  ('30d3c5ce-716a-5efe-8cf7-3a5c1a576feb', 4, 0.604),
  ('30d3c5ce-716a-5efe-8cf7-3a5c1a576feb', 5, 0.653),
  ('30d3c5ce-716a-5efe-8cf7-3a5c1a576feb', 6, 0.697),
  ('30d3c5ce-716a-5efe-8cf7-3a5c1a576feb', 7, 0.736),
  ('30d3c5ce-716a-5efe-8cf7-3a5c1a576feb', 8, 0.769),
  ('30d3c5ce-716a-5efe-8cf7-3a5c1a576feb', 9, 0.794),
  ('30d3c5ce-716a-5efe-8cf7-3a5c1a576feb', 10, 0.823),
  ('30d3c5ce-716a-5efe-8cf7-3a5c1a576feb', 11, 0.844),
  ('30d3c5ce-716a-5efe-8cf7-3a5c1a576feb', 12, 0.874),
  ('30d3c5ce-716a-5efe-8cf7-3a5c1a576feb', 13, 0.895),
  ('30d3c5ce-716a-5efe-8cf7-3a5c1a576feb', 14, 0.913),
  ('30d3c5ce-716a-5efe-8cf7-3a5c1a576feb', 15, 0.934),
  ('30d3c5ce-716a-5efe-8cf7-3a5c1a576feb', 16, 0.957),
  ('30d3c5ce-716a-5efe-8cf7-3a5c1a576feb', 17, 0.954),
  ('30d3c5ce-716a-5efe-8cf7-3a5c1a576feb', 18, 0.962),
  ('30d3c5ce-716a-5efe-8cf7-3a5c1a576feb', 19, 0.966),
  ('30d3c5ce-716a-5efe-8cf7-3a5c1a576feb', 20, 0.982),
  ('30d3c5ce-716a-5efe-8cf7-3a5c1a576feb', 21, 1.0),
  ('30d3c5ce-716a-5efe-8cf7-3a5c1a576feb', 22, 1.001),
  ('30d3c5ce-716a-5efe-8cf7-3a5c1a576feb', 23, 0.986),
  ('30d3c5ce-716a-5efe-8cf7-3a5c1a576feb', 24, 0.999),
  ('295cfdc3-f3ad-55a7-bfee-e6ad67ee860a', 0, 0.306),
  ('295cfdc3-f3ad-55a7-bfee-e6ad67ee860a', 1, 0.372),
  ('295cfdc3-f3ad-55a7-bfee-e6ad67ee860a', 2, 0.463),
  ('295cfdc3-f3ad-55a7-bfee-e6ad67ee860a', 3, 0.538),
  ('295cfdc3-f3ad-55a7-bfee-e6ad67ee860a', 4, 0.605),
  ('295cfdc3-f3ad-55a7-bfee-e6ad67ee860a', 5, 0.659),
  ('295cfdc3-f3ad-55a7-bfee-e6ad67ee860a', 6, 0.702),
  ('295cfdc3-f3ad-55a7-bfee-e6ad67ee860a', 7, 0.739),
  ('295cfdc3-f3ad-55a7-bfee-e6ad67ee860a', 8, 0.772),
  ('295cfdc3-f3ad-55a7-bfee-e6ad67ee860a', 9, 0.796),
  ('295cfdc3-f3ad-55a7-bfee-e6ad67ee860a', 10, 0.825),
  ('295cfdc3-f3ad-55a7-bfee-e6ad67ee860a', 11, 0.849),
  ('295cfdc3-f3ad-55a7-bfee-e6ad67ee860a', 12, 0.872),
  ('295cfdc3-f3ad-55a7-bfee-e6ad67ee860a', 13, 0.891),
  ('295cfdc3-f3ad-55a7-bfee-e6ad67ee860a', 14, 0.922),
  ('295cfdc3-f3ad-55a7-bfee-e6ad67ee860a', 15, 0.955),
  ('295cfdc3-f3ad-55a7-bfee-e6ad67ee860a', 16, 0.964),
  ('295cfdc3-f3ad-55a7-bfee-e6ad67ee860a', 17, 0.978),
  ('295cfdc3-f3ad-55a7-bfee-e6ad67ee860a', 18, 0.977),
  ('295cfdc3-f3ad-55a7-bfee-e6ad67ee860a', 19, 0.989),
  ('295cfdc3-f3ad-55a7-bfee-e6ad67ee860a', 20, 1.011),
  ('295cfdc3-f3ad-55a7-bfee-e6ad67ee860a', 21, 1.015),
  ('295cfdc3-f3ad-55a7-bfee-e6ad67ee860a', 22, 0.999),
  ('295cfdc3-f3ad-55a7-bfee-e6ad67ee860a', 23, 1.015),
  ('295cfdc3-f3ad-55a7-bfee-e6ad67ee860a', 24, 1.034),
  ('82096038-a03b-539d-ba2c-943a146ce752', 0, 0.293),
  ('82096038-a03b-539d-ba2c-943a146ce752', 1, 0.364),
  ('82096038-a03b-539d-ba2c-943a146ce752', 2, 0.451),
  ('82096038-a03b-539d-ba2c-943a146ce752', 3, 0.533),
  ('82096038-a03b-539d-ba2c-943a146ce752', 4, 0.602),
  ('82096038-a03b-539d-ba2c-943a146ce752', 5, 0.655),
  ('82096038-a03b-539d-ba2c-943a146ce752', 6, 0.697),
  ('82096038-a03b-539d-ba2c-943a146ce752', 7, 0.736),
  ('82096038-a03b-539d-ba2c-943a146ce752', 8, 0.765),
  ('82096038-a03b-539d-ba2c-943a146ce752', 9, 0.79),
  ('82096038-a03b-539d-ba2c-943a146ce752', 10, 0.816),
  ('82096038-a03b-539d-ba2c-943a146ce752', 11, 0.841),
  ('82096038-a03b-539d-ba2c-943a146ce752', 12, 0.864),
  ('82096038-a03b-539d-ba2c-943a146ce752', 13, 0.888),
  ('82096038-a03b-539d-ba2c-943a146ce752', 14, 0.905),
  ('82096038-a03b-539d-ba2c-943a146ce752', 15, 0.931),
  ('82096038-a03b-539d-ba2c-943a146ce752', 16, 0.962),
  ('82096038-a03b-539d-ba2c-943a146ce752', 17, 0.972),
  ('82096038-a03b-539d-ba2c-943a146ce752', 18, 0.998),
  ('82096038-a03b-539d-ba2c-943a146ce752', 19, 0.977),
  ('82096038-a03b-539d-ba2c-943a146ce752', 20, 1.042),
  ('82096038-a03b-539d-ba2c-943a146ce752', 21, 0.999),
  ('82096038-a03b-539d-ba2c-943a146ce752', 22, 1.001),
  ('82096038-a03b-539d-ba2c-943a146ce752', 23, 0.995),
  ('82096038-a03b-539d-ba2c-943a146ce752', 24, 0.996),
  ('c72845b8-caff-544b-802e-2a7e6698d8ba', 0, 0.288),
  ('c72845b8-caff-544b-802e-2a7e6698d8ba', 1, 0.369),
  ('c72845b8-caff-544b-802e-2a7e6698d8ba', 2, 0.455),
  ('c72845b8-caff-544b-802e-2a7e6698d8ba', 3, 0.545),
  ('c72845b8-caff-544b-802e-2a7e6698d8ba', 4, 0.614),
  ('c72845b8-caff-544b-802e-2a7e6698d8ba', 5, 0.663),
  ('c72845b8-caff-544b-802e-2a7e6698d8ba', 6, 0.704),
  ('c72845b8-caff-544b-802e-2a7e6698d8ba', 7, 0.744),
  ('c72845b8-caff-544b-802e-2a7e6698d8ba', 8, 0.774),
  ('c72845b8-caff-544b-802e-2a7e6698d8ba', 9, 0.803),
  ('c72845b8-caff-544b-802e-2a7e6698d8ba', 10, 0.833),
  ('c72845b8-caff-544b-802e-2a7e6698d8ba', 11, 0.857),
  ('c72845b8-caff-544b-802e-2a7e6698d8ba', 12, 0.883),
  ('c72845b8-caff-544b-802e-2a7e6698d8ba', 13, 0.898),
  ('c72845b8-caff-544b-802e-2a7e6698d8ba', 14, 0.924),
  ('c72845b8-caff-544b-802e-2a7e6698d8ba', 15, 0.942),
  ('c72845b8-caff-544b-802e-2a7e6698d8ba', 16, 0.961),
  ('c72845b8-caff-544b-802e-2a7e6698d8ba', 17, 0.985),
  ('c72845b8-caff-544b-802e-2a7e6698d8ba', 18, 0.991),
  ('c72845b8-caff-544b-802e-2a7e6698d8ba', 19, 1.008),
  ('c72845b8-caff-544b-802e-2a7e6698d8ba', 20, 1.0),
  ('c72845b8-caff-544b-802e-2a7e6698d8ba', 21, 1.028),
  ('c72845b8-caff-544b-802e-2a7e6698d8ba', 22, 0.989),
  ('c72845b8-caff-544b-802e-2a7e6698d8ba', 23, 0.994),
  ('c72845b8-caff-544b-802e-2a7e6698d8ba', 24, 1.014),
  ('530c5a88-a252-5fa8-86d3-1fb87a73cf7f', 0, 0.286),
  ('530c5a88-a252-5fa8-86d3-1fb87a73cf7f', 1, 0.362),
  ('530c5a88-a252-5fa8-86d3-1fb87a73cf7f', 2, 0.453),
  ('530c5a88-a252-5fa8-86d3-1fb87a73cf7f', 3, 0.53),
  ('530c5a88-a252-5fa8-86d3-1fb87a73cf7f', 4, 0.6),
  ('530c5a88-a252-5fa8-86d3-1fb87a73cf7f', 5, 0.658),
  ('530c5a88-a252-5fa8-86d3-1fb87a73cf7f', 6, 0.699),
  ('530c5a88-a252-5fa8-86d3-1fb87a73cf7f', 7, 0.734),
  ('530c5a88-a252-5fa8-86d3-1fb87a73cf7f', 8, 0.768),
  ('530c5a88-a252-5fa8-86d3-1fb87a73cf7f', 9, 0.792),
  ('530c5a88-a252-5fa8-86d3-1fb87a73cf7f', 10, 0.814),
  ('530c5a88-a252-5fa8-86d3-1fb87a73cf7f', 11, 0.838),
  ('530c5a88-a252-5fa8-86d3-1fb87a73cf7f', 12, 0.86),
  ('530c5a88-a252-5fa8-86d3-1fb87a73cf7f', 13, 0.887),
  ('530c5a88-a252-5fa8-86d3-1fb87a73cf7f', 14, 0.921),
  ('530c5a88-a252-5fa8-86d3-1fb87a73cf7f', 15, 0.931),
  ('530c5a88-a252-5fa8-86d3-1fb87a73cf7f', 16, 0.958),
  ('530c5a88-a252-5fa8-86d3-1fb87a73cf7f', 17, 0.965),
  ('530c5a88-a252-5fa8-86d3-1fb87a73cf7f', 18, 0.966),
  ('530c5a88-a252-5fa8-86d3-1fb87a73cf7f', 19, 0.968),
  ('530c5a88-a252-5fa8-86d3-1fb87a73cf7f', 20, 0.98),
  ('530c5a88-a252-5fa8-86d3-1fb87a73cf7f', 21, 0.968),
  ('530c5a88-a252-5fa8-86d3-1fb87a73cf7f', 22, 0.986),
  ('530c5a88-a252-5fa8-86d3-1fb87a73cf7f', 23, 0.991),
  ('530c5a88-a252-5fa8-86d3-1fb87a73cf7f', 24, 0.989),
  ('7a904fdb-4fe0-5408-9d24-c02c1f6c01dd', 0, 0.306),
  ('7a904fdb-4fe0-5408-9d24-c02c1f6c01dd', 1, 0.37),
  ('7a904fdb-4fe0-5408-9d24-c02c1f6c01dd', 2, 0.455),
  ('7a904fdb-4fe0-5408-9d24-c02c1f6c01dd', 3, 0.54),
  ('7a904fdb-4fe0-5408-9d24-c02c1f6c01dd', 4, 0.609),
  ('7a904fdb-4fe0-5408-9d24-c02c1f6c01dd', 5, 0.666),
  ('7a904fdb-4fe0-5408-9d24-c02c1f6c01dd', 6, 0.704),
  ('7a904fdb-4fe0-5408-9d24-c02c1f6c01dd', 7, 0.744),
  ('7a904fdb-4fe0-5408-9d24-c02c1f6c01dd', 8, 0.781),
  ('7a904fdb-4fe0-5408-9d24-c02c1f6c01dd', 9, 0.807),
  ('7a904fdb-4fe0-5408-9d24-c02c1f6c01dd', 10, 0.824),
  ('7a904fdb-4fe0-5408-9d24-c02c1f6c01dd', 11, 0.847),
  ('7a904fdb-4fe0-5408-9d24-c02c1f6c01dd', 12, 0.867),
  ('7a904fdb-4fe0-5408-9d24-c02c1f6c01dd', 13, 0.891),
  ('7a904fdb-4fe0-5408-9d24-c02c1f6c01dd', 14, 0.909),
  ('7a904fdb-4fe0-5408-9d24-c02c1f6c01dd', 15, 0.936),
  ('7a904fdb-4fe0-5408-9d24-c02c1f6c01dd', 16, 0.964),
  ('7a904fdb-4fe0-5408-9d24-c02c1f6c01dd', 17, 0.98),
  ('7a904fdb-4fe0-5408-9d24-c02c1f6c01dd', 18, 0.968),
  ('7a904fdb-4fe0-5408-9d24-c02c1f6c01dd', 19, 0.968),
  ('7a904fdb-4fe0-5408-9d24-c02c1f6c01dd', 20, 0.993),
  ('7a904fdb-4fe0-5408-9d24-c02c1f6c01dd', 21, 1.016),
  ('7a904fdb-4fe0-5408-9d24-c02c1f6c01dd', 22, 1.019),
  ('7a904fdb-4fe0-5408-9d24-c02c1f6c01dd', 23, 1.003),
  ('7a904fdb-4fe0-5408-9d24-c02c1f6c01dd', 24, 1.034),
  ('9ea1a204-9381-56f1-b4cf-020e6502fe9f', 0, 0.333),
  ('9ea1a204-9381-56f1-b4cf-020e6502fe9f', 1, 0.366),
  ('9ea1a204-9381-56f1-b4cf-020e6502fe9f', 2, 0.455),
  ('9ea1a204-9381-56f1-b4cf-020e6502fe9f', 3, 0.542),
  ('9ea1a204-9381-56f1-b4cf-020e6502fe9f', 4, 0.605),
  ('9ea1a204-9381-56f1-b4cf-020e6502fe9f', 5, 0.657),
  ('9ea1a204-9381-56f1-b4cf-020e6502fe9f', 6, 0.699),
  ('9ea1a204-9381-56f1-b4cf-020e6502fe9f', 7, 0.743),
  ('9ea1a204-9381-56f1-b4cf-020e6502fe9f', 8, 0.772),
  ('9ea1a204-9381-56f1-b4cf-020e6502fe9f', 9, 0.803),
  ('9ea1a204-9381-56f1-b4cf-020e6502fe9f', 10, 0.824),
  ('9ea1a204-9381-56f1-b4cf-020e6502fe9f', 11, 0.848),
  ('9ea1a204-9381-56f1-b4cf-020e6502fe9f', 12, 0.879),
  ('9ea1a204-9381-56f1-b4cf-020e6502fe9f', 13, 0.893),
  ('9ea1a204-9381-56f1-b4cf-020e6502fe9f', 14, 0.916),
  ('9ea1a204-9381-56f1-b4cf-020e6502fe9f', 15, 0.935),
  ('9ea1a204-9381-56f1-b4cf-020e6502fe9f', 16, 0.957),
  ('9ea1a204-9381-56f1-b4cf-020e6502fe9f', 17, 0.968),
  ('9ea1a204-9381-56f1-b4cf-020e6502fe9f', 18, 0.97),
  ('9ea1a204-9381-56f1-b4cf-020e6502fe9f', 19, 0.964),
  ('9ea1a204-9381-56f1-b4cf-020e6502fe9f', 20, 0.971),
  ('9ea1a204-9381-56f1-b4cf-020e6502fe9f', 21, 1.003),
  ('9ea1a204-9381-56f1-b4cf-020e6502fe9f', 22, 0.996),
  ('9ea1a204-9381-56f1-b4cf-020e6502fe9f', 23, 0.982),
  ('9ea1a204-9381-56f1-b4cf-020e6502fe9f', 24, 1.007),
  ('a86311c8-cc08-5dd9-93e1-d542af828161', 0, 0.287),
  ('a86311c8-cc08-5dd9-93e1-d542af828161', 1, 0.367),
  ('a86311c8-cc08-5dd9-93e1-d542af828161', 2, 0.452),
  ('a86311c8-cc08-5dd9-93e1-d542af828161', 3, 0.537),
  ('a86311c8-cc08-5dd9-93e1-d542af828161', 4, 0.609),
  ('a86311c8-cc08-5dd9-93e1-d542af828161', 5, 0.662),
  ('a86311c8-cc08-5dd9-93e1-d542af828161', 6, 0.7),
  ('a86311c8-cc08-5dd9-93e1-d542af828161', 7, 0.738),
  ('a86311c8-cc08-5dd9-93e1-d542af828161', 8, 0.776),
  ('a86311c8-cc08-5dd9-93e1-d542af828161', 9, 0.803),
  ('a86311c8-cc08-5dd9-93e1-d542af828161', 10, 0.829),
  ('a86311c8-cc08-5dd9-93e1-d542af828161', 11, 0.839),
  ('a86311c8-cc08-5dd9-93e1-d542af828161', 12, 0.871),
  ('a86311c8-cc08-5dd9-93e1-d542af828161', 13, 0.889),
  ('a86311c8-cc08-5dd9-93e1-d542af828161', 14, 0.909),
  ('a86311c8-cc08-5dd9-93e1-d542af828161', 15, 0.932),
  ('a86311c8-cc08-5dd9-93e1-d542af828161', 16, 0.951),
  ('a86311c8-cc08-5dd9-93e1-d542af828161', 17, 0.957),
  ('a86311c8-cc08-5dd9-93e1-d542af828161', 18, 0.963),
  ('a86311c8-cc08-5dd9-93e1-d542af828161', 19, 0.972),
  ('a86311c8-cc08-5dd9-93e1-d542af828161', 20, 1.005),
  ('a86311c8-cc08-5dd9-93e1-d542af828161', 21, 1.008),
  ('a86311c8-cc08-5dd9-93e1-d542af828161', 22, 1.006),
  ('a86311c8-cc08-5dd9-93e1-d542af828161', 23, 0.988),
  ('a86311c8-cc08-5dd9-93e1-d542af828161', 24, 1.027),
  ('10064a66-821c-5841-b05d-a85a7c415ffc', 0, 0.274),
  ('10064a66-821c-5841-b05d-a85a7c415ffc', 1, 0.357),
  ('10064a66-821c-5841-b05d-a85a7c415ffc', 2, 0.44),
  ('10064a66-821c-5841-b05d-a85a7c415ffc', 3, 0.522),
  ('10064a66-821c-5841-b05d-a85a7c415ffc', 4, 0.588),
  ('10064a66-821c-5841-b05d-a85a7c415ffc', 5, 0.644),
  ('10064a66-821c-5841-b05d-a85a7c415ffc', 6, 0.682),
  ('10064a66-821c-5841-b05d-a85a7c415ffc', 7, 0.728),
  ('10064a66-821c-5841-b05d-a85a7c415ffc', 8, 0.756),
  ('10064a66-821c-5841-b05d-a85a7c415ffc', 9, 0.793),
  ('10064a66-821c-5841-b05d-a85a7c415ffc', 10, 0.811),
  ('10064a66-821c-5841-b05d-a85a7c415ffc', 11, 0.835),
  ('10064a66-821c-5841-b05d-a85a7c415ffc', 12, 0.855),
  ('10064a66-821c-5841-b05d-a85a7c415ffc', 13, 0.88),
  ('10064a66-821c-5841-b05d-a85a7c415ffc', 14, 0.903),
  ('10064a66-821c-5841-b05d-a85a7c415ffc', 15, 0.927),
  ('10064a66-821c-5841-b05d-a85a7c415ffc', 16, 0.949),
  ('10064a66-821c-5841-b05d-a85a7c415ffc', 17, 0.961),
  ('10064a66-821c-5841-b05d-a85a7c415ffc', 18, 0.966),
  ('10064a66-821c-5841-b05d-a85a7c415ffc', 19, 0.974),
  ('10064a66-821c-5841-b05d-a85a7c415ffc', 20, 0.975),
  ('10064a66-821c-5841-b05d-a85a7c415ffc', 21, 0.981),
  ('10064a66-821c-5841-b05d-a85a7c415ffc', 22, 0.976),
  ('10064a66-821c-5841-b05d-a85a7c415ffc', 23, 0.983),
  ('10064a66-821c-5841-b05d-a85a7c415ffc', 24, 0.993),
  ('31b95c44-8a31-50b2-8c61-a89eeffaa419', 0, 0.34),
  ('31b95c44-8a31-50b2-8c61-a89eeffaa419', 1, 0.367),
  ('31b95c44-8a31-50b2-8c61-a89eeffaa419', 2, 0.452),
  ('31b95c44-8a31-50b2-8c61-a89eeffaa419', 3, 0.534),
  ('31b95c44-8a31-50b2-8c61-a89eeffaa419', 4, 0.605),
  ('31b95c44-8a31-50b2-8c61-a89eeffaa419', 5, 0.656),
  ('31b95c44-8a31-50b2-8c61-a89eeffaa419', 6, 0.697),
  ('31b95c44-8a31-50b2-8c61-a89eeffaa419', 7, 0.734),
  ('31b95c44-8a31-50b2-8c61-a89eeffaa419', 8, 0.77),
  ('31b95c44-8a31-50b2-8c61-a89eeffaa419', 9, 0.798),
  ('31b95c44-8a31-50b2-8c61-a89eeffaa419', 10, 0.824),
  ('31b95c44-8a31-50b2-8c61-a89eeffaa419', 11, 0.845),
  ('31b95c44-8a31-50b2-8c61-a89eeffaa419', 12, 0.876),
  ('31b95c44-8a31-50b2-8c61-a89eeffaa419', 13, 0.899),
  ('31b95c44-8a31-50b2-8c61-a89eeffaa419', 14, 0.922),
  ('31b95c44-8a31-50b2-8c61-a89eeffaa419', 15, 0.943),
  ('31b95c44-8a31-50b2-8c61-a89eeffaa419', 16, 0.966),
  ('31b95c44-8a31-50b2-8c61-a89eeffaa419', 17, 0.983),
  ('31b95c44-8a31-50b2-8c61-a89eeffaa419', 18, 0.97),
  ('31b95c44-8a31-50b2-8c61-a89eeffaa419', 19, 0.963),
  ('31b95c44-8a31-50b2-8c61-a89eeffaa419', 20, 0.964),
  ('31b95c44-8a31-50b2-8c61-a89eeffaa419', 21, 0.981),
  ('31b95c44-8a31-50b2-8c61-a89eeffaa419', 22, 0.996),
  ('31b95c44-8a31-50b2-8c61-a89eeffaa419', 23, 0.993),
  ('31b95c44-8a31-50b2-8c61-a89eeffaa419', 24, 1.002),
  ('af6e7514-a072-5a7c-ba98-338cda0cd243', 0, 0.298),
  ('af6e7514-a072-5a7c-ba98-338cda0cd243', 1, 0.36),
  ('af6e7514-a072-5a7c-ba98-338cda0cd243', 2, 0.445),
  ('af6e7514-a072-5a7c-ba98-338cda0cd243', 3, 0.526),
  ('af6e7514-a072-5a7c-ba98-338cda0cd243', 4, 0.599),
  ('af6e7514-a072-5a7c-ba98-338cda0cd243', 5, 0.655),
  ('af6e7514-a072-5a7c-ba98-338cda0cd243', 6, 0.695),
  ('af6e7514-a072-5a7c-ba98-338cda0cd243', 7, 0.736),
  ('af6e7514-a072-5a7c-ba98-338cda0cd243', 8, 0.762),
  ('af6e7514-a072-5a7c-ba98-338cda0cd243', 9, 0.789),
  ('af6e7514-a072-5a7c-ba98-338cda0cd243', 10, 0.81),
  ('af6e7514-a072-5a7c-ba98-338cda0cd243', 11, 0.831),
  ('af6e7514-a072-5a7c-ba98-338cda0cd243', 12, 0.86),
  ('af6e7514-a072-5a7c-ba98-338cda0cd243', 13, 0.886),
  ('af6e7514-a072-5a7c-ba98-338cda0cd243', 14, 0.906),
  ('af6e7514-a072-5a7c-ba98-338cda0cd243', 15, 0.939),
  ('af6e7514-a072-5a7c-ba98-338cda0cd243', 16, 0.966),
  ('af6e7514-a072-5a7c-ba98-338cda0cd243', 17, 0.971),
  ('af6e7514-a072-5a7c-ba98-338cda0cd243', 18, 0.974),
  ('af6e7514-a072-5a7c-ba98-338cda0cd243', 19, 0.976),
  ('af6e7514-a072-5a7c-ba98-338cda0cd243', 20, 1.0),
  ('af6e7514-a072-5a7c-ba98-338cda0cd243', 21, 0.993),
  ('af6e7514-a072-5a7c-ba98-338cda0cd243', 22, 0.997),
  ('af6e7514-a072-5a7c-ba98-338cda0cd243', 23, 1.004),
  ('af6e7514-a072-5a7c-ba98-338cda0cd243', 24, 1.022),
  ('72b9b5e1-1df9-52a4-a9d0-265d8211b789', 0, 0.292),
  ('72b9b5e1-1df9-52a4-a9d0-265d8211b789', 1, 0.365),
  ('72b9b5e1-1df9-52a4-a9d0-265d8211b789', 2, 0.449),
  ('72b9b5e1-1df9-52a4-a9d0-265d8211b789', 3, 0.532),
  ('72b9b5e1-1df9-52a4-a9d0-265d8211b789', 4, 0.61),
  ('72b9b5e1-1df9-52a4-a9d0-265d8211b789', 5, 0.661),
  ('72b9b5e1-1df9-52a4-a9d0-265d8211b789', 6, 0.699),
  ('72b9b5e1-1df9-52a4-a9d0-265d8211b789', 7, 0.742),
  ('72b9b5e1-1df9-52a4-a9d0-265d8211b789', 8, 0.774),
  ('72b9b5e1-1df9-52a4-a9d0-265d8211b789', 9, 0.811),
  ('72b9b5e1-1df9-52a4-a9d0-265d8211b789', 10, 0.821),
  ('72b9b5e1-1df9-52a4-a9d0-265d8211b789', 11, 0.848),
  ('72b9b5e1-1df9-52a4-a9d0-265d8211b789', 12, 0.88),
  ('72b9b5e1-1df9-52a4-a9d0-265d8211b789', 13, 0.918),
  ('72b9b5e1-1df9-52a4-a9d0-265d8211b789', 14, 0.933),
  ('72b9b5e1-1df9-52a4-a9d0-265d8211b789', 15, 0.95),
  ('72b9b5e1-1df9-52a4-a9d0-265d8211b789', 16, 0.978),
  ('72b9b5e1-1df9-52a4-a9d0-265d8211b789', 17, 0.985),
  ('72b9b5e1-1df9-52a4-a9d0-265d8211b789', 18, 0.972),
  ('72b9b5e1-1df9-52a4-a9d0-265d8211b789', 19, 0.988),
  ('72b9b5e1-1df9-52a4-a9d0-265d8211b789', 20, 0.971),
  ('72b9b5e1-1df9-52a4-a9d0-265d8211b789', 21, 0.983),
  ('72b9b5e1-1df9-52a4-a9d0-265d8211b789', 22, 0.974),
  ('72b9b5e1-1df9-52a4-a9d0-265d8211b789', 23, 0.975),
  ('72b9b5e1-1df9-52a4-a9d0-265d8211b789', 24, 0.994),
  ('7ecb4574-34ca-55a5-ad42-f5fbc2c7d081', 0, 0.289),
  ('7ecb4574-34ca-55a5-ad42-f5fbc2c7d081', 1, 0.371),
  ('7ecb4574-34ca-55a5-ad42-f5fbc2c7d081', 2, 0.464),
  ('7ecb4574-34ca-55a5-ad42-f5fbc2c7d081', 3, 0.54),
  ('7ecb4574-34ca-55a5-ad42-f5fbc2c7d081', 4, 0.609),
  ('7ecb4574-34ca-55a5-ad42-f5fbc2c7d081', 5, 0.659),
  ('7ecb4574-34ca-55a5-ad42-f5fbc2c7d081', 6, 0.705),
  ('7ecb4574-34ca-55a5-ad42-f5fbc2c7d081', 7, 0.743),
  ('7ecb4574-34ca-55a5-ad42-f5fbc2c7d081', 8, 0.775),
  ('7ecb4574-34ca-55a5-ad42-f5fbc2c7d081', 9, 0.831),
  ('7ecb4574-34ca-55a5-ad42-f5fbc2c7d081', 10, 0.843),
  ('7ecb4574-34ca-55a5-ad42-f5fbc2c7d081', 11, 0.864),
  ('7ecb4574-34ca-55a5-ad42-f5fbc2c7d081', 12, 0.888),
  ('7ecb4574-34ca-55a5-ad42-f5fbc2c7d081', 13, 0.907),
  ('7ecb4574-34ca-55a5-ad42-f5fbc2c7d081', 14, 0.921),
  ('7ecb4574-34ca-55a5-ad42-f5fbc2c7d081', 15, 0.945),
  ('7ecb4574-34ca-55a5-ad42-f5fbc2c7d081', 16, 0.971),
  ('7ecb4574-34ca-55a5-ad42-f5fbc2c7d081', 17, 0.972),
  ('7ecb4574-34ca-55a5-ad42-f5fbc2c7d081', 18, 0.97),
  ('7ecb4574-34ca-55a5-ad42-f5fbc2c7d081', 19, 0.984),
  ('7ecb4574-34ca-55a5-ad42-f5fbc2c7d081', 20, 0.974),
  ('7ecb4574-34ca-55a5-ad42-f5fbc2c7d081', 21, 0.995),
  ('7ecb4574-34ca-55a5-ad42-f5fbc2c7d081', 22, 1.005),
  ('7ecb4574-34ca-55a5-ad42-f5fbc2c7d081', 23, 1.004),
  ('7ecb4574-34ca-55a5-ad42-f5fbc2c7d081', 24, 1.025),
  ('c289ee7c-1b0f-54ec-a2b1-38cdab003109', 0, 0.304),
  ('c289ee7c-1b0f-54ec-a2b1-38cdab003109', 1, 0.362),
  ('c289ee7c-1b0f-54ec-a2b1-38cdab003109', 2, 0.448),
  ('c289ee7c-1b0f-54ec-a2b1-38cdab003109', 3, 0.53),
  ('c289ee7c-1b0f-54ec-a2b1-38cdab003109', 4, 0.598),
  ('c289ee7c-1b0f-54ec-a2b1-38cdab003109', 5, 0.654),
  ('c289ee7c-1b0f-54ec-a2b1-38cdab003109', 6, 0.698),
  ('c289ee7c-1b0f-54ec-a2b1-38cdab003109', 7, 0.735),
  ('c289ee7c-1b0f-54ec-a2b1-38cdab003109', 8, 0.768),
  ('c289ee7c-1b0f-54ec-a2b1-38cdab003109', 9, 0.792),
  ('c289ee7c-1b0f-54ec-a2b1-38cdab003109', 10, 0.822),
  ('c289ee7c-1b0f-54ec-a2b1-38cdab003109', 11, 0.838),
  ('c289ee7c-1b0f-54ec-a2b1-38cdab003109', 12, 0.864),
  ('c289ee7c-1b0f-54ec-a2b1-38cdab003109', 13, 0.891),
  ('c289ee7c-1b0f-54ec-a2b1-38cdab003109', 14, 0.916),
  ('c289ee7c-1b0f-54ec-a2b1-38cdab003109', 15, 0.94),
  ('c289ee7c-1b0f-54ec-a2b1-38cdab003109', 16, 0.967),
  ('c289ee7c-1b0f-54ec-a2b1-38cdab003109', 17, 0.957),
  ('c289ee7c-1b0f-54ec-a2b1-38cdab003109', 18, 0.954),
  ('c289ee7c-1b0f-54ec-a2b1-38cdab003109', 19, 0.965),
  ('c289ee7c-1b0f-54ec-a2b1-38cdab003109', 20, 0.968),
  ('c289ee7c-1b0f-54ec-a2b1-38cdab003109', 21, 0.976),
  ('c289ee7c-1b0f-54ec-a2b1-38cdab003109', 22, 1.0),
  ('c289ee7c-1b0f-54ec-a2b1-38cdab003109', 23, 1.021),
  ('c289ee7c-1b0f-54ec-a2b1-38cdab003109', 24, 1.021),
  ('d182f0ed-daeb-52dd-b936-b85e0c39c09a', 0, 0.381),
  ('d182f0ed-daeb-52dd-b936-b85e0c39c09a', 1, 0.391),
  ('d182f0ed-daeb-52dd-b936-b85e0c39c09a', 2, 0.494),
  ('d182f0ed-daeb-52dd-b936-b85e0c39c09a', 3, 0.558),
  ('d182f0ed-daeb-52dd-b936-b85e0c39c09a', 4, 0.623),
  ('d182f0ed-daeb-52dd-b936-b85e0c39c09a', 5, 0.671),
  ('d182f0ed-daeb-52dd-b936-b85e0c39c09a', 6, 0.703),
  ('d182f0ed-daeb-52dd-b936-b85e0c39c09a', 7, 0.744),
  ('d182f0ed-daeb-52dd-b936-b85e0c39c09a', 8, 0.784),
  ('d182f0ed-daeb-52dd-b936-b85e0c39c09a', 9, 0.815),
  ('d182f0ed-daeb-52dd-b936-b85e0c39c09a', 10, 0.826),
  ('d182f0ed-daeb-52dd-b936-b85e0c39c09a', 11, 0.85),
  ('d182f0ed-daeb-52dd-b936-b85e0c39c09a', 12, 0.87),
  ('d182f0ed-daeb-52dd-b936-b85e0c39c09a', 13, 0.896),
  ('d182f0ed-daeb-52dd-b936-b85e0c39c09a', 14, 0.93),
  ('d182f0ed-daeb-52dd-b936-b85e0c39c09a', 15, 0.96),
  ('d182f0ed-daeb-52dd-b936-b85e0c39c09a', 16, 0.971),
  ('d182f0ed-daeb-52dd-b936-b85e0c39c09a', 17, 0.973),
  ('d182f0ed-daeb-52dd-b936-b85e0c39c09a', 18, 0.985),
  ('d182f0ed-daeb-52dd-b936-b85e0c39c09a', 19, 0.993),
  ('d182f0ed-daeb-52dd-b936-b85e0c39c09a', 20, 0.994),
  ('d182f0ed-daeb-52dd-b936-b85e0c39c09a', 21, 0.989),
  ('d182f0ed-daeb-52dd-b936-b85e0c39c09a', 22, 1.001),
  ('d182f0ed-daeb-52dd-b936-b85e0c39c09a', 23, 1.01),
  ('d182f0ed-daeb-52dd-b936-b85e0c39c09a', 24, 1.032),
  ('c317cead-7c7e-5ec9-b959-fa1842b35c97', 0, 0.296),
  ('c317cead-7c7e-5ec9-b959-fa1842b35c97', 1, 0.372),
  ('c317cead-7c7e-5ec9-b959-fa1842b35c97', 2, 0.459),
  ('c317cead-7c7e-5ec9-b959-fa1842b35c97', 3, 0.536),
  ('c317cead-7c7e-5ec9-b959-fa1842b35c97', 4, 0.603),
  ('c317cead-7c7e-5ec9-b959-fa1842b35c97', 5, 0.66),
  ('c317cead-7c7e-5ec9-b959-fa1842b35c97', 6, 0.702),
  ('c317cead-7c7e-5ec9-b959-fa1842b35c97', 7, 0.74),
  ('c317cead-7c7e-5ec9-b959-fa1842b35c97', 8, 0.77),
  ('c317cead-7c7e-5ec9-b959-fa1842b35c97', 9, 0.831),
  ('c317cead-7c7e-5ec9-b959-fa1842b35c97', 10, 0.835),
  ('c317cead-7c7e-5ec9-b959-fa1842b35c97', 11, 0.854),
  ('c317cead-7c7e-5ec9-b959-fa1842b35c97', 12, 0.869),
  ('c317cead-7c7e-5ec9-b959-fa1842b35c97', 13, 0.898),
  ('c317cead-7c7e-5ec9-b959-fa1842b35c97', 14, 0.913),
  ('c317cead-7c7e-5ec9-b959-fa1842b35c97', 15, 0.938),
  ('c317cead-7c7e-5ec9-b959-fa1842b35c97', 16, 0.961),
  ('c317cead-7c7e-5ec9-b959-fa1842b35c97', 17, 0.972),
  ('c317cead-7c7e-5ec9-b959-fa1842b35c97', 18, 0.979),
  ('c317cead-7c7e-5ec9-b959-fa1842b35c97', 19, 0.98),
  ('c317cead-7c7e-5ec9-b959-fa1842b35c97', 20, 0.975),
  ('c317cead-7c7e-5ec9-b959-fa1842b35c97', 21, 0.981),
  ('c317cead-7c7e-5ec9-b959-fa1842b35c97', 22, 0.986),
  ('c317cead-7c7e-5ec9-b959-fa1842b35c97', 23, 0.988),
  ('c317cead-7c7e-5ec9-b959-fa1842b35c97', 24, 1.003),
  ('fe7c071f-615e-573e-9454-c3632b5d1df5', 0, 0.278),
  ('fe7c071f-615e-573e-9454-c3632b5d1df5', 1, 0.359),
  ('fe7c071f-615e-573e-9454-c3632b5d1df5', 2, 0.445),
  ('fe7c071f-615e-573e-9454-c3632b5d1df5', 3, 0.531),
  ('fe7c071f-615e-573e-9454-c3632b5d1df5', 4, 0.62),
  ('fe7c071f-615e-573e-9454-c3632b5d1df5', 5, 0.656),
  ('fe7c071f-615e-573e-9454-c3632b5d1df5', 6, 0.691),
  ('fe7c071f-615e-573e-9454-c3632b5d1df5', 7, 0.734),
  ('fe7c071f-615e-573e-9454-c3632b5d1df5', 8, 0.775),
  ('fe7c071f-615e-573e-9454-c3632b5d1df5', 9, 0.789),
  ('fe7c071f-615e-573e-9454-c3632b5d1df5', 10, 0.806),
  ('fe7c071f-615e-573e-9454-c3632b5d1df5', 11, 0.839),
  ('fe7c071f-615e-573e-9454-c3632b5d1df5', 12, 0.874),
  ('fe7c071f-615e-573e-9454-c3632b5d1df5', 13, 0.892),
  ('fe7c071f-615e-573e-9454-c3632b5d1df5', 14, 0.9),
  ('fe7c071f-615e-573e-9454-c3632b5d1df5', 15, 0.925),
  ('fe7c071f-615e-573e-9454-c3632b5d1df5', 16, 0.951),
  ('fe7c071f-615e-573e-9454-c3632b5d1df5', 17, 0.95),
  ('fe7c071f-615e-573e-9454-c3632b5d1df5', 18, 0.962),
  ('fe7c071f-615e-573e-9454-c3632b5d1df5', 19, 0.973),
  ('fe7c071f-615e-573e-9454-c3632b5d1df5', 20, 0.984),
  ('fe7c071f-615e-573e-9454-c3632b5d1df5', 21, 0.982),
  ('fe7c071f-615e-573e-9454-c3632b5d1df5', 22, 0.985),
  ('fe7c071f-615e-573e-9454-c3632b5d1df5', 23, 0.993),
  ('fe7c071f-615e-573e-9454-c3632b5d1df5', 24, 1.022),
  ('a01d8105-d957-5fd5-b68c-546cb81dc959', 0, 0.27),
  ('a01d8105-d957-5fd5-b68c-546cb81dc959', 1, 0.351),
  ('a01d8105-d957-5fd5-b68c-546cb81dc959', 2, 0.435),
  ('a01d8105-d957-5fd5-b68c-546cb81dc959', 3, 0.514),
  ('a01d8105-d957-5fd5-b68c-546cb81dc959', 4, 0.598),
  ('a01d8105-d957-5fd5-b68c-546cb81dc959', 5, 0.641),
  ('a01d8105-d957-5fd5-b68c-546cb81dc959', 6, 0.683),
  ('a01d8105-d957-5fd5-b68c-546cb81dc959', 7, 0.723),
  ('a01d8105-d957-5fd5-b68c-546cb81dc959', 8, 0.76),
  ('a01d8105-d957-5fd5-b68c-546cb81dc959', 9, 0.777),
  ('a01d8105-d957-5fd5-b68c-546cb81dc959', 10, 0.791),
  ('a01d8105-d957-5fd5-b68c-546cb81dc959', 11, 0.825),
  ('a01d8105-d957-5fd5-b68c-546cb81dc959', 12, 0.852),
  ('a01d8105-d957-5fd5-b68c-546cb81dc959', 13, 0.868),
  ('a01d8105-d957-5fd5-b68c-546cb81dc959', 14, 0.889),
  ('a01d8105-d957-5fd5-b68c-546cb81dc959', 15, 0.922),
  ('a01d8105-d957-5fd5-b68c-546cb81dc959', 16, 0.941),
  ('a01d8105-d957-5fd5-b68c-546cb81dc959', 17, 0.943),
  ('a01d8105-d957-5fd5-b68c-546cb81dc959', 18, 0.963),
  ('a01d8105-d957-5fd5-b68c-546cb81dc959', 19, 0.951),
  ('a01d8105-d957-5fd5-b68c-546cb81dc959', 20, 0.941),
  ('a01d8105-d957-5fd5-b68c-546cb81dc959', 21, 0.967),
  ('a01d8105-d957-5fd5-b68c-546cb81dc959', 22, 0.974),
  ('a01d8105-d957-5fd5-b68c-546cb81dc959', 23, 0.959),
  ('a01d8105-d957-5fd5-b68c-546cb81dc959', 24, 0.985),
  ('804aac92-9aec-56ab-a50e-d58a928095fd', 0, 0.289),
  ('804aac92-9aec-56ab-a50e-d58a928095fd', 1, 0.368),
  ('804aac92-9aec-56ab-a50e-d58a928095fd', 2, 0.45),
  ('804aac92-9aec-56ab-a50e-d58a928095fd', 3, 0.528),
  ('804aac92-9aec-56ab-a50e-d58a928095fd', 4, 0.598),
  ('804aac92-9aec-56ab-a50e-d58a928095fd', 5, 0.652),
  ('804aac92-9aec-56ab-a50e-d58a928095fd', 6, 0.692),
  ('804aac92-9aec-56ab-a50e-d58a928095fd', 7, 0.735),
  ('804aac92-9aec-56ab-a50e-d58a928095fd', 8, 0.762),
  ('804aac92-9aec-56ab-a50e-d58a928095fd', 9, 0.789),
  ('804aac92-9aec-56ab-a50e-d58a928095fd', 10, 0.81),
  ('804aac92-9aec-56ab-a50e-d58a928095fd', 11, 0.835),
  ('804aac92-9aec-56ab-a50e-d58a928095fd', 12, 0.861),
  ('804aac92-9aec-56ab-a50e-d58a928095fd', 13, 0.89),
  ('804aac92-9aec-56ab-a50e-d58a928095fd', 14, 0.904),
  ('804aac92-9aec-56ab-a50e-d58a928095fd', 15, 0.934),
  ('804aac92-9aec-56ab-a50e-d58a928095fd', 16, 0.96),
  ('804aac92-9aec-56ab-a50e-d58a928095fd', 17, 0.968),
  ('804aac92-9aec-56ab-a50e-d58a928095fd', 18, 0.982),
  ('804aac92-9aec-56ab-a50e-d58a928095fd', 19, 0.981),
  ('804aac92-9aec-56ab-a50e-d58a928095fd', 20, 0.989),
  ('804aac92-9aec-56ab-a50e-d58a928095fd', 21, 0.99),
  ('804aac92-9aec-56ab-a50e-d58a928095fd', 22, 0.995),
  ('804aac92-9aec-56ab-a50e-d58a928095fd', 23, 0.971),
  ('804aac92-9aec-56ab-a50e-d58a928095fd', 24, 0.995),
  ('2110fd3f-fe58-5f8f-8d17-2ebc825793b1', 0, 0.282),
  ('2110fd3f-fe58-5f8f-8d17-2ebc825793b1', 1, 0.364),
  ('2110fd3f-fe58-5f8f-8d17-2ebc825793b1', 2, 0.455),
  ('2110fd3f-fe58-5f8f-8d17-2ebc825793b1', 3, 0.544),
  ('2110fd3f-fe58-5f8f-8d17-2ebc825793b1', 4, 0.604),
  ('2110fd3f-fe58-5f8f-8d17-2ebc825793b1', 5, 0.646),
  ('2110fd3f-fe58-5f8f-8d17-2ebc825793b1', 6, 0.691),
  ('2110fd3f-fe58-5f8f-8d17-2ebc825793b1', 7, 0.731),
  ('2110fd3f-fe58-5f8f-8d17-2ebc825793b1', 8, 0.761),
  ('2110fd3f-fe58-5f8f-8d17-2ebc825793b1', 9, 0.786),
  ('2110fd3f-fe58-5f8f-8d17-2ebc825793b1', 10, 0.811),
  ('2110fd3f-fe58-5f8f-8d17-2ebc825793b1', 11, 0.836),
  ('2110fd3f-fe58-5f8f-8d17-2ebc825793b1', 12, 0.864),
  ('2110fd3f-fe58-5f8f-8d17-2ebc825793b1', 13, 0.887),
  ('2110fd3f-fe58-5f8f-8d17-2ebc825793b1', 14, 0.909),
  ('2110fd3f-fe58-5f8f-8d17-2ebc825793b1', 15, 0.916),
  ('2110fd3f-fe58-5f8f-8d17-2ebc825793b1', 16, 0.951),
  ('2110fd3f-fe58-5f8f-8d17-2ebc825793b1', 17, 0.975),
  ('2110fd3f-fe58-5f8f-8d17-2ebc825793b1', 18, 0.981),
  ('2110fd3f-fe58-5f8f-8d17-2ebc825793b1', 19, 0.99),
  ('2110fd3f-fe58-5f8f-8d17-2ebc825793b1', 20, 0.978),
  ('2110fd3f-fe58-5f8f-8d17-2ebc825793b1', 21, 1.015),
  ('2110fd3f-fe58-5f8f-8d17-2ebc825793b1', 22, 0.989),
  ('2110fd3f-fe58-5f8f-8d17-2ebc825793b1', 23, 0.99),
  ('2110fd3f-fe58-5f8f-8d17-2ebc825793b1', 24, 1.026),
  ('1781644c-c2fa-5528-9309-c7e1114b8fbb', 0, 0.288),
  ('1781644c-c2fa-5528-9309-c7e1114b8fbb', 1, 0.374),
  ('1781644c-c2fa-5528-9309-c7e1114b8fbb', 2, 0.47),
  ('1781644c-c2fa-5528-9309-c7e1114b8fbb', 3, 0.552),
  ('1781644c-c2fa-5528-9309-c7e1114b8fbb', 4, 0.623),
  ('1781644c-c2fa-5528-9309-c7e1114b8fbb', 5, 0.676),
  ('1781644c-c2fa-5528-9309-c7e1114b8fbb', 6, 0.709),
  ('1781644c-c2fa-5528-9309-c7e1114b8fbb', 7, 0.749),
  ('1781644c-c2fa-5528-9309-c7e1114b8fbb', 8, 0.787),
  ('1781644c-c2fa-5528-9309-c7e1114b8fbb', 9, 0.822),
  ('1781644c-c2fa-5528-9309-c7e1114b8fbb', 10, 0.842),
  ('1781644c-c2fa-5528-9309-c7e1114b8fbb', 11, 0.862),
  ('1781644c-c2fa-5528-9309-c7e1114b8fbb', 12, 0.883),
  ('1781644c-c2fa-5528-9309-c7e1114b8fbb', 13, 0.894),
  ('1781644c-c2fa-5528-9309-c7e1114b8fbb', 14, 0.91),
  ('1781644c-c2fa-5528-9309-c7e1114b8fbb', 15, 0.95),
  ('1781644c-c2fa-5528-9309-c7e1114b8fbb', 16, 0.976),
  ('1781644c-c2fa-5528-9309-c7e1114b8fbb', 17, 0.986),
  ('1781644c-c2fa-5528-9309-c7e1114b8fbb', 18, 0.996),
  ('1781644c-c2fa-5528-9309-c7e1114b8fbb', 19, 1.011),
  ('1781644c-c2fa-5528-9309-c7e1114b8fbb', 20, 1.016),
  ('1781644c-c2fa-5528-9309-c7e1114b8fbb', 21, 0.973),
  ('1781644c-c2fa-5528-9309-c7e1114b8fbb', 22, 0.965),
  ('1781644c-c2fa-5528-9309-c7e1114b8fbb', 23, 1.008),
  ('1781644c-c2fa-5528-9309-c7e1114b8fbb', 24, 0.985),
  ('ac624bc8-5704-57a3-8e94-c73f82b1630a', 0, 0.287),
  ('ac624bc8-5704-57a3-8e94-c73f82b1630a', 1, 0.367),
  ('ac624bc8-5704-57a3-8e94-c73f82b1630a', 2, 0.461),
  ('ac624bc8-5704-57a3-8e94-c73f82b1630a', 3, 0.545),
  ('ac624bc8-5704-57a3-8e94-c73f82b1630a', 4, 0.615),
  ('ac624bc8-5704-57a3-8e94-c73f82b1630a', 5, 0.667),
  ('ac624bc8-5704-57a3-8e94-c73f82b1630a', 6, 0.712),
  ('ac624bc8-5704-57a3-8e94-c73f82b1630a', 7, 0.747),
  ('ac624bc8-5704-57a3-8e94-c73f82b1630a', 8, 0.78),
  ('ac624bc8-5704-57a3-8e94-c73f82b1630a', 9, 0.809),
  ('ac624bc8-5704-57a3-8e94-c73f82b1630a', 10, 0.835),
  ('ac624bc8-5704-57a3-8e94-c73f82b1630a', 11, 0.859),
  ('ac624bc8-5704-57a3-8e94-c73f82b1630a', 12, 0.885),
  ('ac624bc8-5704-57a3-8e94-c73f82b1630a', 13, 0.889),
  ('ac624bc8-5704-57a3-8e94-c73f82b1630a', 14, 0.913),
  ('ac624bc8-5704-57a3-8e94-c73f82b1630a', 15, 0.954),
  ('ac624bc8-5704-57a3-8e94-c73f82b1630a', 16, 0.971),
  ('ac624bc8-5704-57a3-8e94-c73f82b1630a', 17, 1.001),
  ('ac624bc8-5704-57a3-8e94-c73f82b1630a', 18, 1.015),
  ('ac624bc8-5704-57a3-8e94-c73f82b1630a', 19, 1.016),
  ('ac624bc8-5704-57a3-8e94-c73f82b1630a', 20, 1.019),
  ('ac624bc8-5704-57a3-8e94-c73f82b1630a', 21, 1.021),
  ('ac624bc8-5704-57a3-8e94-c73f82b1630a', 22, 1.036),
  ('ac624bc8-5704-57a3-8e94-c73f82b1630a', 23, 1.022),
  ('ac624bc8-5704-57a3-8e94-c73f82b1630a', 24, 0.988),
  ('f7490344-9ec8-5c27-9ad2-84bfac018dcb', 0, 0.289),
  ('f7490344-9ec8-5c27-9ad2-84bfac018dcb', 1, 0.369),
  ('f7490344-9ec8-5c27-9ad2-84bfac018dcb', 2, 0.456),
  ('f7490344-9ec8-5c27-9ad2-84bfac018dcb', 3, 0.538),
  ('f7490344-9ec8-5c27-9ad2-84bfac018dcb', 4, 0.603),
  ('f7490344-9ec8-5c27-9ad2-84bfac018dcb', 5, 0.657),
  ('f7490344-9ec8-5c27-9ad2-84bfac018dcb', 6, 0.704),
  ('f7490344-9ec8-5c27-9ad2-84bfac018dcb', 7, 0.739),
  ('f7490344-9ec8-5c27-9ad2-84bfac018dcb', 8, 0.775),
  ('f7490344-9ec8-5c27-9ad2-84bfac018dcb', 9, 0.799),
  ('f7490344-9ec8-5c27-9ad2-84bfac018dcb', 10, 0.817),
  ('f7490344-9ec8-5c27-9ad2-84bfac018dcb', 11, 0.839),
  ('f7490344-9ec8-5c27-9ad2-84bfac018dcb', 12, 0.878),
  ('f7490344-9ec8-5c27-9ad2-84bfac018dcb', 13, 0.898),
  ('f7490344-9ec8-5c27-9ad2-84bfac018dcb', 14, 0.924),
  ('f7490344-9ec8-5c27-9ad2-84bfac018dcb', 15, 0.952),
  ('f7490344-9ec8-5c27-9ad2-84bfac018dcb', 16, 0.974),
  ('f7490344-9ec8-5c27-9ad2-84bfac018dcb', 17, 0.991),
  ('f7490344-9ec8-5c27-9ad2-84bfac018dcb', 18, 1.003),
  ('f7490344-9ec8-5c27-9ad2-84bfac018dcb', 19, 0.998),
  ('f7490344-9ec8-5c27-9ad2-84bfac018dcb', 20, 1.008),
  ('f7490344-9ec8-5c27-9ad2-84bfac018dcb', 21, 1.002),
  ('f7490344-9ec8-5c27-9ad2-84bfac018dcb', 22, 1.025),
  ('f7490344-9ec8-5c27-9ad2-84bfac018dcb', 23, 1.032),
  ('f7490344-9ec8-5c27-9ad2-84bfac018dcb', 24, 1.039),
  ('47e056d9-b66b-57c7-a74a-1f8d73191851', 0, 0.282),
  ('47e056d9-b66b-57c7-a74a-1f8d73191851', 1, 0.362),
  ('47e056d9-b66b-57c7-a74a-1f8d73191851', 2, 0.454),
  ('47e056d9-b66b-57c7-a74a-1f8d73191851', 3, 0.536),
  ('47e056d9-b66b-57c7-a74a-1f8d73191851', 4, 0.6),
  ('47e056d9-b66b-57c7-a74a-1f8d73191851', 5, 0.65),
  ('47e056d9-b66b-57c7-a74a-1f8d73191851', 6, 0.689),
  ('47e056d9-b66b-57c7-a74a-1f8d73191851', 7, 0.732),
  ('47e056d9-b66b-57c7-a74a-1f8d73191851', 8, 0.763),
  ('47e056d9-b66b-57c7-a74a-1f8d73191851', 9, 0.788),
  ('47e056d9-b66b-57c7-a74a-1f8d73191851', 10, 0.811),
  ('47e056d9-b66b-57c7-a74a-1f8d73191851', 11, 0.833),
  ('47e056d9-b66b-57c7-a74a-1f8d73191851', 12, 0.868),
  ('47e056d9-b66b-57c7-a74a-1f8d73191851', 13, 0.894),
  ('47e056d9-b66b-57c7-a74a-1f8d73191851', 14, 0.912),
  ('47e056d9-b66b-57c7-a74a-1f8d73191851', 15, 0.935),
  ('47e056d9-b66b-57c7-a74a-1f8d73191851', 16, 0.959),
  ('47e056d9-b66b-57c7-a74a-1f8d73191851', 17, 0.986),
  ('47e056d9-b66b-57c7-a74a-1f8d73191851', 18, 0.976),
  ('47e056d9-b66b-57c7-a74a-1f8d73191851', 19, 0.998),
  ('47e056d9-b66b-57c7-a74a-1f8d73191851', 20, 1.002),
  ('47e056d9-b66b-57c7-a74a-1f8d73191851', 21, 0.971),
  ('47e056d9-b66b-57c7-a74a-1f8d73191851', 22, 0.997),
  ('47e056d9-b66b-57c7-a74a-1f8d73191851', 23, 1.025),
  ('47e056d9-b66b-57c7-a74a-1f8d73191851', 24, 1.041),
  ('49a414e3-2086-515a-a718-61cea0bc679c', 0, 0.279),
  ('49a414e3-2086-515a-a718-61cea0bc679c', 1, 0.371),
  ('49a414e3-2086-515a-a718-61cea0bc679c', 2, 0.458),
  ('49a414e3-2086-515a-a718-61cea0bc679c', 3, 0.537),
  ('49a414e3-2086-515a-a718-61cea0bc679c', 4, 0.604),
  ('49a414e3-2086-515a-a718-61cea0bc679c', 5, 0.663),
  ('49a414e3-2086-515a-a718-61cea0bc679c', 6, 0.702),
  ('49a414e3-2086-515a-a718-61cea0bc679c', 7, 0.753),
  ('49a414e3-2086-515a-a718-61cea0bc679c', 8, 0.781),
  ('49a414e3-2086-515a-a718-61cea0bc679c', 9, 0.81),
  ('49a414e3-2086-515a-a718-61cea0bc679c', 10, 0.83),
  ('49a414e3-2086-515a-a718-61cea0bc679c', 11, 0.856),
  ('49a414e3-2086-515a-a718-61cea0bc679c', 12, 0.873),
  ('49a414e3-2086-515a-a718-61cea0bc679c', 13, 0.897),
  ('49a414e3-2086-515a-a718-61cea0bc679c', 14, 0.913),
  ('49a414e3-2086-515a-a718-61cea0bc679c', 15, 0.945),
  ('49a414e3-2086-515a-a718-61cea0bc679c', 16, 0.97),
  ('49a414e3-2086-515a-a718-61cea0bc679c', 17, 0.984),
  ('49a414e3-2086-515a-a718-61cea0bc679c', 18, 0.994),
  ('49a414e3-2086-515a-a718-61cea0bc679c', 19, 0.986),
  ('49a414e3-2086-515a-a718-61cea0bc679c', 20, 0.967),
  ('49a414e3-2086-515a-a718-61cea0bc679c', 21, 0.996),
  ('49a414e3-2086-515a-a718-61cea0bc679c', 22, 1.011),
  ('49a414e3-2086-515a-a718-61cea0bc679c', 23, 1.005),
  ('49a414e3-2086-515a-a718-61cea0bc679c', 24, 1.01),
  ('5507e247-e532-55d6-973d-ab039b47bafe', 0, 0.279),
  ('5507e247-e532-55d6-973d-ab039b47bafe', 1, 0.365),
  ('5507e247-e532-55d6-973d-ab039b47bafe', 2, 0.453),
  ('5507e247-e532-55d6-973d-ab039b47bafe', 3, 0.559),
  ('5507e247-e532-55d6-973d-ab039b47bafe', 4, 0.645),
  ('5507e247-e532-55d6-973d-ab039b47bafe', 5, 0.669),
  ('5507e247-e532-55d6-973d-ab039b47bafe', 6, 0.714),
  ('5507e247-e532-55d6-973d-ab039b47bafe', 7, 0.755),
  ('5507e247-e532-55d6-973d-ab039b47bafe', 8, 0.808),
  ('5507e247-e532-55d6-973d-ab039b47bafe', 9, 0.862),
  ('5507e247-e532-55d6-973d-ab039b47bafe', 10, 0.875),
  ('5507e247-e532-55d6-973d-ab039b47bafe', 11, 0.897),
  ('5507e247-e532-55d6-973d-ab039b47bafe', 12, 0.896),
  ('5507e247-e532-55d6-973d-ab039b47bafe', 13, 0.9),
  ('5507e247-e532-55d6-973d-ab039b47bafe', 14, 0.908),
  ('5507e247-e532-55d6-973d-ab039b47bafe', 15, 0.928),
  ('5507e247-e532-55d6-973d-ab039b47bafe', 16, 0.958),
  ('5507e247-e532-55d6-973d-ab039b47bafe', 17, 0.96),
  ('5507e247-e532-55d6-973d-ab039b47bafe', 18, 0.97),
  ('5507e247-e532-55d6-973d-ab039b47bafe', 19, 0.971),
  ('5507e247-e532-55d6-973d-ab039b47bafe', 20, 0.977),
  ('5507e247-e532-55d6-973d-ab039b47bafe', 21, 0.986),
  ('5507e247-e532-55d6-973d-ab039b47bafe', 22, 0.991),
  ('5507e247-e532-55d6-973d-ab039b47bafe', 23, 0.986),
  ('5507e247-e532-55d6-973d-ab039b47bafe', 24, 0.965),
  ('4c8014c1-3b26-5326-bd43-88ccc004b0ac', 0, 0.28),
  ('4c8014c1-3b26-5326-bd43-88ccc004b0ac', 1, 0.361),
  ('4c8014c1-3b26-5326-bd43-88ccc004b0ac', 2, 0.448),
  ('4c8014c1-3b26-5326-bd43-88ccc004b0ac', 3, 0.536),
  ('4c8014c1-3b26-5326-bd43-88ccc004b0ac', 4, 0.604),
  ('4c8014c1-3b26-5326-bd43-88ccc004b0ac', 5, 0.661),
  ('4c8014c1-3b26-5326-bd43-88ccc004b0ac', 6, 0.705),
  ('4c8014c1-3b26-5326-bd43-88ccc004b0ac', 7, 0.745),
  ('4c8014c1-3b26-5326-bd43-88ccc004b0ac', 8, 0.775),
  ('4c8014c1-3b26-5326-bd43-88ccc004b0ac', 9, 0.802),
  ('4c8014c1-3b26-5326-bd43-88ccc004b0ac', 10, 0.817),
  ('4c8014c1-3b26-5326-bd43-88ccc004b0ac', 11, 0.847),
  ('4c8014c1-3b26-5326-bd43-88ccc004b0ac', 12, 0.877),
  ('4c8014c1-3b26-5326-bd43-88ccc004b0ac', 13, 0.898),
  ('4c8014c1-3b26-5326-bd43-88ccc004b0ac', 14, 0.926),
  ('4c8014c1-3b26-5326-bd43-88ccc004b0ac', 15, 0.944),
  ('4c8014c1-3b26-5326-bd43-88ccc004b0ac', 16, 0.955),
  ('4c8014c1-3b26-5326-bd43-88ccc004b0ac', 17, 0.958),
  ('4c8014c1-3b26-5326-bd43-88ccc004b0ac', 18, 0.962),
  ('4c8014c1-3b26-5326-bd43-88ccc004b0ac', 19, 0.978),
  ('4c8014c1-3b26-5326-bd43-88ccc004b0ac', 20, 0.985),
  ('4c8014c1-3b26-5326-bd43-88ccc004b0ac', 21, 0.985),
  ('4c8014c1-3b26-5326-bd43-88ccc004b0ac', 22, 0.993),
  ('4c8014c1-3b26-5326-bd43-88ccc004b0ac', 23, 1.003),
  ('4c8014c1-3b26-5326-bd43-88ccc004b0ac', 24, 0.989),
  ('9c66991f-1eb6-5137-b650-4522ebb5e6e8', 0, 0.274),
  ('9c66991f-1eb6-5137-b650-4522ebb5e6e8', 1, 0.357),
  ('9c66991f-1eb6-5137-b650-4522ebb5e6e8', 2, 0.441),
  ('9c66991f-1eb6-5137-b650-4522ebb5e6e8', 3, 0.522),
  ('9c66991f-1eb6-5137-b650-4522ebb5e6e8', 4, 0.6),
  ('9c66991f-1eb6-5137-b650-4522ebb5e6e8', 5, 0.641),
  ('9c66991f-1eb6-5137-b650-4522ebb5e6e8', 6, 0.682),
  ('9c66991f-1eb6-5137-b650-4522ebb5e6e8', 7, 0.72),
  ('9c66991f-1eb6-5137-b650-4522ebb5e6e8', 8, 0.762),
  ('9c66991f-1eb6-5137-b650-4522ebb5e6e8', 9, 0.809),
  ('9c66991f-1eb6-5137-b650-4522ebb5e6e8', 10, 0.824),
  ('9c66991f-1eb6-5137-b650-4522ebb5e6e8', 11, 0.858),
  ('9c66991f-1eb6-5137-b650-4522ebb5e6e8', 12, 0.873),
  ('9c66991f-1eb6-5137-b650-4522ebb5e6e8', 13, 0.883),
  ('9c66991f-1eb6-5137-b650-4522ebb5e6e8', 14, 0.902),
  ('9c66991f-1eb6-5137-b650-4522ebb5e6e8', 15, 0.918),
  ('9c66991f-1eb6-5137-b650-4522ebb5e6e8', 16, 0.951),
  ('9c66991f-1eb6-5137-b650-4522ebb5e6e8', 17, 0.951),
  ('9c66991f-1eb6-5137-b650-4522ebb5e6e8', 18, 0.944),
  ('9c66991f-1eb6-5137-b650-4522ebb5e6e8', 19, 0.94),
  ('9c66991f-1eb6-5137-b650-4522ebb5e6e8', 20, 0.944),
  ('9c66991f-1eb6-5137-b650-4522ebb5e6e8', 21, 0.949),
  ('9c66991f-1eb6-5137-b650-4522ebb5e6e8', 22, 0.949),
  ('9c66991f-1eb6-5137-b650-4522ebb5e6e8', 23, 0.95),
  ('9c66991f-1eb6-5137-b650-4522ebb5e6e8', 24, 0.962),
  ('e462bb5f-55a2-5f13-b5f5-4ea7e9c01f8d', 0, 0.282),
  ('e462bb5f-55a2-5f13-b5f5-4ea7e9c01f8d', 1, 0.379),
  ('e462bb5f-55a2-5f13-b5f5-4ea7e9c01f8d', 2, 0.458),
  ('e462bb5f-55a2-5f13-b5f5-4ea7e9c01f8d', 3, 0.537),
  ('e462bb5f-55a2-5f13-b5f5-4ea7e9c01f8d', 4, 0.61),
  ('e462bb5f-55a2-5f13-b5f5-4ea7e9c01f8d', 5, 0.665),
  ('e462bb5f-55a2-5f13-b5f5-4ea7e9c01f8d', 6, 0.708),
  ('e462bb5f-55a2-5f13-b5f5-4ea7e9c01f8d', 7, 0.747),
  ('e462bb5f-55a2-5f13-b5f5-4ea7e9c01f8d', 8, 0.783),
  ('e462bb5f-55a2-5f13-b5f5-4ea7e9c01f8d', 9, 0.807),
  ('e462bb5f-55a2-5f13-b5f5-4ea7e9c01f8d', 10, 0.837),
  ('e462bb5f-55a2-5f13-b5f5-4ea7e9c01f8d', 11, 0.861),
  ('e462bb5f-55a2-5f13-b5f5-4ea7e9c01f8d', 12, 0.89),
  ('e462bb5f-55a2-5f13-b5f5-4ea7e9c01f8d', 13, 0.898),
  ('e462bb5f-55a2-5f13-b5f5-4ea7e9c01f8d', 14, 0.931),
  ('e462bb5f-55a2-5f13-b5f5-4ea7e9c01f8d', 15, 0.934),
  ('e462bb5f-55a2-5f13-b5f5-4ea7e9c01f8d', 16, 0.98),
  ('e462bb5f-55a2-5f13-b5f5-4ea7e9c01f8d', 17, 0.992),
  ('e462bb5f-55a2-5f13-b5f5-4ea7e9c01f8d', 18, 0.997),
  ('e462bb5f-55a2-5f13-b5f5-4ea7e9c01f8d', 19, 1.005),
  ('e462bb5f-55a2-5f13-b5f5-4ea7e9c01f8d', 20, 1.008),
  ('e462bb5f-55a2-5f13-b5f5-4ea7e9c01f8d', 21, 1.01),
  ('e462bb5f-55a2-5f13-b5f5-4ea7e9c01f8d', 22, 1.001),
  ('e462bb5f-55a2-5f13-b5f5-4ea7e9c01f8d', 23, 1.129),
  ('e462bb5f-55a2-5f13-b5f5-4ea7e9c01f8d', 24, 1.019),
  ('7c7d8bd4-9419-5582-890b-965183013edf', 0, 0.286),
  ('7c7d8bd4-9419-5582-890b-965183013edf', 1, 0.363),
  ('7c7d8bd4-9419-5582-890b-965183013edf', 2, 0.459),
  ('7c7d8bd4-9419-5582-890b-965183013edf', 3, 0.537),
  ('7c7d8bd4-9419-5582-890b-965183013edf', 4, 0.604),
  ('7c7d8bd4-9419-5582-890b-965183013edf', 5, 0.654),
  ('7c7d8bd4-9419-5582-890b-965183013edf', 6, 0.704),
  ('7c7d8bd4-9419-5582-890b-965183013edf', 7, 0.742),
  ('7c7d8bd4-9419-5582-890b-965183013edf', 8, 0.774),
  ('7c7d8bd4-9419-5582-890b-965183013edf', 9, 0.803),
  ('7c7d8bd4-9419-5582-890b-965183013edf', 10, 0.82),
  ('7c7d8bd4-9419-5582-890b-965183013edf', 11, 0.851),
  ('7c7d8bd4-9419-5582-890b-965183013edf', 12, 0.868),
  ('7c7d8bd4-9419-5582-890b-965183013edf', 13, 0.879),
  ('7c7d8bd4-9419-5582-890b-965183013edf', 14, 0.9),
  ('7c7d8bd4-9419-5582-890b-965183013edf', 15, 0.925),
  ('7c7d8bd4-9419-5582-890b-965183013edf', 16, 0.958),
  ('7c7d8bd4-9419-5582-890b-965183013edf', 17, 0.97),
  ('7c7d8bd4-9419-5582-890b-965183013edf', 18, 0.983),
  ('7c7d8bd4-9419-5582-890b-965183013edf', 19, 0.988),
  ('7c7d8bd4-9419-5582-890b-965183013edf', 20, 0.978),
  ('7c7d8bd4-9419-5582-890b-965183013edf', 21, 0.977),
  ('7c7d8bd4-9419-5582-890b-965183013edf', 22, 0.997),
  ('7c7d8bd4-9419-5582-890b-965183013edf', 23, 0.985),
  ('7c7d8bd4-9419-5582-890b-965183013edf', 24, 1.003),
  ('4af2dd97-10c4-5673-9bf9-ec94f4a7ca8c', 0, 0.302),
  ('4af2dd97-10c4-5673-9bf9-ec94f4a7ca8c', 1, 0.375),
  ('4af2dd97-10c4-5673-9bf9-ec94f4a7ca8c', 2, 0.463),
  ('4af2dd97-10c4-5673-9bf9-ec94f4a7ca8c', 3, 0.552),
  ('4af2dd97-10c4-5673-9bf9-ec94f4a7ca8c', 4, 0.61),
  ('4af2dd97-10c4-5673-9bf9-ec94f4a7ca8c', 5, 0.67),
  ('4af2dd97-10c4-5673-9bf9-ec94f4a7ca8c', 6, 0.707),
  ('4af2dd97-10c4-5673-9bf9-ec94f4a7ca8c', 7, 0.749),
  ('4af2dd97-10c4-5673-9bf9-ec94f4a7ca8c', 8, 0.794),
  ('4af2dd97-10c4-5673-9bf9-ec94f4a7ca8c', 9, 0.801),
  ('4af2dd97-10c4-5673-9bf9-ec94f4a7ca8c', 10, 0.82),
  ('4af2dd97-10c4-5673-9bf9-ec94f4a7ca8c', 11, 0.845),
  ('4af2dd97-10c4-5673-9bf9-ec94f4a7ca8c', 12, 0.864),
  ('4af2dd97-10c4-5673-9bf9-ec94f4a7ca8c', 13, 0.885),
  ('4af2dd97-10c4-5673-9bf9-ec94f4a7ca8c', 14, 0.93),
  ('4af2dd97-10c4-5673-9bf9-ec94f4a7ca8c', 15, 0.935),
  ('4af2dd97-10c4-5673-9bf9-ec94f4a7ca8c', 16, 0.952),
  ('4af2dd97-10c4-5673-9bf9-ec94f4a7ca8c', 17, 0.988),
  ('4af2dd97-10c4-5673-9bf9-ec94f4a7ca8c', 18, 0.987),
  ('4af2dd97-10c4-5673-9bf9-ec94f4a7ca8c', 19, 0.993),
  ('4af2dd97-10c4-5673-9bf9-ec94f4a7ca8c', 20, 0.994),
  ('4af2dd97-10c4-5673-9bf9-ec94f4a7ca8c', 21, 1.011),
  ('4af2dd97-10c4-5673-9bf9-ec94f4a7ca8c', 22, 1.01),
  ('4af2dd97-10c4-5673-9bf9-ec94f4a7ca8c', 23, 1.024),
  ('4af2dd97-10c4-5673-9bf9-ec94f4a7ca8c', 24, 1.011),
  ('b9824a67-9fec-5036-8f13-456f0475a72c', 0, 0.278),
  ('b9824a67-9fec-5036-8f13-456f0475a72c', 1, 0.359),
  ('b9824a67-9fec-5036-8f13-456f0475a72c', 2, 0.448),
  ('b9824a67-9fec-5036-8f13-456f0475a72c', 3, 0.526),
  ('b9824a67-9fec-5036-8f13-456f0475a72c', 4, 0.595),
  ('b9824a67-9fec-5036-8f13-456f0475a72c', 5, 0.65),
  ('b9824a67-9fec-5036-8f13-456f0475a72c', 6, 0.697),
  ('b9824a67-9fec-5036-8f13-456f0475a72c', 7, 0.745),
  ('b9824a67-9fec-5036-8f13-456f0475a72c', 8, 0.782),
  ('b9824a67-9fec-5036-8f13-456f0475a72c', 9, 0.83),
  ('b9824a67-9fec-5036-8f13-456f0475a72c', 10, 0.838),
  ('b9824a67-9fec-5036-8f13-456f0475a72c', 11, 0.86),
  ('b9824a67-9fec-5036-8f13-456f0475a72c', 12, 0.875),
  ('b9824a67-9fec-5036-8f13-456f0475a72c', 13, 0.889),
  ('b9824a67-9fec-5036-8f13-456f0475a72c', 14, 0.902),
  ('b9824a67-9fec-5036-8f13-456f0475a72c', 15, 0.923),
  ('b9824a67-9fec-5036-8f13-456f0475a72c', 16, 0.951),
  ('b9824a67-9fec-5036-8f13-456f0475a72c', 17, 0.976),
  ('b9824a67-9fec-5036-8f13-456f0475a72c', 18, 0.98),
  ('b9824a67-9fec-5036-8f13-456f0475a72c', 19, 0.972),
  ('b9824a67-9fec-5036-8f13-456f0475a72c', 20, 0.973),
  ('b9824a67-9fec-5036-8f13-456f0475a72c', 21, 0.995),
  ('b9824a67-9fec-5036-8f13-456f0475a72c', 22, 0.99),
  ('b9824a67-9fec-5036-8f13-456f0475a72c', 23, 0.995),
  ('b9824a67-9fec-5036-8f13-456f0475a72c', 24, 0.983),
  ('039971f9-e9e7-5ef3-bfa3-844641a874a1', 0, 0.277),
  ('039971f9-e9e7-5ef3-bfa3-844641a874a1', 1, 0.367),
  ('039971f9-e9e7-5ef3-bfa3-844641a874a1', 2, 0.457),
  ('039971f9-e9e7-5ef3-bfa3-844641a874a1', 3, 0.536),
  ('039971f9-e9e7-5ef3-bfa3-844641a874a1', 4, 0.612),
  ('039971f9-e9e7-5ef3-bfa3-844641a874a1', 5, 0.654),
  ('039971f9-e9e7-5ef3-bfa3-844641a874a1', 6, 0.703),
  ('039971f9-e9e7-5ef3-bfa3-844641a874a1', 7, 0.739),
  ('039971f9-e9e7-5ef3-bfa3-844641a874a1', 8, 0.771),
  ('039971f9-e9e7-5ef3-bfa3-844641a874a1', 9, 0.789),
  ('039971f9-e9e7-5ef3-bfa3-844641a874a1', 10, 0.807),
  ('039971f9-e9e7-5ef3-bfa3-844641a874a1', 11, 0.845),
  ('039971f9-e9e7-5ef3-bfa3-844641a874a1', 12, 0.855),
  ('039971f9-e9e7-5ef3-bfa3-844641a874a1', 13, 0.88),
  ('039971f9-e9e7-5ef3-bfa3-844641a874a1', 14, 0.918),
  ('039971f9-e9e7-5ef3-bfa3-844641a874a1', 15, 0.925),
  ('039971f9-e9e7-5ef3-bfa3-844641a874a1', 16, 0.945),
  ('039971f9-e9e7-5ef3-bfa3-844641a874a1', 17, 0.949),
  ('039971f9-e9e7-5ef3-bfa3-844641a874a1', 18, 0.952),
  ('039971f9-e9e7-5ef3-bfa3-844641a874a1', 19, 0.953),
  ('039971f9-e9e7-5ef3-bfa3-844641a874a1', 20, 0.95),
  ('039971f9-e9e7-5ef3-bfa3-844641a874a1', 21, 0.958),
  ('039971f9-e9e7-5ef3-bfa3-844641a874a1', 22, 0.968),
  ('039971f9-e9e7-5ef3-bfa3-844641a874a1', 23, 0.984),
  ('039971f9-e9e7-5ef3-bfa3-844641a874a1', 24, 1.019),
  ('3dc01f4f-8d91-5f01-91d9-4de182bc0740', 0, 0.274),
  ('3dc01f4f-8d91-5f01-91d9-4de182bc0740', 1, 0.362),
  ('3dc01f4f-8d91-5f01-91d9-4de182bc0740', 2, 0.461),
  ('3dc01f4f-8d91-5f01-91d9-4de182bc0740', 3, 0.532),
  ('3dc01f4f-8d91-5f01-91d9-4de182bc0740', 4, 0.607),
  ('3dc01f4f-8d91-5f01-91d9-4de182bc0740', 5, 0.657),
  ('3dc01f4f-8d91-5f01-91d9-4de182bc0740', 6, 0.7),
  ('3dc01f4f-8d91-5f01-91d9-4de182bc0740', 7, 0.738),
  ('3dc01f4f-8d91-5f01-91d9-4de182bc0740', 8, 0.777),
  ('3dc01f4f-8d91-5f01-91d9-4de182bc0740', 9, 0.803),
  ('3dc01f4f-8d91-5f01-91d9-4de182bc0740', 10, 0.818),
  ('3dc01f4f-8d91-5f01-91d9-4de182bc0740', 11, 0.842),
  ('3dc01f4f-8d91-5f01-91d9-4de182bc0740', 12, 0.866),
  ('3dc01f4f-8d91-5f01-91d9-4de182bc0740', 13, 0.895),
  ('3dc01f4f-8d91-5f01-91d9-4de182bc0740', 14, 0.919),
  ('3dc01f4f-8d91-5f01-91d9-4de182bc0740', 15, 0.949),
  ('3dc01f4f-8d91-5f01-91d9-4de182bc0740', 16, 0.964),
  ('3dc01f4f-8d91-5f01-91d9-4de182bc0740', 17, 0.973),
  ('3dc01f4f-8d91-5f01-91d9-4de182bc0740', 18, 0.964),
  ('3dc01f4f-8d91-5f01-91d9-4de182bc0740', 19, 0.974),
  ('3dc01f4f-8d91-5f01-91d9-4de182bc0740', 20, 0.994),
  ('3dc01f4f-8d91-5f01-91d9-4de182bc0740', 21, 0.993),
  ('3dc01f4f-8d91-5f01-91d9-4de182bc0740', 22, 1.001),
  ('3dc01f4f-8d91-5f01-91d9-4de182bc0740', 23, 1.011),
  ('3dc01f4f-8d91-5f01-91d9-4de182bc0740', 24, 1.003),
  ('d649fe0a-b838-5966-bd9c-90116ddfe98d', 0, 0.276),
  ('d649fe0a-b838-5966-bd9c-90116ddfe98d', 1, 0.369),
  ('d649fe0a-b838-5966-bd9c-90116ddfe98d', 2, 0.465),
  ('d649fe0a-b838-5966-bd9c-90116ddfe98d', 3, 0.53),
  ('d649fe0a-b838-5966-bd9c-90116ddfe98d', 4, 0.599),
  ('d649fe0a-b838-5966-bd9c-90116ddfe98d', 5, 0.648),
  ('d649fe0a-b838-5966-bd9c-90116ddfe98d', 6, 0.698),
  ('d649fe0a-b838-5966-bd9c-90116ddfe98d', 7, 0.746),
  ('d649fe0a-b838-5966-bd9c-90116ddfe98d', 8, 0.784),
  ('d649fe0a-b838-5966-bd9c-90116ddfe98d', 9, 0.824),
  ('d649fe0a-b838-5966-bd9c-90116ddfe98d', 10, 0.844),
  ('d649fe0a-b838-5966-bd9c-90116ddfe98d', 11, 0.87),
  ('d649fe0a-b838-5966-bd9c-90116ddfe98d', 12, 0.894),
  ('d649fe0a-b838-5966-bd9c-90116ddfe98d', 13, 0.902),
  ('d649fe0a-b838-5966-bd9c-90116ddfe98d', 14, 0.901),
  ('d649fe0a-b838-5966-bd9c-90116ddfe98d', 15, 0.942),
  ('d649fe0a-b838-5966-bd9c-90116ddfe98d', 16, 0.97),
  ('d649fe0a-b838-5966-bd9c-90116ddfe98d', 17, 1.0),
  ('d649fe0a-b838-5966-bd9c-90116ddfe98d', 18, 0.967),
  ('d649fe0a-b838-5966-bd9c-90116ddfe98d', 19, 0.984),
  ('d649fe0a-b838-5966-bd9c-90116ddfe98d', 20, 0.982),
  ('d649fe0a-b838-5966-bd9c-90116ddfe98d', 21, 0.981),
  ('d649fe0a-b838-5966-bd9c-90116ddfe98d', 22, 0.979),
  ('d649fe0a-b838-5966-bd9c-90116ddfe98d', 23, 0.993),
  ('d649fe0a-b838-5966-bd9c-90116ddfe98d', 24, 0.976),
  ('913be8cd-0d41-503f-b93d-4aca1abda9c8', 0, 0.282),
  ('913be8cd-0d41-503f-b93d-4aca1abda9c8', 1, 0.377),
  ('913be8cd-0d41-503f-b93d-4aca1abda9c8', 2, 0.462),
  ('913be8cd-0d41-503f-b93d-4aca1abda9c8', 3, 0.542),
  ('913be8cd-0d41-503f-b93d-4aca1abda9c8', 4, 0.605),
  ('913be8cd-0d41-503f-b93d-4aca1abda9c8', 5, 0.661),
  ('913be8cd-0d41-503f-b93d-4aca1abda9c8', 6, 0.711),
  ('913be8cd-0d41-503f-b93d-4aca1abda9c8', 7, 0.738),
  ('913be8cd-0d41-503f-b93d-4aca1abda9c8', 8, 0.766),
  ('913be8cd-0d41-503f-b93d-4aca1abda9c8', 9, 0.794),
  ('913be8cd-0d41-503f-b93d-4aca1abda9c8', 10, 0.831),
  ('913be8cd-0d41-503f-b93d-4aca1abda9c8', 11, 0.847),
  ('913be8cd-0d41-503f-b93d-4aca1abda9c8', 12, 0.868),
  ('913be8cd-0d41-503f-b93d-4aca1abda9c8', 13, 0.894),
  ('913be8cd-0d41-503f-b93d-4aca1abda9c8', 14, 0.916),
  ('913be8cd-0d41-503f-b93d-4aca1abda9c8', 15, 0.934),
  ('913be8cd-0d41-503f-b93d-4aca1abda9c8', 16, 0.953),
  ('913be8cd-0d41-503f-b93d-4aca1abda9c8', 17, 0.969),
  ('913be8cd-0d41-503f-b93d-4aca1abda9c8', 18, 0.998),
  ('913be8cd-0d41-503f-b93d-4aca1abda9c8', 19, 1.007),
  ('913be8cd-0d41-503f-b93d-4aca1abda9c8', 20, 1.016),
  ('913be8cd-0d41-503f-b93d-4aca1abda9c8', 21, 1.007),
  ('913be8cd-0d41-503f-b93d-4aca1abda9c8', 22, 1.017),
  ('913be8cd-0d41-503f-b93d-4aca1abda9c8', 23, 1.035),
  ('913be8cd-0d41-503f-b93d-4aca1abda9c8', 24, 0.996),
  ('06602818-a7ff-5df6-a987-b1c7b34785f2', 0, 0.275),
  ('06602818-a7ff-5df6-a987-b1c7b34785f2', 1, 0.362),
  ('06602818-a7ff-5df6-a987-b1c7b34785f2', 2, 0.46),
  ('06602818-a7ff-5df6-a987-b1c7b34785f2', 3, 0.549),
  ('06602818-a7ff-5df6-a987-b1c7b34785f2', 4, 0.599),
  ('06602818-a7ff-5df6-a987-b1c7b34785f2', 5, 0.651),
  ('06602818-a7ff-5df6-a987-b1c7b34785f2', 6, 0.692),
  ('06602818-a7ff-5df6-a987-b1c7b34785f2', 7, 0.742),
  ('06602818-a7ff-5df6-a987-b1c7b34785f2', 8, 0.781),
  ('06602818-a7ff-5df6-a987-b1c7b34785f2', 9, 0.83),
  ('06602818-a7ff-5df6-a987-b1c7b34785f2', 10, 0.837),
  ('06602818-a7ff-5df6-a987-b1c7b34785f2', 11, 0.871),
  ('06602818-a7ff-5df6-a987-b1c7b34785f2', 12, 0.881),
  ('06602818-a7ff-5df6-a987-b1c7b34785f2', 13, 0.889),
  ('06602818-a7ff-5df6-a987-b1c7b34785f2', 14, 0.896),
  ('06602818-a7ff-5df6-a987-b1c7b34785f2', 15, 0.931),
  ('06602818-a7ff-5df6-a987-b1c7b34785f2', 16, 0.942),
  ('06602818-a7ff-5df6-a987-b1c7b34785f2', 17, 0.961),
  ('06602818-a7ff-5df6-a987-b1c7b34785f2', 18, 0.974),
  ('06602818-a7ff-5df6-a987-b1c7b34785f2', 19, 0.965),
  ('06602818-a7ff-5df6-a987-b1c7b34785f2', 20, 0.966),
  ('06602818-a7ff-5df6-a987-b1c7b34785f2', 21, 0.969),
  ('06602818-a7ff-5df6-a987-b1c7b34785f2', 22, 0.989),
  ('06602818-a7ff-5df6-a987-b1c7b34785f2', 23, 0.99),
  ('06602818-a7ff-5df6-a987-b1c7b34785f2', 24, 0.982),
  ('882a987a-c314-5ebf-9cd9-1eec981f109d', 0, 0.272),
  ('882a987a-c314-5ebf-9cd9-1eec981f109d', 1, 0.369),
  ('882a987a-c314-5ebf-9cd9-1eec981f109d', 2, 0.451),
  ('882a987a-c314-5ebf-9cd9-1eec981f109d', 3, 0.525),
  ('882a987a-c314-5ebf-9cd9-1eec981f109d', 4, 0.6),
  ('882a987a-c314-5ebf-9cd9-1eec981f109d', 5, 0.653),
  ('882a987a-c314-5ebf-9cd9-1eec981f109d', 6, 0.71),
  ('882a987a-c314-5ebf-9cd9-1eec981f109d', 7, 0.751),
  ('882a987a-c314-5ebf-9cd9-1eec981f109d', 8, 0.799),
  ('882a987a-c314-5ebf-9cd9-1eec981f109d', 9, 0.842),
  ('882a987a-c314-5ebf-9cd9-1eec981f109d', 10, 0.855),
  ('882a987a-c314-5ebf-9cd9-1eec981f109d', 11, 0.874),
  ('882a987a-c314-5ebf-9cd9-1eec981f109d', 12, 0.891),
  ('882a987a-c314-5ebf-9cd9-1eec981f109d', 13, 0.909),
  ('882a987a-c314-5ebf-9cd9-1eec981f109d', 14, 0.918),
  ('882a987a-c314-5ebf-9cd9-1eec981f109d', 15, 0.942),
  ('882a987a-c314-5ebf-9cd9-1eec981f109d', 16, 0.966),
  ('882a987a-c314-5ebf-9cd9-1eec981f109d', 17, 0.95),
  ('882a987a-c314-5ebf-9cd9-1eec981f109d', 18, 0.969),
  ('882a987a-c314-5ebf-9cd9-1eec981f109d', 19, 0.98),
  ('882a987a-c314-5ebf-9cd9-1eec981f109d', 20, 0.989),
  ('882a987a-c314-5ebf-9cd9-1eec981f109d', 21, 0.994),
  ('882a987a-c314-5ebf-9cd9-1eec981f109d', 22, 0.999),
  ('882a987a-c314-5ebf-9cd9-1eec981f109d', 23, 1.005),
  ('882a987a-c314-5ebf-9cd9-1eec981f109d', 24, 1.013),
  ('07618143-56d0-59c7-9d30-c8269943f889', 0, 0.281),
  ('07618143-56d0-59c7-9d30-c8269943f889', 1, 0.371),
  ('07618143-56d0-59c7-9d30-c8269943f889', 2, 0.463),
  ('07618143-56d0-59c7-9d30-c8269943f889', 3, 0.539),
  ('07618143-56d0-59c7-9d30-c8269943f889', 4, 0.605),
  ('07618143-56d0-59c7-9d30-c8269943f889', 5, 0.65),
  ('07618143-56d0-59c7-9d30-c8269943f889', 6, 0.698),
  ('07618143-56d0-59c7-9d30-c8269943f889', 7, 0.735),
  ('07618143-56d0-59c7-9d30-c8269943f889', 8, 0.773),
  ('07618143-56d0-59c7-9d30-c8269943f889', 9, 0.79),
  ('07618143-56d0-59c7-9d30-c8269943f889', 10, 0.816),
  ('07618143-56d0-59c7-9d30-c8269943f889', 11, 0.835),
  ('07618143-56d0-59c7-9d30-c8269943f889', 12, 0.861),
  ('07618143-56d0-59c7-9d30-c8269943f889', 13, 0.892),
  ('07618143-56d0-59c7-9d30-c8269943f889', 14, 0.909),
  ('07618143-56d0-59c7-9d30-c8269943f889', 15, 0.928),
  ('07618143-56d0-59c7-9d30-c8269943f889', 16, 0.95),
  ('07618143-56d0-59c7-9d30-c8269943f889', 17, 0.956),
  ('07618143-56d0-59c7-9d30-c8269943f889', 18, 0.956),
  ('07618143-56d0-59c7-9d30-c8269943f889', 19, 0.985),
  ('07618143-56d0-59c7-9d30-c8269943f889', 20, 0.996),
  ('07618143-56d0-59c7-9d30-c8269943f889', 21, 1.022),
  ('07618143-56d0-59c7-9d30-c8269943f889', 22, 1.032),
  ('07618143-56d0-59c7-9d30-c8269943f889', 23, 1.047),
  ('07618143-56d0-59c7-9d30-c8269943f889', 24, 0.989),
  ('39247182-da5c-507b-9d26-a4e464dec030', 0, 0.29),
  ('39247182-da5c-507b-9d26-a4e464dec030', 1, 0.369),
  ('39247182-da5c-507b-9d26-a4e464dec030', 2, 0.461),
  ('39247182-da5c-507b-9d26-a4e464dec030', 3, 0.54),
  ('39247182-da5c-507b-9d26-a4e464dec030', 4, 0.617),
  ('39247182-da5c-507b-9d26-a4e464dec030', 5, 0.674),
  ('39247182-da5c-507b-9d26-a4e464dec030', 6, 0.709),
  ('39247182-da5c-507b-9d26-a4e464dec030', 7, 0.75),
  ('39247182-da5c-507b-9d26-a4e464dec030', 8, 0.796),
  ('39247182-da5c-507b-9d26-a4e464dec030', 9, 0.821),
  ('39247182-da5c-507b-9d26-a4e464dec030', 10, 0.842),
  ('39247182-da5c-507b-9d26-a4e464dec030', 11, 0.862),
  ('39247182-da5c-507b-9d26-a4e464dec030', 12, 0.887),
  ('39247182-da5c-507b-9d26-a4e464dec030', 13, 0.904),
  ('39247182-da5c-507b-9d26-a4e464dec030', 14, 0.903),
  ('39247182-da5c-507b-9d26-a4e464dec030', 15, 0.937),
  ('39247182-da5c-507b-9d26-a4e464dec030', 16, 0.947),
  ('39247182-da5c-507b-9d26-a4e464dec030', 17, 0.953),
  ('39247182-da5c-507b-9d26-a4e464dec030', 18, 0.958),
  ('39247182-da5c-507b-9d26-a4e464dec030', 19, 0.973),
  ('39247182-da5c-507b-9d26-a4e464dec030', 20, 0.971),
  ('39247182-da5c-507b-9d26-a4e464dec030', 21, 0.988),
  ('39247182-da5c-507b-9d26-a4e464dec030', 22, 0.983),
  ('39247182-da5c-507b-9d26-a4e464dec030', 23, 0.99),
  ('39247182-da5c-507b-9d26-a4e464dec030', 24, 0.972),
  ('7a0324f3-8e5b-5ee0-a11f-30a075653a3e', 0, 0.311),
  ('7a0324f3-8e5b-5ee0-a11f-30a075653a3e', 1, 0.372),
  ('7a0324f3-8e5b-5ee0-a11f-30a075653a3e', 2, 0.459),
  ('7a0324f3-8e5b-5ee0-a11f-30a075653a3e', 3, 0.535),
  ('7a0324f3-8e5b-5ee0-a11f-30a075653a3e', 4, 0.611),
  ('7a0324f3-8e5b-5ee0-a11f-30a075653a3e', 5, 0.662),
  ('7a0324f3-8e5b-5ee0-a11f-30a075653a3e', 6, 0.699),
  ('7a0324f3-8e5b-5ee0-a11f-30a075653a3e', 7, 0.733),
  ('7a0324f3-8e5b-5ee0-a11f-30a075653a3e', 8, 0.766),
  ('7a0324f3-8e5b-5ee0-a11f-30a075653a3e', 9, 0.803),
  ('7a0324f3-8e5b-5ee0-a11f-30a075653a3e', 10, 0.822),
  ('7a0324f3-8e5b-5ee0-a11f-30a075653a3e', 11, 0.841),
  ('7a0324f3-8e5b-5ee0-a11f-30a075653a3e', 12, 0.875),
  ('7a0324f3-8e5b-5ee0-a11f-30a075653a3e', 13, 0.889),
  ('7a0324f3-8e5b-5ee0-a11f-30a075653a3e', 14, 0.915),
  ('7a0324f3-8e5b-5ee0-a11f-30a075653a3e', 15, 0.944),
  ('7a0324f3-8e5b-5ee0-a11f-30a075653a3e', 16, 0.987),
  ('7a0324f3-8e5b-5ee0-a11f-30a075653a3e', 17, 0.978),
  ('7a0324f3-8e5b-5ee0-a11f-30a075653a3e', 18, 0.975),
  ('7a0324f3-8e5b-5ee0-a11f-30a075653a3e', 19, 0.983),
  ('7a0324f3-8e5b-5ee0-a11f-30a075653a3e', 20, 0.982),
  ('7a0324f3-8e5b-5ee0-a11f-30a075653a3e', 21, 0.999),
  ('7a0324f3-8e5b-5ee0-a11f-30a075653a3e', 22, 1.02),
  ('7a0324f3-8e5b-5ee0-a11f-30a075653a3e', 23, 1.014),
  ('7a0324f3-8e5b-5ee0-a11f-30a075653a3e', 24, 1.0),
  ('4b43527d-5912-53ed-b46f-99a3fb672639', 0, 0.282),
  ('4b43527d-5912-53ed-b46f-99a3fb672639', 1, 0.363),
  ('4b43527d-5912-53ed-b46f-99a3fb672639', 2, 0.454),
  ('4b43527d-5912-53ed-b46f-99a3fb672639', 3, 0.537),
  ('4b43527d-5912-53ed-b46f-99a3fb672639', 4, 0.603),
  ('4b43527d-5912-53ed-b46f-99a3fb672639', 5, 0.665),
  ('4b43527d-5912-53ed-b46f-99a3fb672639', 6, 0.706),
  ('4b43527d-5912-53ed-b46f-99a3fb672639', 7, 0.751),
  ('4b43527d-5912-53ed-b46f-99a3fb672639', 8, 0.789),
  ('4b43527d-5912-53ed-b46f-99a3fb672639', 9, 0.806),
  ('4b43527d-5912-53ed-b46f-99a3fb672639', 10, 0.848),
  ('4b43527d-5912-53ed-b46f-99a3fb672639', 11, 0.851),
  ('4b43527d-5912-53ed-b46f-99a3fb672639', 12, 0.872),
  ('4b43527d-5912-53ed-b46f-99a3fb672639', 13, 0.901),
  ('4b43527d-5912-53ed-b46f-99a3fb672639', 14, 0.917),
  ('4b43527d-5912-53ed-b46f-99a3fb672639', 15, 0.941),
  ('4b43527d-5912-53ed-b46f-99a3fb672639', 16, 0.96),
  ('4b43527d-5912-53ed-b46f-99a3fb672639', 17, 0.958),
  ('4b43527d-5912-53ed-b46f-99a3fb672639', 18, 0.971),
  ('4b43527d-5912-53ed-b46f-99a3fb672639', 19, 0.967),
  ('4b43527d-5912-53ed-b46f-99a3fb672639', 20, 0.976),
  ('4b43527d-5912-53ed-b46f-99a3fb672639', 21, 0.99),
  ('4b43527d-5912-53ed-b46f-99a3fb672639', 22, 0.994),
  ('4b43527d-5912-53ed-b46f-99a3fb672639', 23, 1.012),
  ('4b43527d-5912-53ed-b46f-99a3fb672639', 24, 0.996),
  ('eb57979a-ff3c-5379-b618-8988e0fd0d3a', 0, 0.286),
  ('eb57979a-ff3c-5379-b618-8988e0fd0d3a', 1, 0.367),
  ('eb57979a-ff3c-5379-b618-8988e0fd0d3a', 2, 0.457),
  ('eb57979a-ff3c-5379-b618-8988e0fd0d3a', 3, 0.54),
  ('eb57979a-ff3c-5379-b618-8988e0fd0d3a', 4, 0.613),
  ('eb57979a-ff3c-5379-b618-8988e0fd0d3a', 5, 0.67),
  ('eb57979a-ff3c-5379-b618-8988e0fd0d3a', 6, 0.726),
  ('eb57979a-ff3c-5379-b618-8988e0fd0d3a', 7, 0.757),
  ('eb57979a-ff3c-5379-b618-8988e0fd0d3a', 8, 0.781),
  ('eb57979a-ff3c-5379-b618-8988e0fd0d3a', 9, 0.829),
  ('eb57979a-ff3c-5379-b618-8988e0fd0d3a', 10, 0.846),
  ('eb57979a-ff3c-5379-b618-8988e0fd0d3a', 11, 0.859),
  ('eb57979a-ff3c-5379-b618-8988e0fd0d3a', 12, 0.888),
  ('eb57979a-ff3c-5379-b618-8988e0fd0d3a', 13, 0.899),
  ('eb57979a-ff3c-5379-b618-8988e0fd0d3a', 14, 0.914),
  ('eb57979a-ff3c-5379-b618-8988e0fd0d3a', 15, 0.939),
  ('eb57979a-ff3c-5379-b618-8988e0fd0d3a', 16, 0.95),
  ('eb57979a-ff3c-5379-b618-8988e0fd0d3a', 17, 0.976),
  ('eb57979a-ff3c-5379-b618-8988e0fd0d3a', 18, 0.973),
  ('eb57979a-ff3c-5379-b618-8988e0fd0d3a', 19, 0.977),
  ('eb57979a-ff3c-5379-b618-8988e0fd0d3a', 20, 0.979),
  ('eb57979a-ff3c-5379-b618-8988e0fd0d3a', 21, 0.998),
  ('eb57979a-ff3c-5379-b618-8988e0fd0d3a', 22, 0.994),
  ('eb57979a-ff3c-5379-b618-8988e0fd0d3a', 23, 0.985),
  ('eb57979a-ff3c-5379-b618-8988e0fd0d3a', 24, 0.977),
  ('5bfb309b-ce45-59d8-b809-e730079d8c5f', 0, 0.287),
  ('5bfb309b-ce45-59d8-b809-e730079d8c5f', 1, 0.377),
  ('5bfb309b-ce45-59d8-b809-e730079d8c5f', 2, 0.464),
  ('5bfb309b-ce45-59d8-b809-e730079d8c5f', 3, 0.542),
  ('5bfb309b-ce45-59d8-b809-e730079d8c5f', 4, 0.615),
  ('5bfb309b-ce45-59d8-b809-e730079d8c5f', 5, 0.666),
  ('5bfb309b-ce45-59d8-b809-e730079d8c5f', 6, 0.712),
  ('5bfb309b-ce45-59d8-b809-e730079d8c5f', 7, 0.75),
  ('5bfb309b-ce45-59d8-b809-e730079d8c5f', 8, 0.786),
  ('5bfb309b-ce45-59d8-b809-e730079d8c5f', 9, 0.841),
  ('5bfb309b-ce45-59d8-b809-e730079d8c5f', 10, 0.841),
  ('5bfb309b-ce45-59d8-b809-e730079d8c5f', 11, 0.87),
  ('5bfb309b-ce45-59d8-b809-e730079d8c5f', 12, 0.902),
  ('5bfb309b-ce45-59d8-b809-e730079d8c5f', 13, 0.918),
  ('5bfb309b-ce45-59d8-b809-e730079d8c5f', 14, 0.926),
  ('5bfb309b-ce45-59d8-b809-e730079d8c5f', 15, 0.933),
  ('5bfb309b-ce45-59d8-b809-e730079d8c5f', 16, 0.962),
  ('5bfb309b-ce45-59d8-b809-e730079d8c5f', 17, 0.959),
  ('5bfb309b-ce45-59d8-b809-e730079d8c5f', 18, 0.96),
  ('5bfb309b-ce45-59d8-b809-e730079d8c5f', 19, 0.973),
  ('5bfb309b-ce45-59d8-b809-e730079d8c5f', 20, 0.986),
  ('5bfb309b-ce45-59d8-b809-e730079d8c5f', 21, 0.993),
  ('5bfb309b-ce45-59d8-b809-e730079d8c5f', 22, 1.001),
  ('5bfb309b-ce45-59d8-b809-e730079d8c5f', 23, 1.0),
  ('5bfb309b-ce45-59d8-b809-e730079d8c5f', 24, 0.998),
  ('99757bd9-54d8-5d84-82b2-817b60ec45aa', 0, 0.302),
  ('99757bd9-54d8-5d84-82b2-817b60ec45aa', 1, 0.377),
  ('99757bd9-54d8-5d84-82b2-817b60ec45aa', 2, 0.466),
  ('99757bd9-54d8-5d84-82b2-817b60ec45aa', 3, 0.547),
  ('99757bd9-54d8-5d84-82b2-817b60ec45aa', 4, 0.611),
  ('99757bd9-54d8-5d84-82b2-817b60ec45aa', 5, 0.667),
  ('99757bd9-54d8-5d84-82b2-817b60ec45aa', 6, 0.71),
  ('99757bd9-54d8-5d84-82b2-817b60ec45aa', 7, 0.75),
  ('99757bd9-54d8-5d84-82b2-817b60ec45aa', 8, 0.796),
  ('99757bd9-54d8-5d84-82b2-817b60ec45aa', 9, 0.815),
  ('99757bd9-54d8-5d84-82b2-817b60ec45aa', 10, 0.834),
  ('99757bd9-54d8-5d84-82b2-817b60ec45aa', 11, 0.857),
  ('99757bd9-54d8-5d84-82b2-817b60ec45aa', 12, 0.878),
  ('99757bd9-54d8-5d84-82b2-817b60ec45aa', 13, 0.894),
  ('99757bd9-54d8-5d84-82b2-817b60ec45aa', 14, 0.917),
  ('99757bd9-54d8-5d84-82b2-817b60ec45aa', 15, 0.936),
  ('99757bd9-54d8-5d84-82b2-817b60ec45aa', 16, 0.964),
  ('99757bd9-54d8-5d84-82b2-817b60ec45aa', 17, 0.974),
  ('99757bd9-54d8-5d84-82b2-817b60ec45aa', 18, 0.985),
  ('99757bd9-54d8-5d84-82b2-817b60ec45aa', 19, 0.959),
  ('99757bd9-54d8-5d84-82b2-817b60ec45aa', 20, 0.985),
  ('99757bd9-54d8-5d84-82b2-817b60ec45aa', 21, 1.001),
  ('99757bd9-54d8-5d84-82b2-817b60ec45aa', 22, 0.99),
  ('99757bd9-54d8-5d84-82b2-817b60ec45aa', 23, 1.01),
  ('99757bd9-54d8-5d84-82b2-817b60ec45aa', 24, 0.973),
  ('259a45b8-17f0-5688-96b0-7b83a5b47eca', 0, 0.284),
  ('259a45b8-17f0-5688-96b0-7b83a5b47eca', 1, 0.368),
  ('259a45b8-17f0-5688-96b0-7b83a5b47eca', 2, 0.447),
  ('259a45b8-17f0-5688-96b0-7b83a5b47eca', 3, 0.529),
  ('259a45b8-17f0-5688-96b0-7b83a5b47eca', 4, 0.598),
  ('259a45b8-17f0-5688-96b0-7b83a5b47eca', 5, 0.656),
  ('259a45b8-17f0-5688-96b0-7b83a5b47eca', 6, 0.705),
  ('259a45b8-17f0-5688-96b0-7b83a5b47eca', 7, 0.734),
  ('259a45b8-17f0-5688-96b0-7b83a5b47eca', 8, 0.794),
  ('259a45b8-17f0-5688-96b0-7b83a5b47eca', 9, 0.824),
  ('259a45b8-17f0-5688-96b0-7b83a5b47eca', 10, 0.828),
  ('259a45b8-17f0-5688-96b0-7b83a5b47eca', 11, 0.851),
  ('259a45b8-17f0-5688-96b0-7b83a5b47eca', 12, 0.875),
  ('259a45b8-17f0-5688-96b0-7b83a5b47eca', 13, 0.894),
  ('259a45b8-17f0-5688-96b0-7b83a5b47eca', 14, 0.919),
  ('259a45b8-17f0-5688-96b0-7b83a5b47eca', 15, 0.968),
  ('259a45b8-17f0-5688-96b0-7b83a5b47eca', 16, 0.964),
  ('259a45b8-17f0-5688-96b0-7b83a5b47eca', 17, 0.997),
  ('259a45b8-17f0-5688-96b0-7b83a5b47eca', 18, 0.964),
  ('259a45b8-17f0-5688-96b0-7b83a5b47eca', 19, 0.96),
  ('259a45b8-17f0-5688-96b0-7b83a5b47eca', 20, 0.973),
  ('259a45b8-17f0-5688-96b0-7b83a5b47eca', 21, 0.993),
  ('259a45b8-17f0-5688-96b0-7b83a5b47eca', 22, 0.987),
  ('259a45b8-17f0-5688-96b0-7b83a5b47eca', 23, 1.002),
  ('259a45b8-17f0-5688-96b0-7b83a5b47eca', 24, 0.968),
  ('1a9d377a-2ff5-525b-9afe-605f357a482b', 0, 0.321),
  ('1a9d377a-2ff5-525b-9afe-605f357a482b', 1, 0.382),
  ('1a9d377a-2ff5-525b-9afe-605f357a482b', 2, 0.469),
  ('1a9d377a-2ff5-525b-9afe-605f357a482b', 3, 0.544),
  ('1a9d377a-2ff5-525b-9afe-605f357a482b', 4, 0.609),
  ('1a9d377a-2ff5-525b-9afe-605f357a482b', 5, 0.661),
  ('1a9d377a-2ff5-525b-9afe-605f357a482b', 6, 0.709),
  ('1a9d377a-2ff5-525b-9afe-605f357a482b', 7, 0.737),
  ('1a9d377a-2ff5-525b-9afe-605f357a482b', 8, 0.773),
  ('1a9d377a-2ff5-525b-9afe-605f357a482b', 9, 0.798),
  ('1a9d377a-2ff5-525b-9afe-605f357a482b', 10, 0.809),
  ('1a9d377a-2ff5-525b-9afe-605f357a482b', 11, 0.837),
  ('1a9d377a-2ff5-525b-9afe-605f357a482b', 12, 0.871),
  ('1a9d377a-2ff5-525b-9afe-605f357a482b', 13, 0.894),
  ('1a9d377a-2ff5-525b-9afe-605f357a482b', 14, 0.934),
  ('1a9d377a-2ff5-525b-9afe-605f357a482b', 15, 0.939),
  ('1a9d377a-2ff5-525b-9afe-605f357a482b', 16, 0.966),
  ('1a9d377a-2ff5-525b-9afe-605f357a482b', 17, 0.977),
  ('1a9d377a-2ff5-525b-9afe-605f357a482b', 18, 0.997),
  ('1a9d377a-2ff5-525b-9afe-605f357a482b', 19, 1.002),
  ('1a9d377a-2ff5-525b-9afe-605f357a482b', 20, 1.006),
  ('1a9d377a-2ff5-525b-9afe-605f357a482b', 21, 1.021),
  ('1a9d377a-2ff5-525b-9afe-605f357a482b', 22, 1.024),
  ('1a9d377a-2ff5-525b-9afe-605f357a482b', 23, 1.039),
  ('1a9d377a-2ff5-525b-9afe-605f357a482b', 24, 1.004),
  ('a69724fe-dab2-5587-ad52-0f1644fe55ed', 0, 0.294),
  ('a69724fe-dab2-5587-ad52-0f1644fe55ed', 1, 0.373),
  ('a69724fe-dab2-5587-ad52-0f1644fe55ed', 2, 0.464),
  ('a69724fe-dab2-5587-ad52-0f1644fe55ed', 3, 0.545),
  ('a69724fe-dab2-5587-ad52-0f1644fe55ed', 4, 0.615),
  ('a69724fe-dab2-5587-ad52-0f1644fe55ed', 5, 0.665),
  ('a69724fe-dab2-5587-ad52-0f1644fe55ed', 6, 0.705),
  ('a69724fe-dab2-5587-ad52-0f1644fe55ed', 7, 0.744),
  ('a69724fe-dab2-5587-ad52-0f1644fe55ed', 8, 0.776),
  ('a69724fe-dab2-5587-ad52-0f1644fe55ed', 9, 0.8),
  ('a69724fe-dab2-5587-ad52-0f1644fe55ed', 10, 0.829),
  ('a69724fe-dab2-5587-ad52-0f1644fe55ed', 11, 0.852),
  ('a69724fe-dab2-5587-ad52-0f1644fe55ed', 12, 0.874),
  ('a69724fe-dab2-5587-ad52-0f1644fe55ed', 13, 0.9),
  ('a69724fe-dab2-5587-ad52-0f1644fe55ed', 14, 0.922),
  ('a69724fe-dab2-5587-ad52-0f1644fe55ed', 15, 0.944),
  ('a69724fe-dab2-5587-ad52-0f1644fe55ed', 16, 0.979),
  ('a69724fe-dab2-5587-ad52-0f1644fe55ed', 17, 0.985),
  ('a69724fe-dab2-5587-ad52-0f1644fe55ed', 18, 0.967),
  ('a69724fe-dab2-5587-ad52-0f1644fe55ed', 19, 0.978),
  ('a69724fe-dab2-5587-ad52-0f1644fe55ed', 20, 0.98),
  ('a69724fe-dab2-5587-ad52-0f1644fe55ed', 21, 0.976),
  ('a69724fe-dab2-5587-ad52-0f1644fe55ed', 22, 0.98),
  ('a69724fe-dab2-5587-ad52-0f1644fe55ed', 23, 0.993),
  ('a69724fe-dab2-5587-ad52-0f1644fe55ed', 24, 0.978),
  ('c2d3c678-827e-535a-bb79-4f896fab6974', 0, 0.331),
  ('c2d3c678-827e-535a-bb79-4f896fab6974', 1, 0.387),
  ('c2d3c678-827e-535a-bb79-4f896fab6974', 2, 0.463),
  ('c2d3c678-827e-535a-bb79-4f896fab6974', 3, 0.543),
  ('c2d3c678-827e-535a-bb79-4f896fab6974', 4, 0.619),
  ('c2d3c678-827e-535a-bb79-4f896fab6974', 5, 0.663),
  ('c2d3c678-827e-535a-bb79-4f896fab6974', 6, 0.711),
  ('c2d3c678-827e-535a-bb79-4f896fab6974', 7, 0.749),
  ('c2d3c678-827e-535a-bb79-4f896fab6974', 8, 0.785),
  ('c2d3c678-827e-535a-bb79-4f896fab6974', 9, 0.796),
  ('c2d3c678-827e-535a-bb79-4f896fab6974', 10, 0.823),
  ('c2d3c678-827e-535a-bb79-4f896fab6974', 11, 0.845),
  ('c2d3c678-827e-535a-bb79-4f896fab6974', 12, 0.883),
  ('c2d3c678-827e-535a-bb79-4f896fab6974', 13, 0.901),
  ('c2d3c678-827e-535a-bb79-4f896fab6974', 14, 0.942),
  ('c2d3c678-827e-535a-bb79-4f896fab6974', 15, 0.95),
  ('c2d3c678-827e-535a-bb79-4f896fab6974', 16, 0.978),
  ('c2d3c678-827e-535a-bb79-4f896fab6974', 17, 0.988),
  ('c2d3c678-827e-535a-bb79-4f896fab6974', 18, 0.984),
  ('c2d3c678-827e-535a-bb79-4f896fab6974', 19, 0.999),
  ('c2d3c678-827e-535a-bb79-4f896fab6974', 20, 1.0),
  ('c2d3c678-827e-535a-bb79-4f896fab6974', 21, 1.018),
  ('c2d3c678-827e-535a-bb79-4f896fab6974', 22, 1.036),
  ('c2d3c678-827e-535a-bb79-4f896fab6974', 23, 1.042),
  ('c2d3c678-827e-535a-bb79-4f896fab6974', 24, 1.035),
  ('74e3690e-3932-5079-9359-7c4768ec801d', 0, 0.29),
  ('74e3690e-3932-5079-9359-7c4768ec801d', 1, 0.378),
  ('74e3690e-3932-5079-9359-7c4768ec801d', 2, 0.456),
  ('74e3690e-3932-5079-9359-7c4768ec801d', 3, 0.538),
  ('74e3690e-3932-5079-9359-7c4768ec801d', 4, 0.624),
  ('74e3690e-3932-5079-9359-7c4768ec801d', 5, 0.683),
  ('74e3690e-3932-5079-9359-7c4768ec801d', 6, 0.725),
  ('74e3690e-3932-5079-9359-7c4768ec801d', 7, 0.754),
  ('74e3690e-3932-5079-9359-7c4768ec801d', 8, 0.777),
  ('74e3690e-3932-5079-9359-7c4768ec801d', 9, 0.811),
  ('74e3690e-3932-5079-9359-7c4768ec801d', 10, 0.819),
  ('74e3690e-3932-5079-9359-7c4768ec801d', 11, 0.843),
  ('74e3690e-3932-5079-9359-7c4768ec801d', 12, 0.887),
  ('74e3690e-3932-5079-9359-7c4768ec801d', 13, 0.906),
  ('74e3690e-3932-5079-9359-7c4768ec801d', 14, 0.928),
  ('74e3690e-3932-5079-9359-7c4768ec801d', 15, 0.947),
  ('74e3690e-3932-5079-9359-7c4768ec801d', 16, 0.972),
  ('74e3690e-3932-5079-9359-7c4768ec801d', 17, 0.985),
  ('74e3690e-3932-5079-9359-7c4768ec801d', 18, 0.973),
  ('74e3690e-3932-5079-9359-7c4768ec801d', 19, 0.986),
  ('74e3690e-3932-5079-9359-7c4768ec801d', 20, 0.979),
  ('74e3690e-3932-5079-9359-7c4768ec801d', 21, 0.978),
  ('74e3690e-3932-5079-9359-7c4768ec801d', 22, 1.015),
  ('74e3690e-3932-5079-9359-7c4768ec801d', 23, 1.021),
  ('74e3690e-3932-5079-9359-7c4768ec801d', 24, 1.027),
  ('a57f37fc-7939-5aa5-9d01-d249ace6aaa1', 0, 0.292),
  ('a57f37fc-7939-5aa5-9d01-d249ace6aaa1', 1, 0.362),
  ('a57f37fc-7939-5aa5-9d01-d249ace6aaa1', 2, 0.457),
  ('a57f37fc-7939-5aa5-9d01-d249ace6aaa1', 3, 0.541),
  ('a57f37fc-7939-5aa5-9d01-d249ace6aaa1', 4, 0.61),
  ('a57f37fc-7939-5aa5-9d01-d249ace6aaa1', 5, 0.663),
  ('a57f37fc-7939-5aa5-9d01-d249ace6aaa1', 6, 0.712),
  ('a57f37fc-7939-5aa5-9d01-d249ace6aaa1', 7, 0.754),
  ('a57f37fc-7939-5aa5-9d01-d249ace6aaa1', 8, 0.802),
  ('a57f37fc-7939-5aa5-9d01-d249ace6aaa1', 9, 0.834),
  ('a57f37fc-7939-5aa5-9d01-d249ace6aaa1', 10, 0.844),
  ('a57f37fc-7939-5aa5-9d01-d249ace6aaa1', 11, 0.86),
  ('a57f37fc-7939-5aa5-9d01-d249ace6aaa1', 12, 0.893),
  ('a57f37fc-7939-5aa5-9d01-d249ace6aaa1', 13, 0.897),
  ('a57f37fc-7939-5aa5-9d01-d249ace6aaa1', 14, 0.938),
  ('a57f37fc-7939-5aa5-9d01-d249ace6aaa1', 15, 0.952),
  ('a57f37fc-7939-5aa5-9d01-d249ace6aaa1', 16, 0.981),
  ('a57f37fc-7939-5aa5-9d01-d249ace6aaa1', 17, 0.984),
  ('a57f37fc-7939-5aa5-9d01-d249ace6aaa1', 18, 0.977),
  ('a57f37fc-7939-5aa5-9d01-d249ace6aaa1', 19, 0.981),
  ('a57f37fc-7939-5aa5-9d01-d249ace6aaa1', 20, 0.981),
  ('a57f37fc-7939-5aa5-9d01-d249ace6aaa1', 21, 1.003),
  ('a57f37fc-7939-5aa5-9d01-d249ace6aaa1', 22, 1.0),
  ('a57f37fc-7939-5aa5-9d01-d249ace6aaa1', 23, 1.003),
  ('a57f37fc-7939-5aa5-9d01-d249ace6aaa1', 24, 0.996),
  ('a8edd596-4d2d-57ad-bf57-d8ebf9e219f8', 0, 0.285),
  ('a8edd596-4d2d-57ad-bf57-d8ebf9e219f8', 1, 0.372),
  ('a8edd596-4d2d-57ad-bf57-d8ebf9e219f8', 2, 0.462),
  ('a8edd596-4d2d-57ad-bf57-d8ebf9e219f8', 3, 0.539),
  ('a8edd596-4d2d-57ad-bf57-d8ebf9e219f8', 4, 0.61),
  ('a8edd596-4d2d-57ad-bf57-d8ebf9e219f8', 5, 0.657),
  ('a8edd596-4d2d-57ad-bf57-d8ebf9e219f8', 6, 0.695),
  ('a8edd596-4d2d-57ad-bf57-d8ebf9e219f8', 7, 0.74),
  ('a8edd596-4d2d-57ad-bf57-d8ebf9e219f8', 8, 0.79),
  ('a8edd596-4d2d-57ad-bf57-d8ebf9e219f8', 9, 0.836),
  ('a8edd596-4d2d-57ad-bf57-d8ebf9e219f8', 10, 0.847),
  ('a8edd596-4d2d-57ad-bf57-d8ebf9e219f8', 11, 0.875),
  ('a8edd596-4d2d-57ad-bf57-d8ebf9e219f8', 12, 0.891),
  ('a8edd596-4d2d-57ad-bf57-d8ebf9e219f8', 13, 0.913),
  ('a8edd596-4d2d-57ad-bf57-d8ebf9e219f8', 14, 0.915),
  ('a8edd596-4d2d-57ad-bf57-d8ebf9e219f8', 15, 0.934),
  ('a8edd596-4d2d-57ad-bf57-d8ebf9e219f8', 16, 0.965),
  ('a8edd596-4d2d-57ad-bf57-d8ebf9e219f8', 17, 0.965),
  ('a8edd596-4d2d-57ad-bf57-d8ebf9e219f8', 18, 0.974),
  ('a8edd596-4d2d-57ad-bf57-d8ebf9e219f8', 19, 0.985),
  ('a8edd596-4d2d-57ad-bf57-d8ebf9e219f8', 20, 0.968),
  ('a8edd596-4d2d-57ad-bf57-d8ebf9e219f8', 21, 0.972),
  ('a8edd596-4d2d-57ad-bf57-d8ebf9e219f8', 22, 0.995),
  ('a8edd596-4d2d-57ad-bf57-d8ebf9e219f8', 23, 0.982),
  ('a8edd596-4d2d-57ad-bf57-d8ebf9e219f8', 24, 0.973),
  ('41b8abca-3fb0-57f1-8c17-d8f9d44e9ead', 0, 0.307),
  ('41b8abca-3fb0-57f1-8c17-d8f9d44e9ead', 1, 0.377),
  ('41b8abca-3fb0-57f1-8c17-d8f9d44e9ead', 2, 0.464),
  ('41b8abca-3fb0-57f1-8c17-d8f9d44e9ead', 3, 0.545),
  ('41b8abca-3fb0-57f1-8c17-d8f9d44e9ead', 4, 0.613),
  ('41b8abca-3fb0-57f1-8c17-d8f9d44e9ead', 5, 0.673),
  ('41b8abca-3fb0-57f1-8c17-d8f9d44e9ead', 6, 0.712),
  ('41b8abca-3fb0-57f1-8c17-d8f9d44e9ead', 7, 0.744),
  ('41b8abca-3fb0-57f1-8c17-d8f9d44e9ead', 8, 0.799),
  ('41b8abca-3fb0-57f1-8c17-d8f9d44e9ead', 9, 0.843),
  ('41b8abca-3fb0-57f1-8c17-d8f9d44e9ead', 10, 0.86),
  ('41b8abca-3fb0-57f1-8c17-d8f9d44e9ead', 11, 0.892),
  ('41b8abca-3fb0-57f1-8c17-d8f9d44e9ead', 12, 0.888),
  ('41b8abca-3fb0-57f1-8c17-d8f9d44e9ead', 13, 0.9),
  ('41b8abca-3fb0-57f1-8c17-d8f9d44e9ead', 14, 0.912),
  ('41b8abca-3fb0-57f1-8c17-d8f9d44e9ead', 15, 0.945),
  ('41b8abca-3fb0-57f1-8c17-d8f9d44e9ead', 16, 0.966),
  ('41b8abca-3fb0-57f1-8c17-d8f9d44e9ead', 17, 1.002),
  ('41b8abca-3fb0-57f1-8c17-d8f9d44e9ead', 18, 0.968),
  ('41b8abca-3fb0-57f1-8c17-d8f9d44e9ead', 19, 0.982),
  ('41b8abca-3fb0-57f1-8c17-d8f9d44e9ead', 20, 0.967),
  ('41b8abca-3fb0-57f1-8c17-d8f9d44e9ead', 21, 0.977),
  ('41b8abca-3fb0-57f1-8c17-d8f9d44e9ead', 22, 0.981),
  ('41b8abca-3fb0-57f1-8c17-d8f9d44e9ead', 23, 0.983),
  ('41b8abca-3fb0-57f1-8c17-d8f9d44e9ead', 24, 0.977),
  ('a5cd5078-613e-58ce-a2f0-5ddd371f7db8', 0, 0.304),
  ('a5cd5078-613e-58ce-a2f0-5ddd371f7db8', 1, 0.381),
  ('a5cd5078-613e-58ce-a2f0-5ddd371f7db8', 2, 0.469),
  ('a5cd5078-613e-58ce-a2f0-5ddd371f7db8', 3, 0.546),
  ('a5cd5078-613e-58ce-a2f0-5ddd371f7db8', 4, 0.638),
  ('a5cd5078-613e-58ce-a2f0-5ddd371f7db8', 5, 0.662),
  ('a5cd5078-613e-58ce-a2f0-5ddd371f7db8', 6, 0.708),
  ('a5cd5078-613e-58ce-a2f0-5ddd371f7db8', 7, 0.746),
  ('a5cd5078-613e-58ce-a2f0-5ddd371f7db8', 8, 0.773),
  ('a5cd5078-613e-58ce-a2f0-5ddd371f7db8', 9, 0.798),
  ('a5cd5078-613e-58ce-a2f0-5ddd371f7db8', 10, 0.823),
  ('a5cd5078-613e-58ce-a2f0-5ddd371f7db8', 11, 0.846),
  ('a5cd5078-613e-58ce-a2f0-5ddd371f7db8', 12, 0.868),
  ('a5cd5078-613e-58ce-a2f0-5ddd371f7db8', 13, 0.918),
  ('a5cd5078-613e-58ce-a2f0-5ddd371f7db8', 14, 0.92),
  ('a5cd5078-613e-58ce-a2f0-5ddd371f7db8', 15, 0.947),
  ('a5cd5078-613e-58ce-a2f0-5ddd371f7db8', 16, 0.964),
  ('a5cd5078-613e-58ce-a2f0-5ddd371f7db8', 17, 0.981),
  ('a5cd5078-613e-58ce-a2f0-5ddd371f7db8', 18, 0.98),
  ('a5cd5078-613e-58ce-a2f0-5ddd371f7db8', 19, 0.988),
  ('a5cd5078-613e-58ce-a2f0-5ddd371f7db8', 20, 0.979),
  ('a5cd5078-613e-58ce-a2f0-5ddd371f7db8', 21, 0.984),
  ('a5cd5078-613e-58ce-a2f0-5ddd371f7db8', 22, 0.973),
  ('a5cd5078-613e-58ce-a2f0-5ddd371f7db8', 23, 0.986),
  ('a5cd5078-613e-58ce-a2f0-5ddd371f7db8', 24, 1.009),
  ('8d58e4f0-e924-50e3-83e0-573618e6c9e1', 0, 0.315),
  ('8d58e4f0-e924-50e3-83e0-573618e6c9e1', 1, 0.395),
  ('8d58e4f0-e924-50e3-83e0-573618e6c9e1', 2, 0.464),
  ('8d58e4f0-e924-50e3-83e0-573618e6c9e1', 3, 0.558),
  ('8d58e4f0-e924-50e3-83e0-573618e6c9e1', 4, 0.617),
  ('8d58e4f0-e924-50e3-83e0-573618e6c9e1', 5, 0.667),
  ('8d58e4f0-e924-50e3-83e0-573618e6c9e1', 6, 0.708),
  ('8d58e4f0-e924-50e3-83e0-573618e6c9e1', 7, 0.742),
  ('8d58e4f0-e924-50e3-83e0-573618e6c9e1', 8, 0.773),
  ('8d58e4f0-e924-50e3-83e0-573618e6c9e1', 9, 0.803),
  ('8d58e4f0-e924-50e3-83e0-573618e6c9e1', 10, 0.818),
  ('8d58e4f0-e924-50e3-83e0-573618e6c9e1', 11, 0.842),
  ('8d58e4f0-e924-50e3-83e0-573618e6c9e1', 12, 0.877),
  ('8d58e4f0-e924-50e3-83e0-573618e6c9e1', 13, 0.892),
  ('8d58e4f0-e924-50e3-83e0-573618e6c9e1', 14, 0.917),
  ('8d58e4f0-e924-50e3-83e0-573618e6c9e1', 15, 0.938),
  ('8d58e4f0-e924-50e3-83e0-573618e6c9e1', 16, 0.961),
  ('8d58e4f0-e924-50e3-83e0-573618e6c9e1', 17, 0.968),
  ('8d58e4f0-e924-50e3-83e0-573618e6c9e1', 18, 0.97),
  ('8d58e4f0-e924-50e3-83e0-573618e6c9e1', 19, 0.966),
  ('8d58e4f0-e924-50e3-83e0-573618e6c9e1', 20, 0.982),
  ('8d58e4f0-e924-50e3-83e0-573618e6c9e1', 21, 1.004),
  ('8d58e4f0-e924-50e3-83e0-573618e6c9e1', 22, 1.013),
  ('8d58e4f0-e924-50e3-83e0-573618e6c9e1', 23, 1.035),
  ('8d58e4f0-e924-50e3-83e0-573618e6c9e1', 24, 1.022),
  ('9646fcb6-716d-5d1b-b842-bd9ac68b8570', 0, 0.314),
  ('9646fcb6-716d-5d1b-b842-bd9ac68b8570', 1, 0.387),
  ('9646fcb6-716d-5d1b-b842-bd9ac68b8570', 2, 0.477),
  ('9646fcb6-716d-5d1b-b842-bd9ac68b8570', 3, 0.558),
  ('9646fcb6-716d-5d1b-b842-bd9ac68b8570', 4, 0.625),
  ('9646fcb6-716d-5d1b-b842-bd9ac68b8570', 5, 0.668),
  ('9646fcb6-716d-5d1b-b842-bd9ac68b8570', 6, 0.725),
  ('9646fcb6-716d-5d1b-b842-bd9ac68b8570', 7, 0.745),
  ('9646fcb6-716d-5d1b-b842-bd9ac68b8570', 8, 0.784),
  ('9646fcb6-716d-5d1b-b842-bd9ac68b8570', 9, 0.813),
  ('9646fcb6-716d-5d1b-b842-bd9ac68b8570', 10, 0.843),
  ('9646fcb6-716d-5d1b-b842-bd9ac68b8570', 11, 0.872),
  ('9646fcb6-716d-5d1b-b842-bd9ac68b8570', 12, 0.879),
  ('9646fcb6-716d-5d1b-b842-bd9ac68b8570', 13, 0.913),
  ('9646fcb6-716d-5d1b-b842-bd9ac68b8570', 14, 0.913),
  ('9646fcb6-716d-5d1b-b842-bd9ac68b8570', 15, 0.928),
  ('9646fcb6-716d-5d1b-b842-bd9ac68b8570', 16, 0.969),
  ('9646fcb6-716d-5d1b-b842-bd9ac68b8570', 17, 0.966),
  ('9646fcb6-716d-5d1b-b842-bd9ac68b8570', 18, 0.985),
  ('9646fcb6-716d-5d1b-b842-bd9ac68b8570', 19, 0.989),
  ('9646fcb6-716d-5d1b-b842-bd9ac68b8570', 20, 0.99),
  ('9646fcb6-716d-5d1b-b842-bd9ac68b8570', 21, 0.997),
  ('9646fcb6-716d-5d1b-b842-bd9ac68b8570', 22, 1.002),
  ('9646fcb6-716d-5d1b-b842-bd9ac68b8570', 23, 1.013),
  ('9646fcb6-716d-5d1b-b842-bd9ac68b8570', 24, 0.981),
  ('6a97f446-3d5f-501b-ba5a-a816ee2671cd', 0, 0.283),
  ('6a97f446-3d5f-501b-ba5a-a816ee2671cd', 1, 0.369),
  ('6a97f446-3d5f-501b-ba5a-a816ee2671cd', 2, 0.466),
  ('6a97f446-3d5f-501b-ba5a-a816ee2671cd', 3, 0.539),
  ('6a97f446-3d5f-501b-ba5a-a816ee2671cd', 4, 0.608),
  ('6a97f446-3d5f-501b-ba5a-a816ee2671cd', 5, 0.663),
  ('6a97f446-3d5f-501b-ba5a-a816ee2671cd', 6, 0.703),
  ('6a97f446-3d5f-501b-ba5a-a816ee2671cd', 7, 0.742),
  ('6a97f446-3d5f-501b-ba5a-a816ee2671cd', 8, 0.78),
  ('6a97f446-3d5f-501b-ba5a-a816ee2671cd', 9, 0.831),
  ('6a97f446-3d5f-501b-ba5a-a816ee2671cd', 10, 0.841),
  ('6a97f446-3d5f-501b-ba5a-a816ee2671cd', 11, 0.859),
  ('6a97f446-3d5f-501b-ba5a-a816ee2671cd', 12, 0.878),
  ('6a97f446-3d5f-501b-ba5a-a816ee2671cd', 13, 0.905),
  ('6a97f446-3d5f-501b-ba5a-a816ee2671cd', 14, 0.909),
  ('6a97f446-3d5f-501b-ba5a-a816ee2671cd', 15, 0.935),
  ('6a97f446-3d5f-501b-ba5a-a816ee2671cd', 16, 0.964),
  ('6a97f446-3d5f-501b-ba5a-a816ee2671cd', 17, 0.972),
  ('6a97f446-3d5f-501b-ba5a-a816ee2671cd', 18, 0.972),
  ('6a97f446-3d5f-501b-ba5a-a816ee2671cd', 19, 0.979),
  ('6a97f446-3d5f-501b-ba5a-a816ee2671cd', 20, 0.983),
  ('6a97f446-3d5f-501b-ba5a-a816ee2671cd', 21, 0.967),
  ('6a97f446-3d5f-501b-ba5a-a816ee2671cd', 22, 0.981),
  ('6a97f446-3d5f-501b-ba5a-a816ee2671cd', 23, 0.996),
  ('6a97f446-3d5f-501b-ba5a-a816ee2671cd', 24, 0.982),
  ('365d25b1-3024-5326-95c9-0ffa5f1dba91', 0, 0.292),
  ('365d25b1-3024-5326-95c9-0ffa5f1dba91', 1, 0.372),
  ('365d25b1-3024-5326-95c9-0ffa5f1dba91', 2, 0.452),
  ('365d25b1-3024-5326-95c9-0ffa5f1dba91', 3, 0.532),
  ('365d25b1-3024-5326-95c9-0ffa5f1dba91', 4, 0.603),
  ('365d25b1-3024-5326-95c9-0ffa5f1dba91', 5, 0.657),
  ('365d25b1-3024-5326-95c9-0ffa5f1dba91', 6, 0.692),
  ('365d25b1-3024-5326-95c9-0ffa5f1dba91', 7, 0.734),
  ('365d25b1-3024-5326-95c9-0ffa5f1dba91', 8, 0.77),
  ('365d25b1-3024-5326-95c9-0ffa5f1dba91', 9, 0.799),
  ('365d25b1-3024-5326-95c9-0ffa5f1dba91', 10, 0.831),
  ('365d25b1-3024-5326-95c9-0ffa5f1dba91', 11, 0.842),
  ('365d25b1-3024-5326-95c9-0ffa5f1dba91', 12, 0.867),
  ('365d25b1-3024-5326-95c9-0ffa5f1dba91', 13, 0.883),
  ('365d25b1-3024-5326-95c9-0ffa5f1dba91', 14, 0.915),
  ('365d25b1-3024-5326-95c9-0ffa5f1dba91', 15, 0.933),
  ('365d25b1-3024-5326-95c9-0ffa5f1dba91', 16, 0.973),
  ('365d25b1-3024-5326-95c9-0ffa5f1dba91', 17, 0.985),
  ('365d25b1-3024-5326-95c9-0ffa5f1dba91', 18, 0.979),
  ('365d25b1-3024-5326-95c9-0ffa5f1dba91', 19, 0.986),
  ('365d25b1-3024-5326-95c9-0ffa5f1dba91', 20, 0.984),
  ('365d25b1-3024-5326-95c9-0ffa5f1dba91', 21, 0.985),
  ('365d25b1-3024-5326-95c9-0ffa5f1dba91', 22, 0.986),
  ('365d25b1-3024-5326-95c9-0ffa5f1dba91', 23, 0.981),
  ('365d25b1-3024-5326-95c9-0ffa5f1dba91', 24, 0.992),
  ('804ed1cc-3bc3-5cd3-b236-77bcda280424', 0, 0.296),
  ('804ed1cc-3bc3-5cd3-b236-77bcda280424', 1, 0.378),
  ('804ed1cc-3bc3-5cd3-b236-77bcda280424', 2, 0.472),
  ('804ed1cc-3bc3-5cd3-b236-77bcda280424', 3, 0.55),
  ('804ed1cc-3bc3-5cd3-b236-77bcda280424', 4, 0.62),
  ('804ed1cc-3bc3-5cd3-b236-77bcda280424', 5, 0.67),
  ('804ed1cc-3bc3-5cd3-b236-77bcda280424', 6, 0.706),
  ('804ed1cc-3bc3-5cd3-b236-77bcda280424', 7, 0.74),
  ('804ed1cc-3bc3-5cd3-b236-77bcda280424', 8, 0.773),
  ('804ed1cc-3bc3-5cd3-b236-77bcda280424', 9, 0.798),
  ('804ed1cc-3bc3-5cd3-b236-77bcda280424', 10, 0.826),
  ('804ed1cc-3bc3-5cd3-b236-77bcda280424', 11, 0.851),
  ('804ed1cc-3bc3-5cd3-b236-77bcda280424', 12, 0.883),
  ('804ed1cc-3bc3-5cd3-b236-77bcda280424', 13, 0.893),
  ('804ed1cc-3bc3-5cd3-b236-77bcda280424', 14, 0.917),
  ('804ed1cc-3bc3-5cd3-b236-77bcda280424', 15, 0.945),
  ('804ed1cc-3bc3-5cd3-b236-77bcda280424', 16, 0.97),
  ('804ed1cc-3bc3-5cd3-b236-77bcda280424', 17, 0.976),
  ('804ed1cc-3bc3-5cd3-b236-77bcda280424', 18, 0.98),
  ('804ed1cc-3bc3-5cd3-b236-77bcda280424', 19, 0.992),
  ('804ed1cc-3bc3-5cd3-b236-77bcda280424', 20, 1.018),
  ('804ed1cc-3bc3-5cd3-b236-77bcda280424', 21, 1.015),
  ('804ed1cc-3bc3-5cd3-b236-77bcda280424', 22, 0.995),
  ('804ed1cc-3bc3-5cd3-b236-77bcda280424', 23, 0.982),
  ('804ed1cc-3bc3-5cd3-b236-77bcda280424', 24, 1.0),
  ('92464c81-ffe3-5943-bfb1-c1105bc8a34a', 0, 0.322),
  ('92464c81-ffe3-5943-bfb1-c1105bc8a34a', 1, 0.375),
  ('92464c81-ffe3-5943-bfb1-c1105bc8a34a', 2, 0.478),
  ('92464c81-ffe3-5943-bfb1-c1105bc8a34a', 3, 0.55),
  ('92464c81-ffe3-5943-bfb1-c1105bc8a34a', 4, 0.618),
  ('92464c81-ffe3-5943-bfb1-c1105bc8a34a', 5, 0.677),
  ('92464c81-ffe3-5943-bfb1-c1105bc8a34a', 6, 0.714),
  ('92464c81-ffe3-5943-bfb1-c1105bc8a34a', 7, 0.754),
  ('92464c81-ffe3-5943-bfb1-c1105bc8a34a', 8, 0.804),
  ('92464c81-ffe3-5943-bfb1-c1105bc8a34a', 9, 0.824),
  ('92464c81-ffe3-5943-bfb1-c1105bc8a34a', 10, 0.831),
  ('92464c81-ffe3-5943-bfb1-c1105bc8a34a', 11, 0.859),
  ('92464c81-ffe3-5943-bfb1-c1105bc8a34a', 12, 0.905),
  ('92464c81-ffe3-5943-bfb1-c1105bc8a34a', 13, 0.905),
  ('92464c81-ffe3-5943-bfb1-c1105bc8a34a', 14, 0.934),
  ('92464c81-ffe3-5943-bfb1-c1105bc8a34a', 15, 0.947),
  ('92464c81-ffe3-5943-bfb1-c1105bc8a34a', 16, 0.969),
  ('92464c81-ffe3-5943-bfb1-c1105bc8a34a', 17, 0.984),
  ('92464c81-ffe3-5943-bfb1-c1105bc8a34a', 18, 0.971),
  ('92464c81-ffe3-5943-bfb1-c1105bc8a34a', 19, 0.993),
  ('92464c81-ffe3-5943-bfb1-c1105bc8a34a', 20, 0.998),
  ('92464c81-ffe3-5943-bfb1-c1105bc8a34a', 21, 1.002),
  ('92464c81-ffe3-5943-bfb1-c1105bc8a34a', 22, 0.994),
  ('92464c81-ffe3-5943-bfb1-c1105bc8a34a', 23, 1.007),
  ('92464c81-ffe3-5943-bfb1-c1105bc8a34a', 24, 0.984),
  ('6e2a3a5f-1199-594c-a405-d9169281a730', 0, 0.301),
  ('6e2a3a5f-1199-594c-a405-d9169281a730', 1, 0.398),
  ('6e2a3a5f-1199-594c-a405-d9169281a730', 2, 0.473),
  ('6e2a3a5f-1199-594c-a405-d9169281a730', 3, 0.547),
  ('6e2a3a5f-1199-594c-a405-d9169281a730', 4, 0.618),
  ('6e2a3a5f-1199-594c-a405-d9169281a730', 5, 0.673),
  ('6e2a3a5f-1199-594c-a405-d9169281a730', 6, 0.708),
  ('6e2a3a5f-1199-594c-a405-d9169281a730', 7, 0.742),
  ('6e2a3a5f-1199-594c-a405-d9169281a730', 8, 0.772),
  ('6e2a3a5f-1199-594c-a405-d9169281a730', 9, 0.796),
  ('6e2a3a5f-1199-594c-a405-d9169281a730', 10, 0.817),
  ('6e2a3a5f-1199-594c-a405-d9169281a730', 11, 0.837),
  ('6e2a3a5f-1199-594c-a405-d9169281a730', 12, 0.868),
  ('6e2a3a5f-1199-594c-a405-d9169281a730', 13, 0.891),
  ('6e2a3a5f-1199-594c-a405-d9169281a730', 14, 0.91),
  ('6e2a3a5f-1199-594c-a405-d9169281a730', 15, 0.934),
  ('6e2a3a5f-1199-594c-a405-d9169281a730', 16, 0.962),
  ('6e2a3a5f-1199-594c-a405-d9169281a730', 17, 0.967),
  ('6e2a3a5f-1199-594c-a405-d9169281a730', 18, 0.956),
  ('6e2a3a5f-1199-594c-a405-d9169281a730', 19, 0.965),
  ('6e2a3a5f-1199-594c-a405-d9169281a730', 20, 0.994),
  ('6e2a3a5f-1199-594c-a405-d9169281a730', 21, 0.997),
  ('6e2a3a5f-1199-594c-a405-d9169281a730', 22, 1.012),
  ('6e2a3a5f-1199-594c-a405-d9169281a730', 23, 1.024),
  ('6e2a3a5f-1199-594c-a405-d9169281a730', 24, 1.003),
  ('19a1bfb3-23b9-59cb-9ff9-611df25e9d72', 0, 0.283),
  ('19a1bfb3-23b9-59cb-9ff9-611df25e9d72', 1, 0.419),
  ('19a1bfb3-23b9-59cb-9ff9-611df25e9d72', 2, 0.482),
  ('19a1bfb3-23b9-59cb-9ff9-611df25e9d72', 3, 0.555),
  ('19a1bfb3-23b9-59cb-9ff9-611df25e9d72', 4, 0.612),
  ('19a1bfb3-23b9-59cb-9ff9-611df25e9d72', 5, 0.67),
  ('19a1bfb3-23b9-59cb-9ff9-611df25e9d72', 6, 0.698),
  ('19a1bfb3-23b9-59cb-9ff9-611df25e9d72', 7, 0.74),
  ('19a1bfb3-23b9-59cb-9ff9-611df25e9d72', 8, 0.77),
  ('19a1bfb3-23b9-59cb-9ff9-611df25e9d72', 9, 0.794),
  ('19a1bfb3-23b9-59cb-9ff9-611df25e9d72', 10, 0.839),
  ('19a1bfb3-23b9-59cb-9ff9-611df25e9d72', 11, 0.838),
  ('19a1bfb3-23b9-59cb-9ff9-611df25e9d72', 12, 0.864),
  ('19a1bfb3-23b9-59cb-9ff9-611df25e9d72', 13, 0.893),
  ('19a1bfb3-23b9-59cb-9ff9-611df25e9d72', 14, 0.922),
  ('19a1bfb3-23b9-59cb-9ff9-611df25e9d72', 15, 0.946),
  ('19a1bfb3-23b9-59cb-9ff9-611df25e9d72', 16, 0.97),
  ('19a1bfb3-23b9-59cb-9ff9-611df25e9d72', 17, 0.958),
  ('19a1bfb3-23b9-59cb-9ff9-611df25e9d72', 18, 0.98),
  ('19a1bfb3-23b9-59cb-9ff9-611df25e9d72', 19, 0.993),
  ('19a1bfb3-23b9-59cb-9ff9-611df25e9d72', 20, 0.962),
  ('19a1bfb3-23b9-59cb-9ff9-611df25e9d72', 21, 0.958),
  ('19a1bfb3-23b9-59cb-9ff9-611df25e9d72', 22, 0.992),
  ('19a1bfb3-23b9-59cb-9ff9-611df25e9d72', 23, 1.014),
  ('19a1bfb3-23b9-59cb-9ff9-611df25e9d72', 24, 1.006),
  ('b33f300c-3f65-5c06-9988-c556a4ea34f7', 0, 0.286),
  ('b33f300c-3f65-5c06-9988-c556a4ea34f7', 1, 0.373),
  ('b33f300c-3f65-5c06-9988-c556a4ea34f7', 2, 0.456),
  ('b33f300c-3f65-5c06-9988-c556a4ea34f7', 3, 0.539),
  ('b33f300c-3f65-5c06-9988-c556a4ea34f7', 4, 0.603),
  ('b33f300c-3f65-5c06-9988-c556a4ea34f7', 5, 0.653),
  ('b33f300c-3f65-5c06-9988-c556a4ea34f7', 6, 0.696),
  ('b33f300c-3f65-5c06-9988-c556a4ea34f7', 7, 0.738),
  ('b33f300c-3f65-5c06-9988-c556a4ea34f7', 8, 0.772),
  ('b33f300c-3f65-5c06-9988-c556a4ea34f7', 9, 0.803),
  ('b33f300c-3f65-5c06-9988-c556a4ea34f7', 10, 0.825),
  ('b33f300c-3f65-5c06-9988-c556a4ea34f7', 11, 0.85),
  ('b33f300c-3f65-5c06-9988-c556a4ea34f7', 12, 0.881),
  ('b33f300c-3f65-5c06-9988-c556a4ea34f7', 13, 0.896),
  ('b33f300c-3f65-5c06-9988-c556a4ea34f7', 14, 0.931),
  ('b33f300c-3f65-5c06-9988-c556a4ea34f7', 15, 0.952),
  ('b33f300c-3f65-5c06-9988-c556a4ea34f7', 16, 0.964),
  ('b33f300c-3f65-5c06-9988-c556a4ea34f7', 17, 0.975),
  ('b33f300c-3f65-5c06-9988-c556a4ea34f7', 18, 0.964),
  ('b33f300c-3f65-5c06-9988-c556a4ea34f7', 19, 0.967),
  ('b33f300c-3f65-5c06-9988-c556a4ea34f7', 20, 0.966),
  ('b33f300c-3f65-5c06-9988-c556a4ea34f7', 21, 0.978),
  ('b33f300c-3f65-5c06-9988-c556a4ea34f7', 22, 0.996),
  ('b33f300c-3f65-5c06-9988-c556a4ea34f7', 23, 0.991),
  ('b33f300c-3f65-5c06-9988-c556a4ea34f7', 24, 0.981),
  ('9cb90a1a-cecc-520c-ac7b-8c231cd0db3f', 0, 0.287),
  ('9cb90a1a-cecc-520c-ac7b-8c231cd0db3f', 1, 0.366),
  ('9cb90a1a-cecc-520c-ac7b-8c231cd0db3f', 2, 0.456),
  ('9cb90a1a-cecc-520c-ac7b-8c231cd0db3f', 3, 0.538),
  ('9cb90a1a-cecc-520c-ac7b-8c231cd0db3f', 4, 0.613),
  ('9cb90a1a-cecc-520c-ac7b-8c231cd0db3f', 5, 0.662),
  ('9cb90a1a-cecc-520c-ac7b-8c231cd0db3f', 6, 0.71),
  ('9cb90a1a-cecc-520c-ac7b-8c231cd0db3f', 7, 0.745),
  ('9cb90a1a-cecc-520c-ac7b-8c231cd0db3f', 8, 0.791),
  ('9cb90a1a-cecc-520c-ac7b-8c231cd0db3f', 9, 0.812),
  ('9cb90a1a-cecc-520c-ac7b-8c231cd0db3f', 10, 0.847),
  ('9cb90a1a-cecc-520c-ac7b-8c231cd0db3f', 11, 0.862),
  ('9cb90a1a-cecc-520c-ac7b-8c231cd0db3f', 12, 0.875),
  ('9cb90a1a-cecc-520c-ac7b-8c231cd0db3f', 13, 0.903),
  ('9cb90a1a-cecc-520c-ac7b-8c231cd0db3f', 14, 0.929),
  ('9cb90a1a-cecc-520c-ac7b-8c231cd0db3f', 15, 0.948),
  ('9cb90a1a-cecc-520c-ac7b-8c231cd0db3f', 16, 0.966),
  ('9cb90a1a-cecc-520c-ac7b-8c231cd0db3f', 17, 0.955),
  ('9cb90a1a-cecc-520c-ac7b-8c231cd0db3f', 18, 0.955),
  ('9cb90a1a-cecc-520c-ac7b-8c231cd0db3f', 19, 0.988),
  ('9cb90a1a-cecc-520c-ac7b-8c231cd0db3f', 20, 0.983),
  ('9cb90a1a-cecc-520c-ac7b-8c231cd0db3f', 21, 0.993),
  ('9cb90a1a-cecc-520c-ac7b-8c231cd0db3f', 22, 0.996),
  ('9cb90a1a-cecc-520c-ac7b-8c231cd0db3f', 23, 0.996),
  ('9cb90a1a-cecc-520c-ac7b-8c231cd0db3f', 24, 0.988),
  ('c3ebc012-3a0b-59e2-b798-da9d2f17b1f6', 0, 0.294),
  ('c3ebc012-3a0b-59e2-b798-da9d2f17b1f6', 1, 0.371),
  ('c3ebc012-3a0b-59e2-b798-da9d2f17b1f6', 2, 0.459),
  ('c3ebc012-3a0b-59e2-b798-da9d2f17b1f6', 3, 0.539),
  ('c3ebc012-3a0b-59e2-b798-da9d2f17b1f6', 4, 0.609),
  ('c3ebc012-3a0b-59e2-b798-da9d2f17b1f6', 5, 0.661),
  ('c3ebc012-3a0b-59e2-b798-da9d2f17b1f6', 6, 0.703),
  ('c3ebc012-3a0b-59e2-b798-da9d2f17b1f6', 7, 0.742),
  ('c3ebc012-3a0b-59e2-b798-da9d2f17b1f6', 8, 0.778),
  ('c3ebc012-3a0b-59e2-b798-da9d2f17b1f6', 9, 0.808),
  ('c3ebc012-3a0b-59e2-b798-da9d2f17b1f6', 10, 0.828),
  ('c3ebc012-3a0b-59e2-b798-da9d2f17b1f6', 11, 0.851),
  ('c3ebc012-3a0b-59e2-b798-da9d2f17b1f6', 12, 0.875),
  ('c3ebc012-3a0b-59e2-b798-da9d2f17b1f6', 13, 0.895),
  ('c3ebc012-3a0b-59e2-b798-da9d2f17b1f6', 14, 0.916),
  ('c3ebc012-3a0b-59e2-b798-da9d2f17b1f6', 15, 0.939),
  ('c3ebc012-3a0b-59e2-b798-da9d2f17b1f6', 16, 0.963),
  ('c3ebc012-3a0b-59e2-b798-da9d2f17b1f6', 17, 0.973),
  ('c3ebc012-3a0b-59e2-b798-da9d2f17b1f6', 18, 0.975),
  ('c3ebc012-3a0b-59e2-b798-da9d2f17b1f6', 19, 0.98),
  ('c3ebc012-3a0b-59e2-b798-da9d2f17b1f6', 20, 0.985),
  ('c3ebc012-3a0b-59e2-b798-da9d2f17b1f6', 21, 0.992),
  ('c3ebc012-3a0b-59e2-b798-da9d2f17b1f6', 22, 0.997),
  ('c3ebc012-3a0b-59e2-b798-da9d2f17b1f6', 23, 1.003),
  ('c3ebc012-3a0b-59e2-b798-da9d2f17b1f6', 24, 1.001),
  ('b2466ac9-4d95-5d89-853a-077702291bfd', 0, 0.27),
  ('b2466ac9-4d95-5d89-853a-077702291bfd', 1, 0.351),
  ('b2466ac9-4d95-5d89-853a-077702291bfd', 2, 0.435),
  ('b2466ac9-4d95-5d89-853a-077702291bfd', 3, 0.514),
  ('b2466ac9-4d95-5d89-853a-077702291bfd', 4, 0.588),
  ('b2466ac9-4d95-5d89-853a-077702291bfd', 5, 0.641),
  ('b2466ac9-4d95-5d89-853a-077702291bfd', 6, 0.682),
  ('b2466ac9-4d95-5d89-853a-077702291bfd', 7, 0.72),
  ('b2466ac9-4d95-5d89-853a-077702291bfd', 8, 0.756),
  ('b2466ac9-4d95-5d89-853a-077702291bfd', 9, 0.777),
  ('b2466ac9-4d95-5d89-853a-077702291bfd', 10, 0.791),
  ('b2466ac9-4d95-5d89-853a-077702291bfd', 11, 0.825),
  ('b2466ac9-4d95-5d89-853a-077702291bfd', 12, 0.852),
  ('b2466ac9-4d95-5d89-853a-077702291bfd', 13, 0.868),
  ('b2466ac9-4d95-5d89-853a-077702291bfd', 14, 0.889),
  ('b2466ac9-4d95-5d89-853a-077702291bfd', 15, 0.916),
  ('b2466ac9-4d95-5d89-853a-077702291bfd', 16, 0.941),
  ('b2466ac9-4d95-5d89-853a-077702291bfd', 17, 0.943),
  ('b2466ac9-4d95-5d89-853a-077702291bfd', 18, 0.944),
  ('b2466ac9-4d95-5d89-853a-077702291bfd', 19, 0.94),
  ('b2466ac9-4d95-5d89-853a-077702291bfd', 20, 0.941),
  ('b2466ac9-4d95-5d89-853a-077702291bfd', 21, 0.949),
  ('b2466ac9-4d95-5d89-853a-077702291bfd', 22, 0.949),
  ('b2466ac9-4d95-5d89-853a-077702291bfd', 23, 0.95),
  ('b2466ac9-4d95-5d89-853a-077702291bfd', 24, 0.962),
  ('3ad03d01-b8c4-5fdb-aaa5-270ed19da0b5', 0, 0.381),
  ('3ad03d01-b8c4-5fdb-aaa5-270ed19da0b5', 1, 0.419),
  ('3ad03d01-b8c4-5fdb-aaa5-270ed19da0b5', 2, 0.494),
  ('3ad03d01-b8c4-5fdb-aaa5-270ed19da0b5', 3, 0.559),
  ('3ad03d01-b8c4-5fdb-aaa5-270ed19da0b5', 4, 0.645),
  ('3ad03d01-b8c4-5fdb-aaa5-270ed19da0b5', 5, 0.683),
  ('3ad03d01-b8c4-5fdb-aaa5-270ed19da0b5', 6, 0.726),
  ('3ad03d01-b8c4-5fdb-aaa5-270ed19da0b5', 7, 0.757),
  ('3ad03d01-b8c4-5fdb-aaa5-270ed19da0b5', 8, 0.808),
  ('3ad03d01-b8c4-5fdb-aaa5-270ed19da0b5', 9, 0.862),
  ('3ad03d01-b8c4-5fdb-aaa5-270ed19da0b5', 10, 0.875),
  ('3ad03d01-b8c4-5fdb-aaa5-270ed19da0b5', 11, 0.897),
  ('3ad03d01-b8c4-5fdb-aaa5-270ed19da0b5', 12, 0.905),
  ('3ad03d01-b8c4-5fdb-aaa5-270ed19da0b5', 13, 0.918),
  ('3ad03d01-b8c4-5fdb-aaa5-270ed19da0b5', 14, 0.942),
  ('3ad03d01-b8c4-5fdb-aaa5-270ed19da0b5', 15, 0.968),
  ('3ad03d01-b8c4-5fdb-aaa5-270ed19da0b5', 16, 0.987),
  ('3ad03d01-b8c4-5fdb-aaa5-270ed19da0b5', 17, 1.002),
  ('3ad03d01-b8c4-5fdb-aaa5-270ed19da0b5', 18, 1.015),
  ('3ad03d01-b8c4-5fdb-aaa5-270ed19da0b5', 19, 1.016),
  ('3ad03d01-b8c4-5fdb-aaa5-270ed19da0b5', 20, 1.042),
  ('3ad03d01-b8c4-5fdb-aaa5-270ed19da0b5', 21, 1.028),
  ('3ad03d01-b8c4-5fdb-aaa5-270ed19da0b5', 22, 1.036),
  ('3ad03d01-b8c4-5fdb-aaa5-270ed19da0b5', 23, 1.129),
  ('3ad03d01-b8c4-5fdb-aaa5-270ed19da0b5', 24, 1.041),
  ('68dd2e3c-b656-55c8-b697-5b75248b0f54', 0, 0.256),
  ('68dd2e3c-b656-55c8-b697-5b75248b0f54', 1, 0.35),
  ('68dd2e3c-b656-55c8-b697-5b75248b0f54', 2, 0.439),
  ('68dd2e3c-b656-55c8-b697-5b75248b0f54', 3, 0.521),
  ('68dd2e3c-b656-55c8-b697-5b75248b0f54', 4, 0.59),
  ('68dd2e3c-b656-55c8-b697-5b75248b0f54', 5, 0.644),
  ('68dd2e3c-b656-55c8-b697-5b75248b0f54', 6, 0.685),
  ('68dd2e3c-b656-55c8-b697-5b75248b0f54', 7, 0.726),
  ('68dd2e3c-b656-55c8-b697-5b75248b0f54', 8, 0.755),
  ('68dd2e3c-b656-55c8-b697-5b75248b0f54', 9, 0.774),
  ('68dd2e3c-b656-55c8-b697-5b75248b0f54', 10, 0.8),
  ('68dd2e3c-b656-55c8-b697-5b75248b0f54', 11, 0.823),
  ('68dd2e3c-b656-55c8-b697-5b75248b0f54', 12, 0.853),
  ('68dd2e3c-b656-55c8-b697-5b75248b0f54', 13, 0.876),
  ('68dd2e3c-b656-55c8-b697-5b75248b0f54', 14, 0.895),
  ('68dd2e3c-b656-55c8-b697-5b75248b0f54', 15, 0.919),
  ('68dd2e3c-b656-55c8-b697-5b75248b0f54', 16, 0.944),
  ('68dd2e3c-b656-55c8-b697-5b75248b0f54', 17, 0.945),
  ('68dd2e3c-b656-55c8-b697-5b75248b0f54', 18, 0.948),
  ('68dd2e3c-b656-55c8-b697-5b75248b0f54', 19, 0.951),
  ('68dd2e3c-b656-55c8-b697-5b75248b0f54', 20, 0.949),
  ('68dd2e3c-b656-55c8-b697-5b75248b0f54', 21, 0.958),
  ('68dd2e3c-b656-55c8-b697-5b75248b0f54', 22, 0.964),
  ('68dd2e3c-b656-55c8-b697-5b75248b0f54', 23, 0.954),
  ('68dd2e3c-b656-55c8-b697-5b75248b0f54', 24, 0.96),
  ('b5c649f9-f7a0-5d05-ae35-1f42b69b385a', 0, 0.332),
  ('b5c649f9-f7a0-5d05-ae35-1f42b69b385a', 1, 0.392),
  ('b5c649f9-f7a0-5d05-ae35-1f42b69b385a', 2, 0.478),
  ('b5c649f9-f7a0-5d05-ae35-1f42b69b385a', 3, 0.558),
  ('b5c649f9-f7a0-5d05-ae35-1f42b69b385a', 4, 0.628),
  ('b5c649f9-f7a0-5d05-ae35-1f42b69b385a', 5, 0.678),
  ('b5c649f9-f7a0-5d05-ae35-1f42b69b385a', 6, 0.721),
  ('b5c649f9-f7a0-5d05-ae35-1f42b69b385a', 7, 0.757),
  ('b5c649f9-f7a0-5d05-ae35-1f42b69b385a', 8, 0.801),
  ('b5c649f9-f7a0-5d05-ae35-1f42b69b385a', 9, 0.842),
  ('b5c649f9-f7a0-5d05-ae35-1f42b69b385a', 10, 0.857),
  ('b5c649f9-f7a0-5d05-ae35-1f42b69b385a', 11, 0.878),
  ('b5c649f9-f7a0-5d05-ae35-1f42b69b385a', 12, 0.898),
  ('b5c649f9-f7a0-5d05-ae35-1f42b69b385a', 13, 0.914),
  ('b5c649f9-f7a0-5d05-ae35-1f42b69b385a', 14, 0.937),
  ('b5c649f9-f7a0-5d05-ae35-1f42b69b385a', 15, 0.959),
  ('b5c649f9-f7a0-5d05-ae35-1f42b69b385a', 16, 0.982),
  ('b5c649f9-f7a0-5d05-ae35-1f42b69b385a', 17, 1.0),
  ('b5c649f9-f7a0-5d05-ae35-1f42b69b385a', 18, 1.002),
  ('b5c649f9-f7a0-5d05-ae35-1f42b69b385a', 19, 1.01),
  ('b5c649f9-f7a0-5d05-ae35-1f42b69b385a', 20, 1.021),
  ('b5c649f9-f7a0-5d05-ae35-1f42b69b385a', 21, 1.026),
  ('b5c649f9-f7a0-5d05-ae35-1f42b69b385a', 22, 1.03),
  ('b5c649f9-f7a0-5d05-ae35-1f42b69b385a', 23, 1.052),
  ('b5c649f9-f7a0-5d05-ae35-1f42b69b385a', 24, 1.042),
  ('d0fa8857-3413-5118-814f-65f099570a84', 0, 0.294),
  ('d0fa8857-3413-5118-814f-65f099570a84', 1, 0.371),
  ('d0fa8857-3413-5118-814f-65f099570a84', 2, 0.459),
  ('d0fa8857-3413-5118-814f-65f099570a84', 3, 0.539),
  ('d0fa8857-3413-5118-814f-65f099570a84', 4, 0.609),
  ('d0fa8857-3413-5118-814f-65f099570a84', 5, 0.661),
  ('d0fa8857-3413-5118-814f-65f099570a84', 6, 0.703),
  ('d0fa8857-3413-5118-814f-65f099570a84', 7, 0.742),
  ('d0fa8857-3413-5118-814f-65f099570a84', 8, 0.778),
  ('d0fa8857-3413-5118-814f-65f099570a84', 9, 0.808),
  ('d0fa8857-3413-5118-814f-65f099570a84', 10, 0.828),
  ('d0fa8857-3413-5118-814f-65f099570a84', 11, 0.851),
  ('d0fa8857-3413-5118-814f-65f099570a84', 12, 0.875),
  ('d0fa8857-3413-5118-814f-65f099570a84', 13, 0.895),
  ('d0fa8857-3413-5118-814f-65f099570a84', 14, 0.916),
  ('d0fa8857-3413-5118-814f-65f099570a84', 15, 0.939),
  ('d0fa8857-3413-5118-814f-65f099570a84', 16, 0.963),
  ('d0fa8857-3413-5118-814f-65f099570a84', 17, 0.973),
  ('d0fa8857-3413-5118-814f-65f099570a84', 18, 0.975),
  ('d0fa8857-3413-5118-814f-65f099570a84', 19, 0.98),
  ('d0fa8857-3413-5118-814f-65f099570a84', 20, 0.985),
  ('d0fa8857-3413-5118-814f-65f099570a84', 21, 0.992),
  ('d0fa8857-3413-5118-814f-65f099570a84', 22, 0.997),
  ('d0fa8857-3413-5118-814f-65f099570a84', 23, 1.003),
  ('d0fa8857-3413-5118-814f-65f099570a84', 24, 1.001),
  ('de8d2715-423e-527e-9029-d857c63d54b1', 0, 0.293),
  ('de8d2715-423e-527e-9029-d857c63d54b1', 1, 0.37),
  ('de8d2715-423e-527e-9029-d857c63d54b1', 2, 0.458),
  ('de8d2715-423e-527e-9029-d857c63d54b1', 3, 0.54),
  ('de8d2715-423e-527e-9029-d857c63d54b1', 4, 0.609),
  ('de8d2715-423e-527e-9029-d857c63d54b1', 5, 0.661),
  ('de8d2715-423e-527e-9029-d857c63d54b1', 6, 0.703),
  ('de8d2715-423e-527e-9029-d857c63d54b1', 7, 0.742),
  ('de8d2715-423e-527e-9029-d857c63d54b1', 8, 0.778),
  ('de8d2715-423e-527e-9029-d857c63d54b1', 9, 0.807),
  ('de8d2715-423e-527e-9029-d857c63d54b1', 10, 0.828),
  ('de8d2715-423e-527e-9029-d857c63d54b1', 11, 0.85),
  ('de8d2715-423e-527e-9029-d857c63d54b1', 12, 0.875),
  ('de8d2715-423e-527e-9029-d857c63d54b1', 13, 0.895),
  ('de8d2715-423e-527e-9029-d857c63d54b1', 14, 0.916),
  ('de8d2715-423e-527e-9029-d857c63d54b1', 15, 0.939),
  ('de8d2715-423e-527e-9029-d857c63d54b1', 16, 0.963),
  ('de8d2715-423e-527e-9029-d857c63d54b1', 17, 0.973),
  ('de8d2715-423e-527e-9029-d857c63d54b1', 18, 0.975),
  ('de8d2715-423e-527e-9029-d857c63d54b1', 19, 0.98),
  ('de8d2715-423e-527e-9029-d857c63d54b1', 20, 0.985),
  ('de8d2715-423e-527e-9029-d857c63d54b1', 21, 0.992),
  ('de8d2715-423e-527e-9029-d857c63d54b1', 22, 0.997),
  ('de8d2715-423e-527e-9029-d857c63d54b1', 23, 1.001),
  ('de8d2715-423e-527e-9029-d857c63d54b1', 24, 1.001);

-- ===== #FX : 67 samples =====
insert into measurements (id, batch_id, sample_no, length, is_flagged) values
  ('892222a0-3809-54ae-a71a-cb03d04fbef7', '68b33dc2-2c5e-5685-8055-664fc7eeef8f', 1, 29.413, false),
  ('dee47772-be64-51d8-b7e6-71b335da0b5b', '68b33dc2-2c5e-5685-8055-664fc7eeef8f', 2, 29.236, false),
  ('6065fd5f-7682-5253-aa01-b19dc579d76d', '68b33dc2-2c5e-5685-8055-664fc7eeef8f', 3, 29.182, false),
  ('824ca64d-d8c9-5316-8d63-86869254d97b', '68b33dc2-2c5e-5685-8055-664fc7eeef8f', 4, 29.312, false),
  ('bb306044-8bba-51ef-9392-1f36a5d12f7c', '68b33dc2-2c5e-5685-8055-664fc7eeef8f', 5, 29.122, false),
  ('3678b90f-c95e-50b1-a5f4-f9de0df5c152', '68b33dc2-2c5e-5685-8055-664fc7eeef8f', 6, 29.338, false),
  ('c2fa8623-ab0b-5ee9-92dc-2d36be6eb86c', '68b33dc2-2c5e-5685-8055-664fc7eeef8f', 7, 29.351, false),
  ('67d36769-26c8-5eba-9617-8e746d8c1732', '68b33dc2-2c5e-5685-8055-664fc7eeef8f', 8, 29.362, false),
  ('323f1284-cbe1-5fb5-a303-7b6c0485b2b8', '68b33dc2-2c5e-5685-8055-664fc7eeef8f', 9, 29.242, false),
  ('1d33fd05-a6aa-5626-ab5a-8db40d3ed654', '68b33dc2-2c5e-5685-8055-664fc7eeef8f', 10, 29.308, false),
  ('24052750-28cf-5894-a405-a8f2b64e4e4f', '68b33dc2-2c5e-5685-8055-664fc7eeef8f', 11, 29.25, false),
  ('fbefad9b-0535-5cfd-a409-6612d10c37ac', '68b33dc2-2c5e-5685-8055-664fc7eeef8f', 12, 29.19, false),
  ('6765486e-5f60-5b58-b058-b23b9083730a', '68b33dc2-2c5e-5685-8055-664fc7eeef8f', 13, 29.264, false),
  ('6c35341a-13b4-59ee-b73a-904e8ee01f7b', '68b33dc2-2c5e-5685-8055-664fc7eeef8f', 14, 29.336, false),
  ('5300835a-0fc6-59d4-a84e-f7158ba8d07b', '68b33dc2-2c5e-5685-8055-664fc7eeef8f', 15, 29.383, false),
  ('afe64059-dcca-5516-979d-f466665ea9f6', '68b33dc2-2c5e-5685-8055-664fc7eeef8f', 16, 29.249, false),
  ('5f791910-ae2e-5cf5-ab78-4bf6e32e5d7f', '68b33dc2-2c5e-5685-8055-664fc7eeef8f', 17, 29.197, false),
  ('0b9d96d1-975a-5aee-b882-ee75d9624d74', '68b33dc2-2c5e-5685-8055-664fc7eeef8f', 18, 29.195, false),
  ('11d1891c-97f7-5f4c-b327-de70d21f0af9', '68b33dc2-2c5e-5685-8055-664fc7eeef8f', 19, 29.411, false),
  ('58713155-f7e5-5334-925e-11a819408845', '68b33dc2-2c5e-5685-8055-664fc7eeef8f', 20, 29.236, false),
  ('a8072bfb-e60f-513b-991c-733b3ba25cf1', '68b33dc2-2c5e-5685-8055-664fc7eeef8f', 21, 29.321, false),
  ('5e552dc2-b757-5608-bef5-f1d08dae4fe6', '68b33dc2-2c5e-5685-8055-664fc7eeef8f', 22, 29.193, true),
  ('927a7e25-2a97-5e16-8617-978e64fece45', '68b33dc2-2c5e-5685-8055-664fc7eeef8f', 23, 29.27, false),
  ('9ca2b4d7-2685-5706-95c4-ed629d6bdda1', '68b33dc2-2c5e-5685-8055-664fc7eeef8f', 24, 29.336, false),
  ('9659cac2-04a8-59a6-8af8-cbc80b0cc8db', '68b33dc2-2c5e-5685-8055-664fc7eeef8f', 25, 29.112, false),
  ('1ae4cbb4-6707-5c6a-aaf0-7202fac8e75f', '68b33dc2-2c5e-5685-8055-664fc7eeef8f', 26, 29.371, false),
  ('7b4c8a5e-0e2a-55ed-992f-9d5db620244a', '68b33dc2-2c5e-5685-8055-664fc7eeef8f', 27, 29.349, false),
  ('5c082a24-296e-57c9-871d-ef922bdea8a3', '68b33dc2-2c5e-5685-8055-664fc7eeef8f', 28, 29.239, false),
  ('71cf00d5-c233-583d-8c81-6150f00ddeb7', '68b33dc2-2c5e-5685-8055-664fc7eeef8f', 29, 29.212, false),
  ('dcb7a099-25b2-566e-b384-ddbd7b111cb2', '68b33dc2-2c5e-5685-8055-664fc7eeef8f', 30, 29.296, false),
  ('e6c9fcf4-d9bf-5db6-a2a3-cd82974b369d', '68b33dc2-2c5e-5685-8055-664fc7eeef8f', 31, 29.194, false),
  ('36937f36-d75d-590c-89a0-4ed60b0880e0', '68b33dc2-2c5e-5685-8055-664fc7eeef8f', 32, 29.239, false),
  ('df38e359-332d-5ffd-9f2e-0f86867d630d', '68b33dc2-2c5e-5685-8055-664fc7eeef8f', 33, 29.404, false),
  ('f113b175-a235-5ee7-b6fa-798ea75b4008', '68b33dc2-2c5e-5685-8055-664fc7eeef8f', 34, 29.259, false),
  ('bdb46487-164b-5a0d-9be1-7c0a302576c4', '68b33dc2-2c5e-5685-8055-664fc7eeef8f', 35, 29.296, false),
  ('584cee95-7e22-5be3-9455-b4aa85ea3f3d', '68b33dc2-2c5e-5685-8055-664fc7eeef8f', 36, 29.204, false),
  ('f29b7eee-fd25-5270-a2aa-c9393b7215fd', '68b33dc2-2c5e-5685-8055-664fc7eeef8f', 37, 29.305, false),
  ('a0e4f4d7-b697-501d-9905-646f8433733c', '68b33dc2-2c5e-5685-8055-664fc7eeef8f', 38, 29.413, false),
  ('fa67f0a9-a4c2-56a4-8674-319b838498eb', '68b33dc2-2c5e-5685-8055-664fc7eeef8f', 39, 29.337, false),
  ('f0e41bef-5c6f-5845-88af-f340bd66d08e', '68b33dc2-2c5e-5685-8055-664fc7eeef8f', 40, 29.394, false),
  ('283caaf3-7a07-5be9-8646-fbad20ccb2fd', '68b33dc2-2c5e-5685-8055-664fc7eeef8f', 41, 29.329, true),
  ('b7352b66-aa81-5d7f-bbc4-0f549fa541e1', '68b33dc2-2c5e-5685-8055-664fc7eeef8f', 42, 29.069, false),
  ('336cff41-b7c4-510b-8d67-a4a8f5d0537c', '68b33dc2-2c5e-5685-8055-664fc7eeef8f', 43, 29.184, false),
  ('6762fe12-36ba-596f-9a5b-0b601aa50642', '68b33dc2-2c5e-5685-8055-664fc7eeef8f', 44, 29.223, false),
  ('73772fb1-f722-5cc6-b130-ae57a3d89e81', '68b33dc2-2c5e-5685-8055-664fc7eeef8f', 45, 29.144, false),
  ('71145ac5-dec0-53ba-86ee-ad42da94a4b1', '68b33dc2-2c5e-5685-8055-664fc7eeef8f', 46, 29.413, false),
  ('0ca89571-e783-5c5a-8081-f39c2571bf88', '68b33dc2-2c5e-5685-8055-664fc7eeef8f', 47, 29.156, false),
  ('237cd9dc-0eef-5d39-8e7f-c837ce3f77cc', '68b33dc2-2c5e-5685-8055-664fc7eeef8f', 48, 29.292, true),
  ('e03dd37e-51c9-5017-9248-c989e33b84b0', '68b33dc2-2c5e-5685-8055-664fc7eeef8f', 49, 29.331, true),
  ('58259f30-f0f6-5d51-948a-b8fa01f42d31', '68b33dc2-2c5e-5685-8055-664fc7eeef8f', 50, 29.243, false),
  ('0a43da8a-be17-5542-88dd-dbd094bc5687', '68b33dc2-2c5e-5685-8055-664fc7eeef8f', 51, 29.289, false),
  ('2e0f61a2-c267-5a31-b13e-a1e90549f3ff', '68b33dc2-2c5e-5685-8055-664fc7eeef8f', 52, 29.333, false),
  ('f96470d3-f4bb-5de0-8b43-488fb30ef79d', '68b33dc2-2c5e-5685-8055-664fc7eeef8f', 53, 29.118, false),
  ('8c111a43-a216-55d9-a77d-1d716b46f6d0', '68b33dc2-2c5e-5685-8055-664fc7eeef8f', 54, 29.236, false),
  ('b64ef9b1-1f14-5fe7-bda8-cd74ff830b4a', '68b33dc2-2c5e-5685-8055-664fc7eeef8f', 55, 29.262, false),
  ('9d4f21b1-a54c-59a3-ba78-6f8288fb3e6c', '68b33dc2-2c5e-5685-8055-664fc7eeef8f', 56, 29.303, false),
  ('1e2016fd-2de1-5f84-ab01-891dc0c8ea92', '68b33dc2-2c5e-5685-8055-664fc7eeef8f', 57, 29.247, false),
  ('ea400fbb-8aa1-5cc3-8a9b-f5c578bbef14', '68b33dc2-2c5e-5685-8055-664fc7eeef8f', 58, 29.221, false),
  ('be0dce8d-29ad-587b-8aec-a05fc2672b13', '68b33dc2-2c5e-5685-8055-664fc7eeef8f', 59, 29.382, false),
  ('f49674c0-92a0-52fa-b955-0abeac4f5e80', '68b33dc2-2c5e-5685-8055-664fc7eeef8f', 60, 29.215, false),
  ('bc00208e-eb4b-5d29-84a0-ac43c28c2f9c', '68b33dc2-2c5e-5685-8055-664fc7eeef8f', 61, 29.272, false),
  ('affab69d-d0ca-5c9f-92a9-184cf1304f8f', '68b33dc2-2c5e-5685-8055-664fc7eeef8f', 62, 29.069, true),
  ('c6cb17e7-7e48-5730-a3ed-80f94a6a985c', '68b33dc2-2c5e-5685-8055-664fc7eeef8f', 63, 29.413, true),
  ('5536d150-d45a-5d95-8f4c-53edc5a72d5b', '68b33dc2-2c5e-5685-8055-664fc7eeef8f', 64, 29.104, false),
  ('f52d0fa5-237e-5ff9-8733-e955d527bd00', '68b33dc2-2c5e-5685-8055-664fc7eeef8f', 65, 29.44, false),
  ('a1fa7379-17af-55be-b9c1-616739c6f730', '68b33dc2-2c5e-5685-8055-664fc7eeef8f', 66, 29.272, false),
  ('68b3a283-4513-53f5-b4f3-67a5180127ad', '68b33dc2-2c5e-5685-8055-664fc7eeef8f', 67, 29.274, false);
insert into measurement_points (measurement_id, point_index, value) values
  ('892222a0-3809-54ae-a71a-cb03d04fbef7', 0, 0.356),
  ('892222a0-3809-54ae-a71a-cb03d04fbef7', 1, 0.46),
  ('892222a0-3809-54ae-a71a-cb03d04fbef7', 2, 0.569),
  ('892222a0-3809-54ae-a71a-cb03d04fbef7', 3, 0.667),
  ('892222a0-3809-54ae-a71a-cb03d04fbef7', 4, 0.759),
  ('892222a0-3809-54ae-a71a-cb03d04fbef7', 5, 0.833),
  ('892222a0-3809-54ae-a71a-cb03d04fbef7', 6, 0.891),
  ('892222a0-3809-54ae-a71a-cb03d04fbef7', 7, 0.949),
  ('892222a0-3809-54ae-a71a-cb03d04fbef7', 8, 0.996),
  ('892222a0-3809-54ae-a71a-cb03d04fbef7', 9, 1.019),
  ('892222a0-3809-54ae-a71a-cb03d04fbef7', 10, 1.056),
  ('892222a0-3809-54ae-a71a-cb03d04fbef7', 11, 1.074),
  ('892222a0-3809-54ae-a71a-cb03d04fbef7', 12, 1.095),
  ('892222a0-3809-54ae-a71a-cb03d04fbef7', 13, 1.111),
  ('892222a0-3809-54ae-a71a-cb03d04fbef7', 14, 1.122),
  ('892222a0-3809-54ae-a71a-cb03d04fbef7', 15, 1.142),
  ('892222a0-3809-54ae-a71a-cb03d04fbef7', 16, 1.15),
  ('892222a0-3809-54ae-a71a-cb03d04fbef7', 17, 1.159),
  ('892222a0-3809-54ae-a71a-cb03d04fbef7', 18, 1.152),
  ('892222a0-3809-54ae-a71a-cb03d04fbef7', 19, 1.149),
  ('892222a0-3809-54ae-a71a-cb03d04fbef7', 20, 1.165),
  ('892222a0-3809-54ae-a71a-cb03d04fbef7', 21, 1.181),
  ('892222a0-3809-54ae-a71a-cb03d04fbef7', 22, 1.172),
  ('892222a0-3809-54ae-a71a-cb03d04fbef7', 23, 1.285),
  ('892222a0-3809-54ae-a71a-cb03d04fbef7', 24, 1.248),
  ('dee47772-be64-51d8-b7e6-71b335da0b5b', 0, 0.377),
  ('dee47772-be64-51d8-b7e6-71b335da0b5b', 1, 0.466),
  ('dee47772-be64-51d8-b7e6-71b335da0b5b', 2, 0.569),
  ('dee47772-be64-51d8-b7e6-71b335da0b5b', 3, 0.674),
  ('dee47772-be64-51d8-b7e6-71b335da0b5b', 4, 0.759),
  ('dee47772-be64-51d8-b7e6-71b335da0b5b', 5, 0.838),
  ('dee47772-be64-51d8-b7e6-71b335da0b5b', 6, 0.897),
  ('dee47772-be64-51d8-b7e6-71b335da0b5b', 7, 0.951),
  ('dee47772-be64-51d8-b7e6-71b335da0b5b', 8, 0.998),
  ('dee47772-be64-51d8-b7e6-71b335da0b5b', 9, 1.022),
  ('dee47772-be64-51d8-b7e6-71b335da0b5b', 10, 1.051),
  ('dee47772-be64-51d8-b7e6-71b335da0b5b', 11, 1.072),
  ('dee47772-be64-51d8-b7e6-71b335da0b5b', 12, 1.091),
  ('dee47772-be64-51d8-b7e6-71b335da0b5b', 13, 1.11),
  ('dee47772-be64-51d8-b7e6-71b335da0b5b', 14, 1.119),
  ('dee47772-be64-51d8-b7e6-71b335da0b5b', 15, 1.137),
  ('dee47772-be64-51d8-b7e6-71b335da0b5b', 16, 1.148),
  ('dee47772-be64-51d8-b7e6-71b335da0b5b', 17, 1.157),
  ('dee47772-be64-51d8-b7e6-71b335da0b5b', 18, 1.155),
  ('dee47772-be64-51d8-b7e6-71b335da0b5b', 19, 1.152),
  ('dee47772-be64-51d8-b7e6-71b335da0b5b', 20, 1.154),
  ('dee47772-be64-51d8-b7e6-71b335da0b5b', 21, 1.169),
  ('dee47772-be64-51d8-b7e6-71b335da0b5b', 22, 1.174),
  ('dee47772-be64-51d8-b7e6-71b335da0b5b', 23, 1.176),
  ('dee47772-be64-51d8-b7e6-71b335da0b5b', 24, 1.179),
  ('6065fd5f-7682-5253-aa01-b19dc579d76d', 0, 0.356),
  ('6065fd5f-7682-5253-aa01-b19dc579d76d', 1, 0.461),
  ('6065fd5f-7682-5253-aa01-b19dc579d76d', 2, 0.567),
  ('6065fd5f-7682-5253-aa01-b19dc579d76d', 3, 0.672),
  ('6065fd5f-7682-5253-aa01-b19dc579d76d', 4, 0.759),
  ('6065fd5f-7682-5253-aa01-b19dc579d76d', 5, 0.833),
  ('6065fd5f-7682-5253-aa01-b19dc579d76d', 6, 0.895),
  ('6065fd5f-7682-5253-aa01-b19dc579d76d', 7, 0.947),
  ('6065fd5f-7682-5253-aa01-b19dc579d76d', 8, 0.996),
  ('6065fd5f-7682-5253-aa01-b19dc579d76d', 9, 1.023),
  ('6065fd5f-7682-5253-aa01-b19dc579d76d', 10, 1.052),
  ('6065fd5f-7682-5253-aa01-b19dc579d76d', 11, 1.088),
  ('6065fd5f-7682-5253-aa01-b19dc579d76d', 12, 1.09),
  ('6065fd5f-7682-5253-aa01-b19dc579d76d', 13, 1.109),
  ('6065fd5f-7682-5253-aa01-b19dc579d76d', 14, 1.126),
  ('6065fd5f-7682-5253-aa01-b19dc579d76d', 15, 1.142),
  ('6065fd5f-7682-5253-aa01-b19dc579d76d', 16, 1.141),
  ('6065fd5f-7682-5253-aa01-b19dc579d76d', 17, 1.145),
  ('6065fd5f-7682-5253-aa01-b19dc579d76d', 18, 1.147),
  ('6065fd5f-7682-5253-aa01-b19dc579d76d', 19, 1.147),
  ('6065fd5f-7682-5253-aa01-b19dc579d76d', 20, 1.144),
  ('6065fd5f-7682-5253-aa01-b19dc579d76d', 21, 1.152),
  ('6065fd5f-7682-5253-aa01-b19dc579d76d', 22, 1.164),
  ('6065fd5f-7682-5253-aa01-b19dc579d76d', 23, 1.175),
  ('6065fd5f-7682-5253-aa01-b19dc579d76d', 24, 1.199),
  ('824ca64d-d8c9-5316-8d63-86869254d97b', 0, 0.362),
  ('824ca64d-d8c9-5316-8d63-86869254d97b', 1, 0.466),
  ('824ca64d-d8c9-5316-8d63-86869254d97b', 2, 0.577),
  ('824ca64d-d8c9-5316-8d63-86869254d97b', 3, 0.674),
  ('824ca64d-d8c9-5316-8d63-86869254d97b', 4, 0.76),
  ('824ca64d-d8c9-5316-8d63-86869254d97b', 5, 0.837),
  ('824ca64d-d8c9-5316-8d63-86869254d97b', 6, 0.898),
  ('824ca64d-d8c9-5316-8d63-86869254d97b', 7, 0.957),
  ('824ca64d-d8c9-5316-8d63-86869254d97b', 8, 0.995),
  ('824ca64d-d8c9-5316-8d63-86869254d97b', 9, 1.027),
  ('824ca64d-d8c9-5316-8d63-86869254d97b', 10, 1.051),
  ('824ca64d-d8c9-5316-8d63-86869254d97b', 11, 1.076),
  ('824ca64d-d8c9-5316-8d63-86869254d97b', 12, 1.093),
  ('824ca64d-d8c9-5316-8d63-86869254d97b', 13, 1.116),
  ('824ca64d-d8c9-5316-8d63-86869254d97b', 14, 1.129),
  ('824ca64d-d8c9-5316-8d63-86869254d97b', 15, 1.15),
  ('824ca64d-d8c9-5316-8d63-86869254d97b', 16, 1.157),
  ('824ca64d-d8c9-5316-8d63-86869254d97b', 17, 1.161),
  ('824ca64d-d8c9-5316-8d63-86869254d97b', 18, 1.159),
  ('824ca64d-d8c9-5316-8d63-86869254d97b', 19, 1.16),
  ('824ca64d-d8c9-5316-8d63-86869254d97b', 20, 1.164),
  ('824ca64d-d8c9-5316-8d63-86869254d97b', 21, 1.168),
  ('824ca64d-d8c9-5316-8d63-86869254d97b', 22, 1.187),
  ('824ca64d-d8c9-5316-8d63-86869254d97b', 23, 1.177),
  ('824ca64d-d8c9-5316-8d63-86869254d97b', 24, 1.183),
  ('bb306044-8bba-51ef-9392-1f36a5d12f7c', 0, 0.365),
  ('bb306044-8bba-51ef-9392-1f36a5d12f7c', 1, 0.453),
  ('bb306044-8bba-51ef-9392-1f36a5d12f7c', 2, 0.565),
  ('bb306044-8bba-51ef-9392-1f36a5d12f7c', 3, 0.659),
  ('bb306044-8bba-51ef-9392-1f36a5d12f7c', 4, 0.75),
  ('bb306044-8bba-51ef-9392-1f36a5d12f7c', 5, 0.827),
  ('bb306044-8bba-51ef-9392-1f36a5d12f7c', 6, 0.891),
  ('bb306044-8bba-51ef-9392-1f36a5d12f7c', 7, 0.95),
  ('bb306044-8bba-51ef-9392-1f36a5d12f7c', 8, 0.996),
  ('bb306044-8bba-51ef-9392-1f36a5d12f7c', 9, 1.023),
  ('bb306044-8bba-51ef-9392-1f36a5d12f7c', 10, 1.05),
  ('bb306044-8bba-51ef-9392-1f36a5d12f7c', 11, 1.074),
  ('bb306044-8bba-51ef-9392-1f36a5d12f7c', 12, 1.094),
  ('bb306044-8bba-51ef-9392-1f36a5d12f7c', 13, 1.102),
  ('bb306044-8bba-51ef-9392-1f36a5d12f7c', 14, 1.135),
  ('bb306044-8bba-51ef-9392-1f36a5d12f7c', 15, 1.153),
  ('bb306044-8bba-51ef-9392-1f36a5d12f7c', 16, 1.146),
  ('bb306044-8bba-51ef-9392-1f36a5d12f7c', 17, 1.148),
  ('bb306044-8bba-51ef-9392-1f36a5d12f7c', 18, 1.149),
  ('bb306044-8bba-51ef-9392-1f36a5d12f7c', 19, 1.15),
  ('bb306044-8bba-51ef-9392-1f36a5d12f7c', 20, 1.149),
  ('bb306044-8bba-51ef-9392-1f36a5d12f7c', 21, 1.15),
  ('bb306044-8bba-51ef-9392-1f36a5d12f7c', 22, 1.171),
  ('bb306044-8bba-51ef-9392-1f36a5d12f7c', 23, 1.174),
  ('bb306044-8bba-51ef-9392-1f36a5d12f7c', 24, 1.174),
  ('3678b90f-c95e-50b1-a5f4-f9de0df5c152', 0, 0.375),
  ('3678b90f-c95e-50b1-a5f4-f9de0df5c152', 1, 0.461),
  ('3678b90f-c95e-50b1-a5f4-f9de0df5c152', 2, 0.578),
  ('3678b90f-c95e-50b1-a5f4-f9de0df5c152', 3, 0.67),
  ('3678b90f-c95e-50b1-a5f4-f9de0df5c152', 4, 0.756),
  ('3678b90f-c95e-50b1-a5f4-f9de0df5c152', 5, 0.832),
  ('3678b90f-c95e-50b1-a5f4-f9de0df5c152', 6, 0.894),
  ('3678b90f-c95e-50b1-a5f4-f9de0df5c152', 7, 0.955),
  ('3678b90f-c95e-50b1-a5f4-f9de0df5c152', 8, 0.992),
  ('3678b90f-c95e-50b1-a5f4-f9de0df5c152', 9, 1.03),
  ('3678b90f-c95e-50b1-a5f4-f9de0df5c152', 10, 1.055),
  ('3678b90f-c95e-50b1-a5f4-f9de0df5c152', 11, 1.078),
  ('3678b90f-c95e-50b1-a5f4-f9de0df5c152', 12, 1.09),
  ('3678b90f-c95e-50b1-a5f4-f9de0df5c152', 13, 1.112),
  ('3678b90f-c95e-50b1-a5f4-f9de0df5c152', 14, 1.128),
  ('3678b90f-c95e-50b1-a5f4-f9de0df5c152', 15, 1.142),
  ('3678b90f-c95e-50b1-a5f4-f9de0df5c152', 16, 1.151),
  ('3678b90f-c95e-50b1-a5f4-f9de0df5c152', 17, 1.148),
  ('3678b90f-c95e-50b1-a5f4-f9de0df5c152', 18, 1.154),
  ('3678b90f-c95e-50b1-a5f4-f9de0df5c152', 19, 1.157),
  ('3678b90f-c95e-50b1-a5f4-f9de0df5c152', 20, 1.163),
  ('3678b90f-c95e-50b1-a5f4-f9de0df5c152', 21, 1.165),
  ('3678b90f-c95e-50b1-a5f4-f9de0df5c152', 22, 1.161),
  ('3678b90f-c95e-50b1-a5f4-f9de0df5c152', 23, 1.16),
  ('3678b90f-c95e-50b1-a5f4-f9de0df5c152', 24, 1.161),
  ('c2fa8623-ab0b-5ee9-92dc-2d36be6eb86c', 0, 0.342),
  ('c2fa8623-ab0b-5ee9-92dc-2d36be6eb86c', 1, 0.454),
  ('c2fa8623-ab0b-5ee9-92dc-2d36be6eb86c', 2, 0.555),
  ('c2fa8623-ab0b-5ee9-92dc-2d36be6eb86c', 3, 0.672),
  ('c2fa8623-ab0b-5ee9-92dc-2d36be6eb86c', 4, 0.751),
  ('c2fa8623-ab0b-5ee9-92dc-2d36be6eb86c', 5, 0.833),
  ('c2fa8623-ab0b-5ee9-92dc-2d36be6eb86c', 6, 0.884),
  ('c2fa8623-ab0b-5ee9-92dc-2d36be6eb86c', 7, 0.944),
  ('c2fa8623-ab0b-5ee9-92dc-2d36be6eb86c', 8, 0.983),
  ('c2fa8623-ab0b-5ee9-92dc-2d36be6eb86c', 9, 1.018),
  ('c2fa8623-ab0b-5ee9-92dc-2d36be6eb86c', 10, 1.035),
  ('c2fa8623-ab0b-5ee9-92dc-2d36be6eb86c', 11, 1.065),
  ('c2fa8623-ab0b-5ee9-92dc-2d36be6eb86c', 12, 1.078),
  ('c2fa8623-ab0b-5ee9-92dc-2d36be6eb86c', 13, 1.096),
  ('c2fa8623-ab0b-5ee9-92dc-2d36be6eb86c', 14, 1.111),
  ('c2fa8623-ab0b-5ee9-92dc-2d36be6eb86c', 15, 1.125),
  ('c2fa8623-ab0b-5ee9-92dc-2d36be6eb86c', 16, 1.128),
  ('c2fa8623-ab0b-5ee9-92dc-2d36be6eb86c', 17, 1.128),
  ('c2fa8623-ab0b-5ee9-92dc-2d36be6eb86c', 18, 1.131),
  ('c2fa8623-ab0b-5ee9-92dc-2d36be6eb86c', 19, 1.132),
  ('c2fa8623-ab0b-5ee9-92dc-2d36be6eb86c', 20, 1.129),
  ('c2fa8623-ab0b-5ee9-92dc-2d36be6eb86c', 21, 1.137),
  ('c2fa8623-ab0b-5ee9-92dc-2d36be6eb86c', 22, 1.15),
  ('c2fa8623-ab0b-5ee9-92dc-2d36be6eb86c', 23, 1.153),
  ('c2fa8623-ab0b-5ee9-92dc-2d36be6eb86c', 24, 1.156),
  ('67d36769-26c8-5eba-9617-8e746d8c1732', 0, 0.356),
  ('67d36769-26c8-5eba-9617-8e746d8c1732', 1, 0.463),
  ('67d36769-26c8-5eba-9617-8e746d8c1732', 2, 0.573),
  ('67d36769-26c8-5eba-9617-8e746d8c1732', 3, 0.666),
  ('67d36769-26c8-5eba-9617-8e746d8c1732', 4, 0.757),
  ('67d36769-26c8-5eba-9617-8e746d8c1732', 5, 0.846),
  ('67d36769-26c8-5eba-9617-8e746d8c1732', 6, 0.893),
  ('67d36769-26c8-5eba-9617-8e746d8c1732', 7, 0.948),
  ('67d36769-26c8-5eba-9617-8e746d8c1732', 8, 0.995),
  ('67d36769-26c8-5eba-9617-8e746d8c1732', 9, 1.026),
  ('67d36769-26c8-5eba-9617-8e746d8c1732', 10, 1.048),
  ('67d36769-26c8-5eba-9617-8e746d8c1732', 11, 1.079),
  ('67d36769-26c8-5eba-9617-8e746d8c1732', 12, 1.098),
  ('67d36769-26c8-5eba-9617-8e746d8c1732', 13, 1.108),
  ('67d36769-26c8-5eba-9617-8e746d8c1732', 14, 1.127),
  ('67d36769-26c8-5eba-9617-8e746d8c1732', 15, 1.136),
  ('67d36769-26c8-5eba-9617-8e746d8c1732', 16, 1.14),
  ('67d36769-26c8-5eba-9617-8e746d8c1732', 17, 1.144),
  ('67d36769-26c8-5eba-9617-8e746d8c1732', 18, 1.154),
  ('67d36769-26c8-5eba-9617-8e746d8c1732', 19, 1.164),
  ('67d36769-26c8-5eba-9617-8e746d8c1732', 20, 1.163),
  ('67d36769-26c8-5eba-9617-8e746d8c1732', 21, 1.173),
  ('67d36769-26c8-5eba-9617-8e746d8c1732', 22, 1.18),
  ('67d36769-26c8-5eba-9617-8e746d8c1732', 23, 1.175),
  ('67d36769-26c8-5eba-9617-8e746d8c1732', 24, 1.183),
  ('323f1284-cbe1-5fb5-a303-7b6c0485b2b8', 0, 0.361),
  ('323f1284-cbe1-5fb5-a303-7b6c0485b2b8', 1, 0.464),
  ('323f1284-cbe1-5fb5-a303-7b6c0485b2b8', 2, 0.57),
  ('323f1284-cbe1-5fb5-a303-7b6c0485b2b8', 3, 0.67),
  ('323f1284-cbe1-5fb5-a303-7b6c0485b2b8', 4, 0.752),
  ('323f1284-cbe1-5fb5-a303-7b6c0485b2b8', 5, 0.835),
  ('323f1284-cbe1-5fb5-a303-7b6c0485b2b8', 6, 0.898),
  ('323f1284-cbe1-5fb5-a303-7b6c0485b2b8', 7, 0.954),
  ('323f1284-cbe1-5fb5-a303-7b6c0485b2b8', 8, 0.994),
  ('323f1284-cbe1-5fb5-a303-7b6c0485b2b8', 9, 1.028),
  ('323f1284-cbe1-5fb5-a303-7b6c0485b2b8', 10, 1.056),
  ('323f1284-cbe1-5fb5-a303-7b6c0485b2b8', 11, 1.081),
  ('323f1284-cbe1-5fb5-a303-7b6c0485b2b8', 12, 1.096),
  ('323f1284-cbe1-5fb5-a303-7b6c0485b2b8', 13, 1.115),
  ('323f1284-cbe1-5fb5-a303-7b6c0485b2b8', 14, 1.127),
  ('323f1284-cbe1-5fb5-a303-7b6c0485b2b8', 15, 1.138),
  ('323f1284-cbe1-5fb5-a303-7b6c0485b2b8', 16, 1.142),
  ('323f1284-cbe1-5fb5-a303-7b6c0485b2b8', 17, 1.161),
  ('323f1284-cbe1-5fb5-a303-7b6c0485b2b8', 18, 1.163),
  ('323f1284-cbe1-5fb5-a303-7b6c0485b2b8', 19, 1.163),
  ('323f1284-cbe1-5fb5-a303-7b6c0485b2b8', 20, 1.16),
  ('323f1284-cbe1-5fb5-a303-7b6c0485b2b8', 21, 1.165),
  ('323f1284-cbe1-5fb5-a303-7b6c0485b2b8', 22, 1.178),
  ('323f1284-cbe1-5fb5-a303-7b6c0485b2b8', 23, 1.175),
  ('323f1284-cbe1-5fb5-a303-7b6c0485b2b8', 24, 1.166),
  ('1d33fd05-a6aa-5626-ab5a-8db40d3ed654', 0, 0.376),
  ('1d33fd05-a6aa-5626-ab5a-8db40d3ed654', 1, 0.466),
  ('1d33fd05-a6aa-5626-ab5a-8db40d3ed654', 2, 0.576),
  ('1d33fd05-a6aa-5626-ab5a-8db40d3ed654', 3, 0.68),
  ('1d33fd05-a6aa-5626-ab5a-8db40d3ed654', 4, 0.766),
  ('1d33fd05-a6aa-5626-ab5a-8db40d3ed654', 5, 0.833),
  ('1d33fd05-a6aa-5626-ab5a-8db40d3ed654', 6, 0.899),
  ('1d33fd05-a6aa-5626-ab5a-8db40d3ed654', 7, 0.95),
  ('1d33fd05-a6aa-5626-ab5a-8db40d3ed654', 8, 1.0),
  ('1d33fd05-a6aa-5626-ab5a-8db40d3ed654', 9, 1.027),
  ('1d33fd05-a6aa-5626-ab5a-8db40d3ed654', 10, 1.061),
  ('1d33fd05-a6aa-5626-ab5a-8db40d3ed654', 11, 1.086),
  ('1d33fd05-a6aa-5626-ab5a-8db40d3ed654', 12, 1.099),
  ('1d33fd05-a6aa-5626-ab5a-8db40d3ed654', 13, 1.114),
  ('1d33fd05-a6aa-5626-ab5a-8db40d3ed654', 14, 1.128),
  ('1d33fd05-a6aa-5626-ab5a-8db40d3ed654', 15, 1.137),
  ('1d33fd05-a6aa-5626-ab5a-8db40d3ed654', 16, 1.149),
  ('1d33fd05-a6aa-5626-ab5a-8db40d3ed654', 17, 1.149),
  ('1d33fd05-a6aa-5626-ab5a-8db40d3ed654', 18, 1.154),
  ('1d33fd05-a6aa-5626-ab5a-8db40d3ed654', 19, 1.152),
  ('1d33fd05-a6aa-5626-ab5a-8db40d3ed654', 20, 1.159),
  ('1d33fd05-a6aa-5626-ab5a-8db40d3ed654', 21, 1.171),
  ('1d33fd05-a6aa-5626-ab5a-8db40d3ed654', 22, 1.155),
  ('1d33fd05-a6aa-5626-ab5a-8db40d3ed654', 23, 1.154),
  ('1d33fd05-a6aa-5626-ab5a-8db40d3ed654', 24, 1.183),
  ('24052750-28cf-5894-a405-a8f2b64e4e4f', 0, 0.363),
  ('24052750-28cf-5894-a405-a8f2b64e4e4f', 1, 0.466),
  ('24052750-28cf-5894-a405-a8f2b64e4e4f', 2, 0.572),
  ('24052750-28cf-5894-a405-a8f2b64e4e4f', 3, 0.667),
  ('24052750-28cf-5894-a405-a8f2b64e4e4f', 4, 0.757),
  ('24052750-28cf-5894-a405-a8f2b64e4e4f', 5, 0.834),
  ('24052750-28cf-5894-a405-a8f2b64e4e4f', 6, 0.897),
  ('24052750-28cf-5894-a405-a8f2b64e4e4f', 7, 0.95),
  ('24052750-28cf-5894-a405-a8f2b64e4e4f', 8, 1.003),
  ('24052750-28cf-5894-a405-a8f2b64e4e4f', 9, 1.032),
  ('24052750-28cf-5894-a405-a8f2b64e4e4f', 10, 1.061),
  ('24052750-28cf-5894-a405-a8f2b64e4e4f', 11, 1.078),
  ('24052750-28cf-5894-a405-a8f2b64e4e4f', 12, 1.098),
  ('24052750-28cf-5894-a405-a8f2b64e4e4f', 13, 1.113),
  ('24052750-28cf-5894-a405-a8f2b64e4e4f', 14, 1.131),
  ('24052750-28cf-5894-a405-a8f2b64e4e4f', 15, 1.142),
  ('24052750-28cf-5894-a405-a8f2b64e4e4f', 16, 1.15),
  ('24052750-28cf-5894-a405-a8f2b64e4e4f', 17, 1.148),
  ('24052750-28cf-5894-a405-a8f2b64e4e4f', 18, 1.15),
  ('24052750-28cf-5894-a405-a8f2b64e4e4f', 19, 1.154),
  ('24052750-28cf-5894-a405-a8f2b64e4e4f', 20, 1.147),
  ('24052750-28cf-5894-a405-a8f2b64e4e4f', 21, 1.167),
  ('24052750-28cf-5894-a405-a8f2b64e4e4f', 22, 1.17),
  ('24052750-28cf-5894-a405-a8f2b64e4e4f', 23, 1.166),
  ('24052750-28cf-5894-a405-a8f2b64e4e4f', 24, 1.167),
  ('fbefad9b-0535-5cfd-a409-6612d10c37ac', 0, 0.367),
  ('fbefad9b-0535-5cfd-a409-6612d10c37ac', 1, 0.447),
  ('fbefad9b-0535-5cfd-a409-6612d10c37ac', 2, 0.554),
  ('fbefad9b-0535-5cfd-a409-6612d10c37ac', 3, 0.652),
  ('fbefad9b-0535-5cfd-a409-6612d10c37ac', 4, 0.745),
  ('fbefad9b-0535-5cfd-a409-6612d10c37ac', 5, 0.825),
  ('fbefad9b-0535-5cfd-a409-6612d10c37ac', 6, 0.883),
  ('fbefad9b-0535-5cfd-a409-6612d10c37ac', 7, 0.936),
  ('fbefad9b-0535-5cfd-a409-6612d10c37ac', 8, 0.986),
  ('fbefad9b-0535-5cfd-a409-6612d10c37ac', 9, 1.008),
  ('fbefad9b-0535-5cfd-a409-6612d10c37ac', 10, 1.036),
  ('fbefad9b-0535-5cfd-a409-6612d10c37ac', 11, 1.061),
  ('fbefad9b-0535-5cfd-a409-6612d10c37ac', 12, 1.074),
  ('fbefad9b-0535-5cfd-a409-6612d10c37ac', 13, 1.093),
  ('fbefad9b-0535-5cfd-a409-6612d10c37ac', 14, 1.106),
  ('fbefad9b-0535-5cfd-a409-6612d10c37ac', 15, 1.122),
  ('fbefad9b-0535-5cfd-a409-6612d10c37ac', 16, 1.134),
  ('fbefad9b-0535-5cfd-a409-6612d10c37ac', 17, 1.135),
  ('fbefad9b-0535-5cfd-a409-6612d10c37ac', 18, 1.14),
  ('fbefad9b-0535-5cfd-a409-6612d10c37ac', 19, 1.135),
  ('fbefad9b-0535-5cfd-a409-6612d10c37ac', 20, 1.14),
  ('fbefad9b-0535-5cfd-a409-6612d10c37ac', 21, 1.154),
  ('fbefad9b-0535-5cfd-a409-6612d10c37ac', 22, 1.15),
  ('fbefad9b-0535-5cfd-a409-6612d10c37ac', 23, 1.136),
  ('fbefad9b-0535-5cfd-a409-6612d10c37ac', 24, 1.147),
  ('6765486e-5f60-5b58-b058-b23b9083730a', 0, 0.371),
  ('6765486e-5f60-5b58-b058-b23b9083730a', 1, 0.465),
  ('6765486e-5f60-5b58-b058-b23b9083730a', 2, 0.578),
  ('6765486e-5f60-5b58-b058-b23b9083730a', 3, 0.675),
  ('6765486e-5f60-5b58-b058-b23b9083730a', 4, 0.768),
  ('6765486e-5f60-5b58-b058-b23b9083730a', 5, 0.84),
  ('6765486e-5f60-5b58-b058-b23b9083730a', 6, 0.9),
  ('6765486e-5f60-5b58-b058-b23b9083730a', 7, 0.956),
  ('6765486e-5f60-5b58-b058-b23b9083730a', 8, 1.001),
  ('6765486e-5f60-5b58-b058-b23b9083730a', 9, 1.028),
  ('6765486e-5f60-5b58-b058-b23b9083730a', 10, 1.071),
  ('6765486e-5f60-5b58-b058-b23b9083730a', 11, 1.085),
  ('6765486e-5f60-5b58-b058-b23b9083730a', 12, 1.097),
  ('6765486e-5f60-5b58-b058-b23b9083730a', 13, 1.115),
  ('6765486e-5f60-5b58-b058-b23b9083730a', 14, 1.132),
  ('6765486e-5f60-5b58-b058-b23b9083730a', 15, 1.15),
  ('6765486e-5f60-5b58-b058-b23b9083730a', 16, 1.158),
  ('6765486e-5f60-5b58-b058-b23b9083730a', 17, 1.156),
  ('6765486e-5f60-5b58-b058-b23b9083730a', 18, 1.153),
  ('6765486e-5f60-5b58-b058-b23b9083730a', 19, 1.16),
  ('6765486e-5f60-5b58-b058-b23b9083730a', 20, 1.155),
  ('6765486e-5f60-5b58-b058-b23b9083730a', 21, 1.164),
  ('6765486e-5f60-5b58-b058-b23b9083730a', 22, 1.179),
  ('6765486e-5f60-5b58-b058-b23b9083730a', 23, 1.171),
  ('6765486e-5f60-5b58-b058-b23b9083730a', 24, 1.176),
  ('6c35341a-13b4-59ee-b73a-904e8ee01f7b', 0, 0.356),
  ('6c35341a-13b4-59ee-b73a-904e8ee01f7b', 1, 0.457),
  ('6c35341a-13b4-59ee-b73a-904e8ee01f7b', 2, 0.577),
  ('6c35341a-13b4-59ee-b73a-904e8ee01f7b', 3, 0.669),
  ('6c35341a-13b4-59ee-b73a-904e8ee01f7b', 4, 0.762),
  ('6c35341a-13b4-59ee-b73a-904e8ee01f7b', 5, 0.844),
  ('6c35341a-13b4-59ee-b73a-904e8ee01f7b', 6, 0.894),
  ('6c35341a-13b4-59ee-b73a-904e8ee01f7b', 7, 0.951),
  ('6c35341a-13b4-59ee-b73a-904e8ee01f7b', 8, 0.993),
  ('6c35341a-13b4-59ee-b73a-904e8ee01f7b', 9, 1.025),
  ('6c35341a-13b4-59ee-b73a-904e8ee01f7b', 10, 1.051),
  ('6c35341a-13b4-59ee-b73a-904e8ee01f7b', 11, 1.081),
  ('6c35341a-13b4-59ee-b73a-904e8ee01f7b', 12, 1.101),
  ('6c35341a-13b4-59ee-b73a-904e8ee01f7b', 13, 1.11),
  ('6c35341a-13b4-59ee-b73a-904e8ee01f7b', 14, 1.129),
  ('6c35341a-13b4-59ee-b73a-904e8ee01f7b', 15, 1.143),
  ('6c35341a-13b4-59ee-b73a-904e8ee01f7b', 16, 1.155),
  ('6c35341a-13b4-59ee-b73a-904e8ee01f7b', 17, 1.155),
  ('6c35341a-13b4-59ee-b73a-904e8ee01f7b', 18, 1.16),
  ('6c35341a-13b4-59ee-b73a-904e8ee01f7b', 19, 1.166),
  ('6c35341a-13b4-59ee-b73a-904e8ee01f7b', 20, 1.161),
  ('6c35341a-13b4-59ee-b73a-904e8ee01f7b', 21, 1.169),
  ('6c35341a-13b4-59ee-b73a-904e8ee01f7b', 22, 1.175),
  ('6c35341a-13b4-59ee-b73a-904e8ee01f7b', 23, 1.162),
  ('6c35341a-13b4-59ee-b73a-904e8ee01f7b', 24, 1.174),
  ('5300835a-0fc6-59d4-a84e-f7158ba8d07b', 0, 0.346),
  ('5300835a-0fc6-59d4-a84e-f7158ba8d07b', 1, 0.461),
  ('5300835a-0fc6-59d4-a84e-f7158ba8d07b', 2, 0.563),
  ('5300835a-0fc6-59d4-a84e-f7158ba8d07b', 3, 0.663),
  ('5300835a-0fc6-59d4-a84e-f7158ba8d07b', 4, 0.749),
  ('5300835a-0fc6-59d4-a84e-f7158ba8d07b', 5, 0.835),
  ('5300835a-0fc6-59d4-a84e-f7158ba8d07b', 6, 0.888),
  ('5300835a-0fc6-59d4-a84e-f7158ba8d07b', 7, 0.947),
  ('5300835a-0fc6-59d4-a84e-f7158ba8d07b', 8, 0.992),
  ('5300835a-0fc6-59d4-a84e-f7158ba8d07b', 9, 1.025),
  ('5300835a-0fc6-59d4-a84e-f7158ba8d07b', 10, 1.044),
  ('5300835a-0fc6-59d4-a84e-f7158ba8d07b', 11, 1.072),
  ('5300835a-0fc6-59d4-a84e-f7158ba8d07b', 12, 1.095),
  ('5300835a-0fc6-59d4-a84e-f7158ba8d07b', 13, 1.113),
  ('5300835a-0fc6-59d4-a84e-f7158ba8d07b', 14, 1.134),
  ('5300835a-0fc6-59d4-a84e-f7158ba8d07b', 15, 1.145),
  ('5300835a-0fc6-59d4-a84e-f7158ba8d07b', 16, 1.154),
  ('5300835a-0fc6-59d4-a84e-f7158ba8d07b', 17, 1.166),
  ('5300835a-0fc6-59d4-a84e-f7158ba8d07b', 18, 1.164),
  ('5300835a-0fc6-59d4-a84e-f7158ba8d07b', 19, 1.16),
  ('5300835a-0fc6-59d4-a84e-f7158ba8d07b', 20, 1.157),
  ('5300835a-0fc6-59d4-a84e-f7158ba8d07b', 21, 1.179),
  ('5300835a-0fc6-59d4-a84e-f7158ba8d07b', 22, 1.183),
  ('5300835a-0fc6-59d4-a84e-f7158ba8d07b', 23, 1.184),
  ('5300835a-0fc6-59d4-a84e-f7158ba8d07b', 24, 1.201),
  ('afe64059-dcca-5516-979d-f466665ea9f6', 0, 0.359),
  ('afe64059-dcca-5516-979d-f466665ea9f6', 1, 0.47),
  ('afe64059-dcca-5516-979d-f466665ea9f6', 2, 0.589),
  ('afe64059-dcca-5516-979d-f466665ea9f6', 3, 0.682),
  ('afe64059-dcca-5516-979d-f466665ea9f6', 4, 0.761),
  ('afe64059-dcca-5516-979d-f466665ea9f6', 5, 0.832),
  ('afe64059-dcca-5516-979d-f466665ea9f6', 6, 0.889),
  ('afe64059-dcca-5516-979d-f466665ea9f6', 7, 0.95),
  ('afe64059-dcca-5516-979d-f466665ea9f6', 8, 0.993),
  ('afe64059-dcca-5516-979d-f466665ea9f6', 9, 1.023),
  ('afe64059-dcca-5516-979d-f466665ea9f6', 10, 1.042),
  ('afe64059-dcca-5516-979d-f466665ea9f6', 11, 1.078),
  ('afe64059-dcca-5516-979d-f466665ea9f6', 12, 1.092),
  ('afe64059-dcca-5516-979d-f466665ea9f6', 13, 1.105),
  ('afe64059-dcca-5516-979d-f466665ea9f6', 14, 1.124),
  ('afe64059-dcca-5516-979d-f466665ea9f6', 15, 1.142),
  ('afe64059-dcca-5516-979d-f466665ea9f6', 16, 1.136),
  ('afe64059-dcca-5516-979d-f466665ea9f6', 17, 1.167),
  ('afe64059-dcca-5516-979d-f466665ea9f6', 18, 1.163),
  ('afe64059-dcca-5516-979d-f466665ea9f6', 19, 1.177),
  ('afe64059-dcca-5516-979d-f466665ea9f6', 20, 1.179),
  ('afe64059-dcca-5516-979d-f466665ea9f6', 21, 1.143),
  ('afe64059-dcca-5516-979d-f466665ea9f6', 22, 1.144),
  ('afe64059-dcca-5516-979d-f466665ea9f6', 23, 1.168),
  ('afe64059-dcca-5516-979d-f466665ea9f6', 24, 1.182),
  ('5f791910-ae2e-5cf5-ab78-4bf6e32e5d7f', 0, 0.349),
  ('5f791910-ae2e-5cf5-ab78-4bf6e32e5d7f', 1, 0.457),
  ('5f791910-ae2e-5cf5-ab78-4bf6e32e5d7f', 2, 0.568),
  ('5f791910-ae2e-5cf5-ab78-4bf6e32e5d7f', 3, 0.662),
  ('5f791910-ae2e-5cf5-ab78-4bf6e32e5d7f', 4, 0.751),
  ('5f791910-ae2e-5cf5-ab78-4bf6e32e5d7f', 5, 0.829),
  ('5f791910-ae2e-5cf5-ab78-4bf6e32e5d7f', 6, 0.892),
  ('5f791910-ae2e-5cf5-ab78-4bf6e32e5d7f', 7, 0.949),
  ('5f791910-ae2e-5cf5-ab78-4bf6e32e5d7f', 8, 0.991),
  ('5f791910-ae2e-5cf5-ab78-4bf6e32e5d7f', 9, 1.025),
  ('5f791910-ae2e-5cf5-ab78-4bf6e32e5d7f', 10, 1.058),
  ('5f791910-ae2e-5cf5-ab78-4bf6e32e5d7f', 11, 1.08),
  ('5f791910-ae2e-5cf5-ab78-4bf6e32e5d7f', 12, 1.088),
  ('5f791910-ae2e-5cf5-ab78-4bf6e32e5d7f', 13, 1.103),
  ('5f791910-ae2e-5cf5-ab78-4bf6e32e5d7f', 14, 1.129),
  ('5f791910-ae2e-5cf5-ab78-4bf6e32e5d7f', 15, 1.161),
  ('5f791910-ae2e-5cf5-ab78-4bf6e32e5d7f', 16, 1.144),
  ('5f791910-ae2e-5cf5-ab78-4bf6e32e5d7f', 17, 1.15),
  ('5f791910-ae2e-5cf5-ab78-4bf6e32e5d7f', 18, 1.151),
  ('5f791910-ae2e-5cf5-ab78-4bf6e32e5d7f', 19, 1.152),
  ('5f791910-ae2e-5cf5-ab78-4bf6e32e5d7f', 20, 1.152),
  ('5f791910-ae2e-5cf5-ab78-4bf6e32e5d7f', 21, 1.155),
  ('5f791910-ae2e-5cf5-ab78-4bf6e32e5d7f', 22, 1.158),
  ('5f791910-ae2e-5cf5-ab78-4bf6e32e5d7f', 23, 1.166),
  ('5f791910-ae2e-5cf5-ab78-4bf6e32e5d7f', 24, 1.171),
  ('0b9d96d1-975a-5aee-b882-ee75d9624d74', 0, 0.363),
  ('0b9d96d1-975a-5aee-b882-ee75d9624d74', 1, 0.467),
  ('0b9d96d1-975a-5aee-b882-ee75d9624d74', 2, 0.577),
  ('0b9d96d1-975a-5aee-b882-ee75d9624d74', 3, 0.677),
  ('0b9d96d1-975a-5aee-b882-ee75d9624d74', 4, 0.765),
  ('0b9d96d1-975a-5aee-b882-ee75d9624d74', 5, 0.84),
  ('0b9d96d1-975a-5aee-b882-ee75d9624d74', 6, 0.902),
  ('0b9d96d1-975a-5aee-b882-ee75d9624d74', 7, 0.955),
  ('0b9d96d1-975a-5aee-b882-ee75d9624d74', 8, 1.003),
  ('0b9d96d1-975a-5aee-b882-ee75d9624d74', 9, 1.03),
  ('0b9d96d1-975a-5aee-b882-ee75d9624d74', 10, 1.063),
  ('0b9d96d1-975a-5aee-b882-ee75d9624d74', 11, 1.083),
  ('0b9d96d1-975a-5aee-b882-ee75d9624d74', 12, 1.093),
  ('0b9d96d1-975a-5aee-b882-ee75d9624d74', 13, 1.127),
  ('0b9d96d1-975a-5aee-b882-ee75d9624d74', 14, 1.135),
  ('0b9d96d1-975a-5aee-b882-ee75d9624d74', 15, 1.147),
  ('0b9d96d1-975a-5aee-b882-ee75d9624d74', 16, 1.145),
  ('0b9d96d1-975a-5aee-b882-ee75d9624d74', 17, 1.148),
  ('0b9d96d1-975a-5aee-b882-ee75d9624d74', 18, 1.152),
  ('0b9d96d1-975a-5aee-b882-ee75d9624d74', 19, 1.163),
  ('0b9d96d1-975a-5aee-b882-ee75d9624d74', 20, 1.15),
  ('0b9d96d1-975a-5aee-b882-ee75d9624d74', 21, 1.164),
  ('0b9d96d1-975a-5aee-b882-ee75d9624d74', 22, 1.17),
  ('0b9d96d1-975a-5aee-b882-ee75d9624d74', 23, 1.166),
  ('0b9d96d1-975a-5aee-b882-ee75d9624d74', 24, 1.178),
  ('11d1891c-97f7-5f4c-b327-de70d21f0af9', 0, 0.368),
  ('11d1891c-97f7-5f4c-b327-de70d21f0af9', 1, 0.467),
  ('11d1891c-97f7-5f4c-b327-de70d21f0af9', 2, 0.57),
  ('11d1891c-97f7-5f4c-b327-de70d21f0af9', 3, 0.667),
  ('11d1891c-97f7-5f4c-b327-de70d21f0af9', 4, 0.757),
  ('11d1891c-97f7-5f4c-b327-de70d21f0af9', 5, 0.843),
  ('11d1891c-97f7-5f4c-b327-de70d21f0af9', 6, 0.896),
  ('11d1891c-97f7-5f4c-b327-de70d21f0af9', 7, 0.95),
  ('11d1891c-97f7-5f4c-b327-de70d21f0af9', 8, 0.994),
  ('11d1891c-97f7-5f4c-b327-de70d21f0af9', 9, 1.023),
  ('11d1891c-97f7-5f4c-b327-de70d21f0af9', 10, 1.05),
  ('11d1891c-97f7-5f4c-b327-de70d21f0af9', 11, 1.075),
  ('11d1891c-97f7-5f4c-b327-de70d21f0af9', 12, 1.094),
  ('11d1891c-97f7-5f4c-b327-de70d21f0af9', 13, 1.115),
  ('11d1891c-97f7-5f4c-b327-de70d21f0af9', 14, 1.13),
  ('11d1891c-97f7-5f4c-b327-de70d21f0af9', 15, 1.146),
  ('11d1891c-97f7-5f4c-b327-de70d21f0af9', 16, 1.153),
  ('11d1891c-97f7-5f4c-b327-de70d21f0af9', 17, 1.149),
  ('11d1891c-97f7-5f4c-b327-de70d21f0af9', 18, 1.144),
  ('11d1891c-97f7-5f4c-b327-de70d21f0af9', 19, 1.152),
  ('11d1891c-97f7-5f4c-b327-de70d21f0af9', 20, 1.162),
  ('11d1891c-97f7-5f4c-b327-de70d21f0af9', 21, 1.167),
  ('11d1891c-97f7-5f4c-b327-de70d21f0af9', 22, 1.172),
  ('11d1891c-97f7-5f4c-b327-de70d21f0af9', 23, 1.178),
  ('11d1891c-97f7-5f4c-b327-de70d21f0af9', 24, 1.171),
  ('58713155-f7e5-5334-925e-11a819408845', 0, 0.363),
  ('58713155-f7e5-5334-925e-11a819408845', 1, 0.467),
  ('58713155-f7e5-5334-925e-11a819408845', 2, 0.577),
  ('58713155-f7e5-5334-925e-11a819408845', 3, 0.679),
  ('58713155-f7e5-5334-925e-11a819408845', 4, 0.761),
  ('58713155-f7e5-5334-925e-11a819408845', 5, 0.835),
  ('58713155-f7e5-5334-925e-11a819408845', 6, 0.9),
  ('58713155-f7e5-5334-925e-11a819408845', 7, 0.951),
  ('58713155-f7e5-5334-925e-11a819408845', 8, 0.995),
  ('58713155-f7e5-5334-925e-11a819408845', 9, 1.025),
  ('58713155-f7e5-5334-925e-11a819408845', 10, 1.054),
  ('58713155-f7e5-5334-925e-11a819408845', 11, 1.077),
  ('58713155-f7e5-5334-925e-11a819408845', 12, 1.093),
  ('58713155-f7e5-5334-925e-11a819408845', 13, 1.114),
  ('58713155-f7e5-5334-925e-11a819408845', 14, 1.132),
  ('58713155-f7e5-5334-925e-11a819408845', 15, 1.146),
  ('58713155-f7e5-5334-925e-11a819408845', 16, 1.154),
  ('58713155-f7e5-5334-925e-11a819408845', 17, 1.159),
  ('58713155-f7e5-5334-925e-11a819408845', 18, 1.182),
  ('58713155-f7e5-5334-925e-11a819408845', 19, 1.173),
  ('58713155-f7e5-5334-925e-11a819408845', 20, 1.171),
  ('58713155-f7e5-5334-925e-11a819408845', 21, 1.191),
  ('58713155-f7e5-5334-925e-11a819408845', 22, 1.178),
  ('58713155-f7e5-5334-925e-11a819408845', 23, 1.173),
  ('58713155-f7e5-5334-925e-11a819408845', 24, 1.187),
  ('a8072bfb-e60f-513b-991c-733b3ba25cf1', 0, 0.368),
  ('a8072bfb-e60f-513b-991c-733b3ba25cf1', 1, 0.496),
  ('a8072bfb-e60f-513b-991c-733b3ba25cf1', 2, 0.596),
  ('a8072bfb-e60f-513b-991c-733b3ba25cf1', 3, 0.691),
  ('a8072bfb-e60f-513b-991c-733b3ba25cf1', 4, 0.769),
  ('a8072bfb-e60f-513b-991c-733b3ba25cf1', 5, 0.842),
  ('a8072bfb-e60f-513b-991c-733b3ba25cf1', 6, 0.905),
  ('a8072bfb-e60f-513b-991c-733b3ba25cf1', 7, 0.954),
  ('a8072bfb-e60f-513b-991c-733b3ba25cf1', 8, 0.999),
  ('a8072bfb-e60f-513b-991c-733b3ba25cf1', 9, 1.028),
  ('a8072bfb-e60f-513b-991c-733b3ba25cf1', 10, 1.055),
  ('a8072bfb-e60f-513b-991c-733b3ba25cf1', 11, 1.085),
  ('a8072bfb-e60f-513b-991c-733b3ba25cf1', 12, 1.105),
  ('a8072bfb-e60f-513b-991c-733b3ba25cf1', 13, 1.115),
  ('a8072bfb-e60f-513b-991c-733b3ba25cf1', 14, 1.129),
  ('a8072bfb-e60f-513b-991c-733b3ba25cf1', 15, 1.146),
  ('a8072bfb-e60f-513b-991c-733b3ba25cf1', 16, 1.15),
  ('a8072bfb-e60f-513b-991c-733b3ba25cf1', 17, 1.15),
  ('a8072bfb-e60f-513b-991c-733b3ba25cf1', 18, 1.154),
  ('a8072bfb-e60f-513b-991c-733b3ba25cf1', 19, 1.16),
  ('a8072bfb-e60f-513b-991c-733b3ba25cf1', 20, 1.153),
  ('a8072bfb-e60f-513b-991c-733b3ba25cf1', 21, 1.15),
  ('a8072bfb-e60f-513b-991c-733b3ba25cf1', 22, 1.18),
  ('a8072bfb-e60f-513b-991c-733b3ba25cf1', 23, 1.174),
  ('a8072bfb-e60f-513b-991c-733b3ba25cf1', 24, 1.181),
  ('5e552dc2-b757-5608-bef5-f1d08dae4fe6', 0, 0.348),
  ('5e552dc2-b757-5608-bef5-f1d08dae4fe6', 1, 0.456),
  ('5e552dc2-b757-5608-bef5-f1d08dae4fe6', 2, 0.575),
  ('5e552dc2-b757-5608-bef5-f1d08dae4fe6', 3, 0.675),
  ('5e552dc2-b757-5608-bef5-f1d08dae4fe6', 4, 0.76),
  ('5e552dc2-b757-5608-bef5-f1d08dae4fe6', 5, 0.841),
  ('5e552dc2-b757-5608-bef5-f1d08dae4fe6', 6, 0.91),
  ('5e552dc2-b757-5608-bef5-f1d08dae4fe6', 7, 0.954),
  ('5e552dc2-b757-5608-bef5-f1d08dae4fe6', 8, 1.002),
  ('5e552dc2-b757-5608-bef5-f1d08dae4fe6', 9, 1.034),
  ('5e552dc2-b757-5608-bef5-f1d08dae4fe6', 10, 1.104),
  ('5e552dc2-b757-5608-bef5-f1d08dae4fe6', 11, 1.077),
  ('5e552dc2-b757-5608-bef5-f1d08dae4fe6', 12, 1.091),
  ('5e552dc2-b757-5608-bef5-f1d08dae4fe6', 13, 1.109),
  ('5e552dc2-b757-5608-bef5-f1d08dae4fe6', 14, 1.131),
  ('5e552dc2-b757-5608-bef5-f1d08dae4fe6', 15, 1.142),
  ('5e552dc2-b757-5608-bef5-f1d08dae4fe6', 16, 1.146),
  ('5e552dc2-b757-5608-bef5-f1d08dae4fe6', 17, 1.151),
  ('5e552dc2-b757-5608-bef5-f1d08dae4fe6', 18, 1.149),
  ('5e552dc2-b757-5608-bef5-f1d08dae4fe6', 19, 1.144),
  ('5e552dc2-b757-5608-bef5-f1d08dae4fe6', 20, 1.142),
  ('5e552dc2-b757-5608-bef5-f1d08dae4fe6', 21, 1.165),
  ('5e552dc2-b757-5608-bef5-f1d08dae4fe6', 22, 1.172),
  ('5e552dc2-b757-5608-bef5-f1d08dae4fe6', 23, 1.164),
  ('5e552dc2-b757-5608-bef5-f1d08dae4fe6', 24, 1.167),
  ('927a7e25-2a97-5e16-8617-978e64fece45', 0, 0.346),
  ('927a7e25-2a97-5e16-8617-978e64fece45', 1, 0.455),
  ('927a7e25-2a97-5e16-8617-978e64fece45', 2, 0.563),
  ('927a7e25-2a97-5e16-8617-978e64fece45', 3, 0.658),
  ('927a7e25-2a97-5e16-8617-978e64fece45', 4, 0.752),
  ('927a7e25-2a97-5e16-8617-978e64fece45', 5, 0.839),
  ('927a7e25-2a97-5e16-8617-978e64fece45', 6, 0.901),
  ('927a7e25-2a97-5e16-8617-978e64fece45', 7, 0.953),
  ('927a7e25-2a97-5e16-8617-978e64fece45', 8, 0.994),
  ('927a7e25-2a97-5e16-8617-978e64fece45', 9, 1.023),
  ('927a7e25-2a97-5e16-8617-978e64fece45', 10, 1.057),
  ('927a7e25-2a97-5e16-8617-978e64fece45', 11, 1.076),
  ('927a7e25-2a97-5e16-8617-978e64fece45', 12, 1.093),
  ('927a7e25-2a97-5e16-8617-978e64fece45', 13, 1.106),
  ('927a7e25-2a97-5e16-8617-978e64fece45', 14, 1.124),
  ('927a7e25-2a97-5e16-8617-978e64fece45', 15, 1.138),
  ('927a7e25-2a97-5e16-8617-978e64fece45', 16, 1.145),
  ('927a7e25-2a97-5e16-8617-978e64fece45', 17, 1.163),
  ('927a7e25-2a97-5e16-8617-978e64fece45', 18, 1.154),
  ('927a7e25-2a97-5e16-8617-978e64fece45', 19, 1.156),
  ('927a7e25-2a97-5e16-8617-978e64fece45', 20, 1.168),
  ('927a7e25-2a97-5e16-8617-978e64fece45', 21, 1.165),
  ('927a7e25-2a97-5e16-8617-978e64fece45', 22, 1.169),
  ('927a7e25-2a97-5e16-8617-978e64fece45', 23, 1.177),
  ('927a7e25-2a97-5e16-8617-978e64fece45', 24, 1.177),
  ('9ca2b4d7-2685-5706-95c4-ed629d6bdda1', 0, 0.357),
  ('9ca2b4d7-2685-5706-95c4-ed629d6bdda1', 1, 0.463),
  ('9ca2b4d7-2685-5706-95c4-ed629d6bdda1', 2, 0.572),
  ('9ca2b4d7-2685-5706-95c4-ed629d6bdda1', 3, 0.67),
  ('9ca2b4d7-2685-5706-95c4-ed629d6bdda1', 4, 0.76),
  ('9ca2b4d7-2685-5706-95c4-ed629d6bdda1', 5, 0.833),
  ('9ca2b4d7-2685-5706-95c4-ed629d6bdda1', 6, 0.89),
  ('9ca2b4d7-2685-5706-95c4-ed629d6bdda1', 7, 0.947),
  ('9ca2b4d7-2685-5706-95c4-ed629d6bdda1', 8, 0.994),
  ('9ca2b4d7-2685-5706-95c4-ed629d6bdda1', 9, 1.025),
  ('9ca2b4d7-2685-5706-95c4-ed629d6bdda1', 10, 1.057),
  ('9ca2b4d7-2685-5706-95c4-ed629d6bdda1', 11, 1.074),
  ('9ca2b4d7-2685-5706-95c4-ed629d6bdda1', 12, 1.09),
  ('9ca2b4d7-2685-5706-95c4-ed629d6bdda1', 13, 1.111),
  ('9ca2b4d7-2685-5706-95c4-ed629d6bdda1', 14, 1.122),
  ('9ca2b4d7-2685-5706-95c4-ed629d6bdda1', 15, 1.135),
  ('9ca2b4d7-2685-5706-95c4-ed629d6bdda1', 16, 1.139),
  ('9ca2b4d7-2685-5706-95c4-ed629d6bdda1', 17, 1.157),
  ('9ca2b4d7-2685-5706-95c4-ed629d6bdda1', 18, 1.156),
  ('9ca2b4d7-2685-5706-95c4-ed629d6bdda1', 19, 1.153),
  ('9ca2b4d7-2685-5706-95c4-ed629d6bdda1', 20, 1.155),
  ('9ca2b4d7-2685-5706-95c4-ed629d6bdda1', 21, 1.169),
  ('9ca2b4d7-2685-5706-95c4-ed629d6bdda1', 22, 1.164),
  ('9ca2b4d7-2685-5706-95c4-ed629d6bdda1', 23, 1.324),
  ('9ca2b4d7-2685-5706-95c4-ed629d6bdda1', 24, 1.262),
  ('9659cac2-04a8-59a6-8af8-cbc80b0cc8db', 0, 0.345),
  ('9659cac2-04a8-59a6-8af8-cbc80b0cc8db', 1, 0.451),
  ('9659cac2-04a8-59a6-8af8-cbc80b0cc8db', 2, 0.565),
  ('9659cac2-04a8-59a6-8af8-cbc80b0cc8db', 3, 0.663),
  ('9659cac2-04a8-59a6-8af8-cbc80b0cc8db', 4, 0.751),
  ('9659cac2-04a8-59a6-8af8-cbc80b0cc8db', 5, 0.829),
  ('9659cac2-04a8-59a6-8af8-cbc80b0cc8db', 6, 0.889),
  ('9659cac2-04a8-59a6-8af8-cbc80b0cc8db', 7, 0.945),
  ('9659cac2-04a8-59a6-8af8-cbc80b0cc8db', 8, 0.988),
  ('9659cac2-04a8-59a6-8af8-cbc80b0cc8db', 9, 1.019),
  ('9659cac2-04a8-59a6-8af8-cbc80b0cc8db', 10, 1.046),
  ('9659cac2-04a8-59a6-8af8-cbc80b0cc8db', 11, 1.074),
  ('9659cac2-04a8-59a6-8af8-cbc80b0cc8db', 12, 1.089),
  ('9659cac2-04a8-59a6-8af8-cbc80b0cc8db', 13, 1.106),
  ('9659cac2-04a8-59a6-8af8-cbc80b0cc8db', 14, 1.125),
  ('9659cac2-04a8-59a6-8af8-cbc80b0cc8db', 15, 1.138),
  ('9659cac2-04a8-59a6-8af8-cbc80b0cc8db', 16, 1.142),
  ('9659cac2-04a8-59a6-8af8-cbc80b0cc8db', 17, 1.144),
  ('9659cac2-04a8-59a6-8af8-cbc80b0cc8db', 18, 1.144),
  ('9659cac2-04a8-59a6-8af8-cbc80b0cc8db', 19, 1.146),
  ('9659cac2-04a8-59a6-8af8-cbc80b0cc8db', 20, 1.145),
  ('9659cac2-04a8-59a6-8af8-cbc80b0cc8db', 21, 1.159),
  ('9659cac2-04a8-59a6-8af8-cbc80b0cc8db', 22, 1.161),
  ('9659cac2-04a8-59a6-8af8-cbc80b0cc8db', 23, 1.162),
  ('9659cac2-04a8-59a6-8af8-cbc80b0cc8db', 24, 1.157),
  ('1ae4cbb4-6707-5c6a-aaf0-7202fac8e75f', 0, 0.358),
  ('1ae4cbb4-6707-5c6a-aaf0-7202fac8e75f', 1, 0.466),
  ('1ae4cbb4-6707-5c6a-aaf0-7202fac8e75f', 2, 0.577),
  ('1ae4cbb4-6707-5c6a-aaf0-7202fac8e75f', 3, 0.683),
  ('1ae4cbb4-6707-5c6a-aaf0-7202fac8e75f', 4, 0.764),
  ('1ae4cbb4-6707-5c6a-aaf0-7202fac8e75f', 5, 0.837),
  ('1ae4cbb4-6707-5c6a-aaf0-7202fac8e75f', 6, 0.896),
  ('1ae4cbb4-6707-5c6a-aaf0-7202fac8e75f', 7, 0.952),
  ('1ae4cbb4-6707-5c6a-aaf0-7202fac8e75f', 8, 0.999),
  ('1ae4cbb4-6707-5c6a-aaf0-7202fac8e75f', 9, 1.025),
  ('1ae4cbb4-6707-5c6a-aaf0-7202fac8e75f', 10, 1.048),
  ('1ae4cbb4-6707-5c6a-aaf0-7202fac8e75f', 11, 1.075),
  ('1ae4cbb4-6707-5c6a-aaf0-7202fac8e75f', 12, 1.097),
  ('1ae4cbb4-6707-5c6a-aaf0-7202fac8e75f', 13, 1.114),
  ('1ae4cbb4-6707-5c6a-aaf0-7202fac8e75f', 14, 1.13),
  ('1ae4cbb4-6707-5c6a-aaf0-7202fac8e75f', 15, 1.136),
  ('1ae4cbb4-6707-5c6a-aaf0-7202fac8e75f', 16, 1.141),
  ('1ae4cbb4-6707-5c6a-aaf0-7202fac8e75f', 17, 1.155),
  ('1ae4cbb4-6707-5c6a-aaf0-7202fac8e75f', 18, 1.158),
  ('1ae4cbb4-6707-5c6a-aaf0-7202fac8e75f', 19, 1.174),
  ('1ae4cbb4-6707-5c6a-aaf0-7202fac8e75f', 20, 1.19),
  ('1ae4cbb4-6707-5c6a-aaf0-7202fac8e75f', 21, 1.178),
  ('1ae4cbb4-6707-5c6a-aaf0-7202fac8e75f', 22, 1.194),
  ('1ae4cbb4-6707-5c6a-aaf0-7202fac8e75f', 23, 1.191),
  ('1ae4cbb4-6707-5c6a-aaf0-7202fac8e75f', 24, 1.179),
  ('7b4c8a5e-0e2a-55ed-992f-9d5db620244a', 0, 0.36),
  ('7b4c8a5e-0e2a-55ed-992f-9d5db620244a', 1, 0.463),
  ('7b4c8a5e-0e2a-55ed-992f-9d5db620244a', 2, 0.575),
  ('7b4c8a5e-0e2a-55ed-992f-9d5db620244a', 3, 0.674),
  ('7b4c8a5e-0e2a-55ed-992f-9d5db620244a', 4, 0.762),
  ('7b4c8a5e-0e2a-55ed-992f-9d5db620244a', 5, 0.833),
  ('7b4c8a5e-0e2a-55ed-992f-9d5db620244a', 6, 0.895),
  ('7b4c8a5e-0e2a-55ed-992f-9d5db620244a', 7, 0.947),
  ('7b4c8a5e-0e2a-55ed-992f-9d5db620244a', 8, 0.994),
  ('7b4c8a5e-0e2a-55ed-992f-9d5db620244a', 9, 1.025),
  ('7b4c8a5e-0e2a-55ed-992f-9d5db620244a', 10, 1.053),
  ('7b4c8a5e-0e2a-55ed-992f-9d5db620244a', 11, 1.071),
  ('7b4c8a5e-0e2a-55ed-992f-9d5db620244a', 12, 1.088),
  ('7b4c8a5e-0e2a-55ed-992f-9d5db620244a', 13, 1.109),
  ('7b4c8a5e-0e2a-55ed-992f-9d5db620244a', 14, 1.127),
  ('7b4c8a5e-0e2a-55ed-992f-9d5db620244a', 15, 1.135),
  ('7b4c8a5e-0e2a-55ed-992f-9d5db620244a', 16, 1.141),
  ('7b4c8a5e-0e2a-55ed-992f-9d5db620244a', 17, 1.146),
  ('7b4c8a5e-0e2a-55ed-992f-9d5db620244a', 18, 1.147),
  ('7b4c8a5e-0e2a-55ed-992f-9d5db620244a', 19, 1.156),
  ('7b4c8a5e-0e2a-55ed-992f-9d5db620244a', 20, 1.155),
  ('7b4c8a5e-0e2a-55ed-992f-9d5db620244a', 21, 1.172),
  ('7b4c8a5e-0e2a-55ed-992f-9d5db620244a', 22, 1.175),
  ('7b4c8a5e-0e2a-55ed-992f-9d5db620244a', 23, 1.161),
  ('7b4c8a5e-0e2a-55ed-992f-9d5db620244a', 24, 1.191),
  ('5c082a24-296e-57c9-871d-ef922bdea8a3', 0, 0.369),
  ('5c082a24-296e-57c9-871d-ef922bdea8a3', 1, 0.486),
  ('5c082a24-296e-57c9-871d-ef922bdea8a3', 2, 0.595),
  ('5c082a24-296e-57c9-871d-ef922bdea8a3', 3, 0.693),
  ('5c082a24-296e-57c9-871d-ef922bdea8a3', 4, 0.771),
  ('5c082a24-296e-57c9-871d-ef922bdea8a3', 5, 0.837),
  ('5c082a24-296e-57c9-871d-ef922bdea8a3', 6, 0.901),
  ('5c082a24-296e-57c9-871d-ef922bdea8a3', 7, 0.949),
  ('5c082a24-296e-57c9-871d-ef922bdea8a3', 8, 0.995),
  ('5c082a24-296e-57c9-871d-ef922bdea8a3', 9, 1.023),
  ('5c082a24-296e-57c9-871d-ef922bdea8a3', 10, 1.05),
  ('5c082a24-296e-57c9-871d-ef922bdea8a3', 11, 1.076),
  ('5c082a24-296e-57c9-871d-ef922bdea8a3', 12, 1.097),
  ('5c082a24-296e-57c9-871d-ef922bdea8a3', 13, 1.114),
  ('5c082a24-296e-57c9-871d-ef922bdea8a3', 14, 1.125),
  ('5c082a24-296e-57c9-871d-ef922bdea8a3', 15, 1.145),
  ('5c082a24-296e-57c9-871d-ef922bdea8a3', 16, 1.147),
  ('5c082a24-296e-57c9-871d-ef922bdea8a3', 17, 1.151),
  ('5c082a24-296e-57c9-871d-ef922bdea8a3', 18, 1.154),
  ('5c082a24-296e-57c9-871d-ef922bdea8a3', 19, 1.155),
  ('5c082a24-296e-57c9-871d-ef922bdea8a3', 20, 1.156),
  ('5c082a24-296e-57c9-871d-ef922bdea8a3', 21, 1.157),
  ('5c082a24-296e-57c9-871d-ef922bdea8a3', 22, 1.169),
  ('5c082a24-296e-57c9-871d-ef922bdea8a3', 23, 1.175),
  ('5c082a24-296e-57c9-871d-ef922bdea8a3', 24, 1.189),
  ('71cf00d5-c233-583d-8c81-6150f00ddeb7', 0, 0.349),
  ('71cf00d5-c233-583d-8c81-6150f00ddeb7', 1, 0.454),
  ('71cf00d5-c233-583d-8c81-6150f00ddeb7', 2, 0.574),
  ('71cf00d5-c233-583d-8c81-6150f00ddeb7', 3, 0.67),
  ('71cf00d5-c233-583d-8c81-6150f00ddeb7', 4, 0.754),
  ('71cf00d5-c233-583d-8c81-6150f00ddeb7', 5, 0.839),
  ('71cf00d5-c233-583d-8c81-6150f00ddeb7', 6, 0.891),
  ('71cf00d5-c233-583d-8c81-6150f00ddeb7', 7, 0.95),
  ('71cf00d5-c233-583d-8c81-6150f00ddeb7', 8, 0.99),
  ('71cf00d5-c233-583d-8c81-6150f00ddeb7', 9, 1.018),
  ('71cf00d5-c233-583d-8c81-6150f00ddeb7', 10, 1.052),
  ('71cf00d5-c233-583d-8c81-6150f00ddeb7', 11, 1.098),
  ('71cf00d5-c233-583d-8c81-6150f00ddeb7', 12, 1.092),
  ('71cf00d5-c233-583d-8c81-6150f00ddeb7', 13, 1.11),
  ('71cf00d5-c233-583d-8c81-6150f00ddeb7', 14, 1.12),
  ('71cf00d5-c233-583d-8c81-6150f00ddeb7', 15, 1.132),
  ('71cf00d5-c233-583d-8c81-6150f00ddeb7', 16, 1.143),
  ('71cf00d5-c233-583d-8c81-6150f00ddeb7', 17, 1.15),
  ('71cf00d5-c233-583d-8c81-6150f00ddeb7', 18, 1.144),
  ('71cf00d5-c233-583d-8c81-6150f00ddeb7', 19, 1.148),
  ('71cf00d5-c233-583d-8c81-6150f00ddeb7', 20, 1.167),
  ('71cf00d5-c233-583d-8c81-6150f00ddeb7', 21, 1.191),
  ('71cf00d5-c233-583d-8c81-6150f00ddeb7', 22, 1.174),
  ('71cf00d5-c233-583d-8c81-6150f00ddeb7', 23, 1.159),
  ('71cf00d5-c233-583d-8c81-6150f00ddeb7', 24, 1.2),
  ('dcb7a099-25b2-566e-b384-ddbd7b111cb2', 0, 0.345),
  ('dcb7a099-25b2-566e-b384-ddbd7b111cb2', 1, 0.458),
  ('dcb7a099-25b2-566e-b384-ddbd7b111cb2', 2, 0.561),
  ('dcb7a099-25b2-566e-b384-ddbd7b111cb2', 3, 0.67),
  ('dcb7a099-25b2-566e-b384-ddbd7b111cb2', 4, 0.749),
  ('dcb7a099-25b2-566e-b384-ddbd7b111cb2', 5, 0.838),
  ('dcb7a099-25b2-566e-b384-ddbd7b111cb2', 6, 0.89),
  ('dcb7a099-25b2-566e-b384-ddbd7b111cb2', 7, 0.941),
  ('dcb7a099-25b2-566e-b384-ddbd7b111cb2', 8, 0.991),
  ('dcb7a099-25b2-566e-b384-ddbd7b111cb2', 9, 1.02),
  ('dcb7a099-25b2-566e-b384-ddbd7b111cb2', 10, 1.047),
  ('dcb7a099-25b2-566e-b384-ddbd7b111cb2', 11, 1.071),
  ('dcb7a099-25b2-566e-b384-ddbd7b111cb2', 12, 1.096),
  ('dcb7a099-25b2-566e-b384-ddbd7b111cb2', 13, 1.109),
  ('dcb7a099-25b2-566e-b384-ddbd7b111cb2', 14, 1.122),
  ('dcb7a099-25b2-566e-b384-ddbd7b111cb2', 15, 1.146),
  ('dcb7a099-25b2-566e-b384-ddbd7b111cb2', 16, 1.157),
  ('dcb7a099-25b2-566e-b384-ddbd7b111cb2', 17, 1.153),
  ('dcb7a099-25b2-566e-b384-ddbd7b111cb2', 18, 1.157),
  ('dcb7a099-25b2-566e-b384-ddbd7b111cb2', 19, 1.165),
  ('dcb7a099-25b2-566e-b384-ddbd7b111cb2', 20, 1.159),
  ('dcb7a099-25b2-566e-b384-ddbd7b111cb2', 21, 1.175),
  ('dcb7a099-25b2-566e-b384-ddbd7b111cb2', 22, 1.173),
  ('dcb7a099-25b2-566e-b384-ddbd7b111cb2', 23, 1.166),
  ('dcb7a099-25b2-566e-b384-ddbd7b111cb2', 24, 1.195),
  ('e6c9fcf4-d9bf-5db6-a2a3-cd82974b369d', 0, 0.368),
  ('e6c9fcf4-d9bf-5db6-a2a3-cd82974b369d', 1, 0.467),
  ('e6c9fcf4-d9bf-5db6-a2a3-cd82974b369d', 2, 0.573),
  ('e6c9fcf4-d9bf-5db6-a2a3-cd82974b369d', 3, 0.67),
  ('e6c9fcf4-d9bf-5db6-a2a3-cd82974b369d', 4, 0.757),
  ('e6c9fcf4-d9bf-5db6-a2a3-cd82974b369d', 5, 0.834),
  ('e6c9fcf4-d9bf-5db6-a2a3-cd82974b369d', 6, 0.896),
  ('e6c9fcf4-d9bf-5db6-a2a3-cd82974b369d', 7, 0.956),
  ('e6c9fcf4-d9bf-5db6-a2a3-cd82974b369d', 8, 1.008),
  ('e6c9fcf4-d9bf-5db6-a2a3-cd82974b369d', 9, 1.031),
  ('e6c9fcf4-d9bf-5db6-a2a3-cd82974b369d', 10, 1.074),
  ('e6c9fcf4-d9bf-5db6-a2a3-cd82974b369d', 11, 1.082),
  ('e6c9fcf4-d9bf-5db6-a2a3-cd82974b369d', 12, 1.102),
  ('e6c9fcf4-d9bf-5db6-a2a3-cd82974b369d', 13, 1.122),
  ('e6c9fcf4-d9bf-5db6-a2a3-cd82974b369d', 14, 1.136),
  ('e6c9fcf4-d9bf-5db6-a2a3-cd82974b369d', 15, 1.14),
  ('e6c9fcf4-d9bf-5db6-a2a3-cd82974b369d', 16, 1.143),
  ('e6c9fcf4-d9bf-5db6-a2a3-cd82974b369d', 17, 1.15),
  ('e6c9fcf4-d9bf-5db6-a2a3-cd82974b369d', 18, 1.148),
  ('e6c9fcf4-d9bf-5db6-a2a3-cd82974b369d', 19, 1.154),
  ('e6c9fcf4-d9bf-5db6-a2a3-cd82974b369d', 20, 1.146),
  ('e6c9fcf4-d9bf-5db6-a2a3-cd82974b369d', 21, 1.164),
  ('e6c9fcf4-d9bf-5db6-a2a3-cd82974b369d', 22, 1.16),
  ('e6c9fcf4-d9bf-5db6-a2a3-cd82974b369d', 23, 1.163),
  ('e6c9fcf4-d9bf-5db6-a2a3-cd82974b369d', 24, 1.171),
  ('36937f36-d75d-590c-89a0-4ed60b0880e0', 0, 0.343),
  ('36937f36-d75d-590c-89a0-4ed60b0880e0', 1, 0.455),
  ('36937f36-d75d-590c-89a0-4ed60b0880e0', 2, 0.562),
  ('36937f36-d75d-590c-89a0-4ed60b0880e0', 3, 0.662),
  ('36937f36-d75d-590c-89a0-4ed60b0880e0', 4, 0.748),
  ('36937f36-d75d-590c-89a0-4ed60b0880e0', 5, 0.836),
  ('36937f36-d75d-590c-89a0-4ed60b0880e0', 6, 0.888),
  ('36937f36-d75d-590c-89a0-4ed60b0880e0', 7, 0.949),
  ('36937f36-d75d-590c-89a0-4ed60b0880e0', 8, 0.99),
  ('36937f36-d75d-590c-89a0-4ed60b0880e0', 9, 1.017),
  ('36937f36-d75d-590c-89a0-4ed60b0880e0', 10, 1.048),
  ('36937f36-d75d-590c-89a0-4ed60b0880e0', 11, 1.066),
  ('36937f36-d75d-590c-89a0-4ed60b0880e0', 12, 1.075),
  ('36937f36-d75d-590c-89a0-4ed60b0880e0', 13, 1.101),
  ('36937f36-d75d-590c-89a0-4ed60b0880e0', 14, 1.122),
  ('36937f36-d75d-590c-89a0-4ed60b0880e0', 15, 1.135),
  ('36937f36-d75d-590c-89a0-4ed60b0880e0', 16, 1.146),
  ('36937f36-d75d-590c-89a0-4ed60b0880e0', 17, 1.143),
  ('36937f36-d75d-590c-89a0-4ed60b0880e0', 18, 1.149),
  ('36937f36-d75d-590c-89a0-4ed60b0880e0', 19, 1.148),
  ('36937f36-d75d-590c-89a0-4ed60b0880e0', 20, 1.152),
  ('36937f36-d75d-590c-89a0-4ed60b0880e0', 21, 1.152),
  ('36937f36-d75d-590c-89a0-4ed60b0880e0', 22, 1.171),
  ('36937f36-d75d-590c-89a0-4ed60b0880e0', 23, 1.163),
  ('36937f36-d75d-590c-89a0-4ed60b0880e0', 24, 1.16),
  ('df38e359-332d-5ffd-9f2e-0f86867d630d', 0, 0.371),
  ('df38e359-332d-5ffd-9f2e-0f86867d630d', 1, 0.464),
  ('df38e359-332d-5ffd-9f2e-0f86867d630d', 2, 0.573),
  ('df38e359-332d-5ffd-9f2e-0f86867d630d', 3, 0.67),
  ('df38e359-332d-5ffd-9f2e-0f86867d630d', 4, 0.757),
  ('df38e359-332d-5ffd-9f2e-0f86867d630d', 5, 0.833),
  ('df38e359-332d-5ffd-9f2e-0f86867d630d', 6, 0.898),
  ('df38e359-332d-5ffd-9f2e-0f86867d630d', 7, 0.953),
  ('df38e359-332d-5ffd-9f2e-0f86867d630d', 8, 1.0),
  ('df38e359-332d-5ffd-9f2e-0f86867d630d', 9, 1.027),
  ('df38e359-332d-5ffd-9f2e-0f86867d630d', 10, 1.053),
  ('df38e359-332d-5ffd-9f2e-0f86867d630d', 11, 1.078),
  ('df38e359-332d-5ffd-9f2e-0f86867d630d', 12, 1.094),
  ('df38e359-332d-5ffd-9f2e-0f86867d630d', 13, 1.112),
  ('df38e359-332d-5ffd-9f2e-0f86867d630d', 14, 1.129),
  ('df38e359-332d-5ffd-9f2e-0f86867d630d', 15, 1.148),
  ('df38e359-332d-5ffd-9f2e-0f86867d630d', 16, 1.155),
  ('df38e359-332d-5ffd-9f2e-0f86867d630d', 17, 1.167),
  ('df38e359-332d-5ffd-9f2e-0f86867d630d', 18, 1.148),
  ('df38e359-332d-5ffd-9f2e-0f86867d630d', 19, 1.148),
  ('df38e359-332d-5ffd-9f2e-0f86867d630d', 20, 1.146),
  ('df38e359-332d-5ffd-9f2e-0f86867d630d', 21, 1.158),
  ('df38e359-332d-5ffd-9f2e-0f86867d630d', 22, 1.17),
  ('df38e359-332d-5ffd-9f2e-0f86867d630d', 23, 1.158),
  ('df38e359-332d-5ffd-9f2e-0f86867d630d', 24, 1.191),
  ('f113b175-a235-5ee7-b6fa-798ea75b4008', 0, 0.341),
  ('f113b175-a235-5ee7-b6fa-798ea75b4008', 1, 0.445),
  ('f113b175-a235-5ee7-b6fa-798ea75b4008', 2, 0.557),
  ('f113b175-a235-5ee7-b6fa-798ea75b4008', 3, 0.655),
  ('f113b175-a235-5ee7-b6fa-798ea75b4008', 4, 0.748),
  ('f113b175-a235-5ee7-b6fa-798ea75b4008', 5, 0.831),
  ('f113b175-a235-5ee7-b6fa-798ea75b4008', 6, 0.888),
  ('f113b175-a235-5ee7-b6fa-798ea75b4008', 7, 0.939),
  ('f113b175-a235-5ee7-b6fa-798ea75b4008', 8, 0.997),
  ('f113b175-a235-5ee7-b6fa-798ea75b4008', 9, 1.015),
  ('f113b175-a235-5ee7-b6fa-798ea75b4008', 10, 1.046),
  ('f113b175-a235-5ee7-b6fa-798ea75b4008', 11, 1.072),
  ('f113b175-a235-5ee7-b6fa-798ea75b4008', 12, 1.097),
  ('f113b175-a235-5ee7-b6fa-798ea75b4008', 13, 1.103),
  ('f113b175-a235-5ee7-b6fa-798ea75b4008', 14, 1.118),
  ('f113b175-a235-5ee7-b6fa-798ea75b4008', 15, 1.131),
  ('f113b175-a235-5ee7-b6fa-798ea75b4008', 16, 1.136),
  ('f113b175-a235-5ee7-b6fa-798ea75b4008', 17, 1.138),
  ('f113b175-a235-5ee7-b6fa-798ea75b4008', 18, 1.144),
  ('f113b175-a235-5ee7-b6fa-798ea75b4008', 19, 1.138),
  ('f113b175-a235-5ee7-b6fa-798ea75b4008', 20, 1.134),
  ('f113b175-a235-5ee7-b6fa-798ea75b4008', 21, 1.134),
  ('f113b175-a235-5ee7-b6fa-798ea75b4008', 22, 1.134),
  ('f113b175-a235-5ee7-b6fa-798ea75b4008', 23, 1.139),
  ('f113b175-a235-5ee7-b6fa-798ea75b4008', 24, 1.134),
  ('bdb46487-164b-5a0d-9be1-7c0a302576c4', 0, 0.355),
  ('bdb46487-164b-5a0d-9be1-7c0a302576c4', 1, 0.464),
  ('bdb46487-164b-5a0d-9be1-7c0a302576c4', 2, 0.578),
  ('bdb46487-164b-5a0d-9be1-7c0a302576c4', 3, 0.667),
  ('bdb46487-164b-5a0d-9be1-7c0a302576c4', 4, 0.752),
  ('bdb46487-164b-5a0d-9be1-7c0a302576c4', 5, 0.836),
  ('bdb46487-164b-5a0d-9be1-7c0a302576c4', 6, 0.887),
  ('bdb46487-164b-5a0d-9be1-7c0a302576c4', 7, 0.945),
  ('bdb46487-164b-5a0d-9be1-7c0a302576c4', 8, 0.996),
  ('bdb46487-164b-5a0d-9be1-7c0a302576c4', 9, 1.028),
  ('bdb46487-164b-5a0d-9be1-7c0a302576c4', 10, 1.047),
  ('bdb46487-164b-5a0d-9be1-7c0a302576c4', 11, 1.081),
  ('bdb46487-164b-5a0d-9be1-7c0a302576c4', 12, 1.091),
  ('bdb46487-164b-5a0d-9be1-7c0a302576c4', 13, 1.121),
  ('bdb46487-164b-5a0d-9be1-7c0a302576c4', 14, 1.124),
  ('bdb46487-164b-5a0d-9be1-7c0a302576c4', 15, 1.148),
  ('bdb46487-164b-5a0d-9be1-7c0a302576c4', 16, 1.151),
  ('bdb46487-164b-5a0d-9be1-7c0a302576c4', 17, 1.163),
  ('bdb46487-164b-5a0d-9be1-7c0a302576c4', 18, 1.147),
  ('bdb46487-164b-5a0d-9be1-7c0a302576c4', 19, 1.149),
  ('bdb46487-164b-5a0d-9be1-7c0a302576c4', 20, 1.164),
  ('bdb46487-164b-5a0d-9be1-7c0a302576c4', 21, 1.167),
  ('bdb46487-164b-5a0d-9be1-7c0a302576c4', 22, 1.163),
  ('bdb46487-164b-5a0d-9be1-7c0a302576c4', 23, 1.159),
  ('bdb46487-164b-5a0d-9be1-7c0a302576c4', 24, 1.155),
  ('584cee95-7e22-5be3-9455-b4aa85ea3f3d', 0, 0.372),
  ('584cee95-7e22-5be3-9455-b4aa85ea3f3d', 1, 0.468),
  ('584cee95-7e22-5be3-9455-b4aa85ea3f3d', 2, 0.578),
  ('584cee95-7e22-5be3-9455-b4aa85ea3f3d', 3, 0.68),
  ('584cee95-7e22-5be3-9455-b4aa85ea3f3d', 4, 0.765),
  ('584cee95-7e22-5be3-9455-b4aa85ea3f3d', 5, 0.838),
  ('584cee95-7e22-5be3-9455-b4aa85ea3f3d', 6, 0.898),
  ('584cee95-7e22-5be3-9455-b4aa85ea3f3d', 7, 0.953),
  ('584cee95-7e22-5be3-9455-b4aa85ea3f3d', 8, 0.995),
  ('584cee95-7e22-5be3-9455-b4aa85ea3f3d', 9, 1.029),
  ('584cee95-7e22-5be3-9455-b4aa85ea3f3d', 10, 1.061),
  ('584cee95-7e22-5be3-9455-b4aa85ea3f3d', 11, 1.071),
  ('584cee95-7e22-5be3-9455-b4aa85ea3f3d', 12, 1.087),
  ('584cee95-7e22-5be3-9455-b4aa85ea3f3d', 13, 1.109),
  ('584cee95-7e22-5be3-9455-b4aa85ea3f3d', 14, 1.123),
  ('584cee95-7e22-5be3-9455-b4aa85ea3f3d', 15, 1.134),
  ('584cee95-7e22-5be3-9455-b4aa85ea3f3d', 16, 1.143),
  ('584cee95-7e22-5be3-9455-b4aa85ea3f3d', 17, 1.143),
  ('584cee95-7e22-5be3-9455-b4aa85ea3f3d', 18, 1.143),
  ('584cee95-7e22-5be3-9455-b4aa85ea3f3d', 19, 1.149),
  ('584cee95-7e22-5be3-9455-b4aa85ea3f3d', 20, 1.15),
  ('584cee95-7e22-5be3-9455-b4aa85ea3f3d', 21, 1.174),
  ('584cee95-7e22-5be3-9455-b4aa85ea3f3d', 22, 1.209),
  ('584cee95-7e22-5be3-9455-b4aa85ea3f3d', 23, 1.15),
  ('584cee95-7e22-5be3-9455-b4aa85ea3f3d', 24, 1.159),
  ('f29b7eee-fd25-5270-a2aa-c9393b7215fd', 0, 0.348),
  ('f29b7eee-fd25-5270-a2aa-c9393b7215fd', 1, 0.455),
  ('f29b7eee-fd25-5270-a2aa-c9393b7215fd', 2, 0.562),
  ('f29b7eee-fd25-5270-a2aa-c9393b7215fd', 3, 0.66),
  ('f29b7eee-fd25-5270-a2aa-c9393b7215fd', 4, 0.754),
  ('f29b7eee-fd25-5270-a2aa-c9393b7215fd', 5, 0.829),
  ('f29b7eee-fd25-5270-a2aa-c9393b7215fd', 6, 0.891),
  ('f29b7eee-fd25-5270-a2aa-c9393b7215fd', 7, 0.953),
  ('f29b7eee-fd25-5270-a2aa-c9393b7215fd', 8, 1.0),
  ('f29b7eee-fd25-5270-a2aa-c9393b7215fd', 9, 1.029),
  ('f29b7eee-fd25-5270-a2aa-c9393b7215fd', 10, 1.055),
  ('f29b7eee-fd25-5270-a2aa-c9393b7215fd', 11, 1.075),
  ('f29b7eee-fd25-5270-a2aa-c9393b7215fd', 12, 1.093),
  ('f29b7eee-fd25-5270-a2aa-c9393b7215fd', 13, 1.108),
  ('f29b7eee-fd25-5270-a2aa-c9393b7215fd', 14, 1.124),
  ('f29b7eee-fd25-5270-a2aa-c9393b7215fd', 15, 1.135),
  ('f29b7eee-fd25-5270-a2aa-c9393b7215fd', 16, 1.142),
  ('f29b7eee-fd25-5270-a2aa-c9393b7215fd', 17, 1.165),
  ('f29b7eee-fd25-5270-a2aa-c9393b7215fd', 18, 1.173),
  ('f29b7eee-fd25-5270-a2aa-c9393b7215fd', 19, 1.171),
  ('f29b7eee-fd25-5270-a2aa-c9393b7215fd', 20, 1.178),
  ('f29b7eee-fd25-5270-a2aa-c9393b7215fd', 21, 1.171),
  ('f29b7eee-fd25-5270-a2aa-c9393b7215fd', 22, 1.195),
  ('f29b7eee-fd25-5270-a2aa-c9393b7215fd', 23, 1.183),
  ('f29b7eee-fd25-5270-a2aa-c9393b7215fd', 24, 1.185),
  ('a0e4f4d7-b697-501d-9905-646f8433733c', 0, 0.348),
  ('a0e4f4d7-b697-501d-9905-646f8433733c', 1, 0.457),
  ('a0e4f4d7-b697-501d-9905-646f8433733c', 2, 0.567),
  ('a0e4f4d7-b697-501d-9905-646f8433733c', 3, 0.666),
  ('a0e4f4d7-b697-501d-9905-646f8433733c', 4, 0.757),
  ('a0e4f4d7-b697-501d-9905-646f8433733c', 5, 0.829),
  ('a0e4f4d7-b697-501d-9905-646f8433733c', 6, 0.888),
  ('a0e4f4d7-b697-501d-9905-646f8433733c', 7, 0.949),
  ('a0e4f4d7-b697-501d-9905-646f8433733c', 8, 0.997),
  ('a0e4f4d7-b697-501d-9905-646f8433733c', 9, 1.022),
  ('a0e4f4d7-b697-501d-9905-646f8433733c', 10, 1.051),
  ('a0e4f4d7-b697-501d-9905-646f8433733c', 11, 1.075),
  ('a0e4f4d7-b697-501d-9905-646f8433733c', 12, 1.094),
  ('a0e4f4d7-b697-501d-9905-646f8433733c', 13, 1.109),
  ('a0e4f4d7-b697-501d-9905-646f8433733c', 14, 1.12),
  ('a0e4f4d7-b697-501d-9905-646f8433733c', 15, 1.136),
  ('a0e4f4d7-b697-501d-9905-646f8433733c', 16, 1.14),
  ('a0e4f4d7-b697-501d-9905-646f8433733c', 17, 1.146),
  ('a0e4f4d7-b697-501d-9905-646f8433733c', 18, 1.147),
  ('a0e4f4d7-b697-501d-9905-646f8433733c', 19, 1.15),
  ('a0e4f4d7-b697-501d-9905-646f8433733c', 20, 1.148),
  ('a0e4f4d7-b697-501d-9905-646f8433733c', 21, 1.161),
  ('a0e4f4d7-b697-501d-9905-646f8433733c', 22, 1.17),
  ('a0e4f4d7-b697-501d-9905-646f8433733c', 23, 1.281),
  ('a0e4f4d7-b697-501d-9905-646f8433733c', 24, 1.264),
  ('fa67f0a9-a4c2-56a4-8674-319b838498eb', 0, 0.339),
  ('fa67f0a9-a4c2-56a4-8674-319b838498eb', 1, 0.454),
  ('fa67f0a9-a4c2-56a4-8674-319b838498eb', 2, 0.566),
  ('fa67f0a9-a4c2-56a4-8674-319b838498eb', 3, 0.67),
  ('fa67f0a9-a4c2-56a4-8674-319b838498eb', 4, 0.756),
  ('fa67f0a9-a4c2-56a4-8674-319b838498eb', 5, 0.835),
  ('fa67f0a9-a4c2-56a4-8674-319b838498eb', 6, 0.899),
  ('fa67f0a9-a4c2-56a4-8674-319b838498eb', 7, 0.949),
  ('fa67f0a9-a4c2-56a4-8674-319b838498eb', 8, 0.997),
  ('fa67f0a9-a4c2-56a4-8674-319b838498eb', 9, 1.027),
  ('fa67f0a9-a4c2-56a4-8674-319b838498eb', 10, 1.048),
  ('fa67f0a9-a4c2-56a4-8674-319b838498eb', 11, 1.078),
  ('fa67f0a9-a4c2-56a4-8674-319b838498eb', 12, 1.09),
  ('fa67f0a9-a4c2-56a4-8674-319b838498eb', 13, 1.112),
  ('fa67f0a9-a4c2-56a4-8674-319b838498eb', 14, 1.125),
  ('fa67f0a9-a4c2-56a4-8674-319b838498eb', 15, 1.134),
  ('fa67f0a9-a4c2-56a4-8674-319b838498eb', 16, 1.15),
  ('fa67f0a9-a4c2-56a4-8674-319b838498eb', 17, 1.156),
  ('fa67f0a9-a4c2-56a4-8674-319b838498eb', 18, 1.15),
  ('fa67f0a9-a4c2-56a4-8674-319b838498eb', 19, 1.144),
  ('fa67f0a9-a4c2-56a4-8674-319b838498eb', 20, 1.149),
  ('fa67f0a9-a4c2-56a4-8674-319b838498eb', 21, 1.157),
  ('fa67f0a9-a4c2-56a4-8674-319b838498eb', 22, 1.168),
  ('fa67f0a9-a4c2-56a4-8674-319b838498eb', 23, 1.168),
  ('fa67f0a9-a4c2-56a4-8674-319b838498eb', 24, 1.175),
  ('f0e41bef-5c6f-5845-88af-f340bd66d08e', 0, 0.355),
  ('f0e41bef-5c6f-5845-88af-f340bd66d08e', 1, 0.463),
  ('f0e41bef-5c6f-5845-88af-f340bd66d08e', 2, 0.574),
  ('f0e41bef-5c6f-5845-88af-f340bd66d08e', 3, 0.674),
  ('f0e41bef-5c6f-5845-88af-f340bd66d08e', 4, 0.762),
  ('f0e41bef-5c6f-5845-88af-f340bd66d08e', 5, 0.836),
  ('f0e41bef-5c6f-5845-88af-f340bd66d08e', 6, 0.898),
  ('f0e41bef-5c6f-5845-88af-f340bd66d08e', 7, 0.956),
  ('f0e41bef-5c6f-5845-88af-f340bd66d08e', 8, 0.999),
  ('f0e41bef-5c6f-5845-88af-f340bd66d08e', 9, 1.028),
  ('f0e41bef-5c6f-5845-88af-f340bd66d08e', 10, 1.056),
  ('f0e41bef-5c6f-5845-88af-f340bd66d08e', 11, 1.08),
  ('f0e41bef-5c6f-5845-88af-f340bd66d08e', 12, 1.097),
  ('f0e41bef-5c6f-5845-88af-f340bd66d08e', 13, 1.112),
  ('f0e41bef-5c6f-5845-88af-f340bd66d08e', 14, 1.121),
  ('f0e41bef-5c6f-5845-88af-f340bd66d08e', 15, 1.139),
  ('f0e41bef-5c6f-5845-88af-f340bd66d08e', 16, 1.139),
  ('f0e41bef-5c6f-5845-88af-f340bd66d08e', 17, 1.139),
  ('f0e41bef-5c6f-5845-88af-f340bd66d08e', 18, 1.146),
  ('f0e41bef-5c6f-5845-88af-f340bd66d08e', 19, 1.152),
  ('f0e41bef-5c6f-5845-88af-f340bd66d08e', 20, 1.151),
  ('f0e41bef-5c6f-5845-88af-f340bd66d08e', 21, 1.164),
  ('f0e41bef-5c6f-5845-88af-f340bd66d08e', 22, 1.165),
  ('f0e41bef-5c6f-5845-88af-f340bd66d08e', 23, 1.251),
  ('f0e41bef-5c6f-5845-88af-f340bd66d08e', 24, 1.199),
  ('283caaf3-7a07-5be9-8646-fbad20ccb2fd', 0, 0.35),
  ('283caaf3-7a07-5be9-8646-fbad20ccb2fd', 1, 0.456),
  ('283caaf3-7a07-5be9-8646-fbad20ccb2fd', 2, 0.571),
  ('283caaf3-7a07-5be9-8646-fbad20ccb2fd', 3, 0.668),
  ('283caaf3-7a07-5be9-8646-fbad20ccb2fd', 4, 0.755),
  ('283caaf3-7a07-5be9-8646-fbad20ccb2fd', 5, 0.836),
  ('283caaf3-7a07-5be9-8646-fbad20ccb2fd', 6, 0.893),
  ('283caaf3-7a07-5be9-8646-fbad20ccb2fd', 7, 0.947),
  ('283caaf3-7a07-5be9-8646-fbad20ccb2fd', 8, 0.993),
  ('283caaf3-7a07-5be9-8646-fbad20ccb2fd', 9, 1.024),
  ('283caaf3-7a07-5be9-8646-fbad20ccb2fd', 10, 1.053),
  ('283caaf3-7a07-5be9-8646-fbad20ccb2fd', 11, 1.082),
  ('283caaf3-7a07-5be9-8646-fbad20ccb2fd', 12, 1.096),
  ('283caaf3-7a07-5be9-8646-fbad20ccb2fd', 13, 1.116),
  ('283caaf3-7a07-5be9-8646-fbad20ccb2fd', 14, 1.137),
  ('283caaf3-7a07-5be9-8646-fbad20ccb2fd', 15, 1.145),
  ('283caaf3-7a07-5be9-8646-fbad20ccb2fd', 16, 1.197),
  ('283caaf3-7a07-5be9-8646-fbad20ccb2fd', 17, 1.15),
  ('283caaf3-7a07-5be9-8646-fbad20ccb2fd', 18, 1.158),
  ('283caaf3-7a07-5be9-8646-fbad20ccb2fd', 19, 1.145),
  ('283caaf3-7a07-5be9-8646-fbad20ccb2fd', 20, 1.167),
  ('283caaf3-7a07-5be9-8646-fbad20ccb2fd', 21, 1.164),
  ('283caaf3-7a07-5be9-8646-fbad20ccb2fd', 22, 1.168),
  ('283caaf3-7a07-5be9-8646-fbad20ccb2fd', 23, 1.173),
  ('283caaf3-7a07-5be9-8646-fbad20ccb2fd', 24, 1.181),
  ('b7352b66-aa81-5d7f-bbc4-0f549fa541e1', 0, 0.342),
  ('b7352b66-aa81-5d7f-bbc4-0f549fa541e1', 1, 0.454),
  ('b7352b66-aa81-5d7f-bbc4-0f549fa541e1', 2, 0.568),
  ('b7352b66-aa81-5d7f-bbc4-0f549fa541e1', 3, 0.662),
  ('b7352b66-aa81-5d7f-bbc4-0f549fa541e1', 4, 0.751),
  ('b7352b66-aa81-5d7f-bbc4-0f549fa541e1', 5, 0.835),
  ('b7352b66-aa81-5d7f-bbc4-0f549fa541e1', 6, 0.89),
  ('b7352b66-aa81-5d7f-bbc4-0f549fa541e1', 7, 0.946),
  ('b7352b66-aa81-5d7f-bbc4-0f549fa541e1', 8, 0.988),
  ('b7352b66-aa81-5d7f-bbc4-0f549fa541e1', 9, 1.021),
  ('b7352b66-aa81-5d7f-bbc4-0f549fa541e1', 10, 1.045),
  ('b7352b66-aa81-5d7f-bbc4-0f549fa541e1', 11, 1.074),
  ('b7352b66-aa81-5d7f-bbc4-0f549fa541e1', 12, 1.092),
  ('b7352b66-aa81-5d7f-bbc4-0f549fa541e1', 13, 1.112),
  ('b7352b66-aa81-5d7f-bbc4-0f549fa541e1', 14, 1.118),
  ('b7352b66-aa81-5d7f-bbc4-0f549fa541e1', 15, 1.153),
  ('b7352b66-aa81-5d7f-bbc4-0f549fa541e1', 16, 1.14),
  ('b7352b66-aa81-5d7f-bbc4-0f549fa541e1', 17, 1.141),
  ('b7352b66-aa81-5d7f-bbc4-0f549fa541e1', 18, 1.142),
  ('b7352b66-aa81-5d7f-bbc4-0f549fa541e1', 19, 1.152),
  ('b7352b66-aa81-5d7f-bbc4-0f549fa541e1', 20, 1.148),
  ('b7352b66-aa81-5d7f-bbc4-0f549fa541e1', 21, 1.148),
  ('b7352b66-aa81-5d7f-bbc4-0f549fa541e1', 22, 1.148),
  ('b7352b66-aa81-5d7f-bbc4-0f549fa541e1', 23, 1.165),
  ('b7352b66-aa81-5d7f-bbc4-0f549fa541e1', 24, 1.156),
  ('336cff41-b7c4-510b-8d67-a4a8f5d0537c', 0, 0.351),
  ('336cff41-b7c4-510b-8d67-a4a8f5d0537c', 1, 0.467),
  ('336cff41-b7c4-510b-8d67-a4a8f5d0537c', 2, 0.576),
  ('336cff41-b7c4-510b-8d67-a4a8f5d0537c', 3, 0.677),
  ('336cff41-b7c4-510b-8d67-a4a8f5d0537c', 4, 0.761),
  ('336cff41-b7c4-510b-8d67-a4a8f5d0537c', 5, 0.846),
  ('336cff41-b7c4-510b-8d67-a4a8f5d0537c', 6, 0.906),
  ('336cff41-b7c4-510b-8d67-a4a8f5d0537c', 7, 0.953),
  ('336cff41-b7c4-510b-8d67-a4a8f5d0537c', 8, 0.999),
  ('336cff41-b7c4-510b-8d67-a4a8f5d0537c', 9, 1.032),
  ('336cff41-b7c4-510b-8d67-a4a8f5d0537c', 10, 1.055),
  ('336cff41-b7c4-510b-8d67-a4a8f5d0537c', 11, 1.08),
  ('336cff41-b7c4-510b-8d67-a4a8f5d0537c', 12, 1.096),
  ('336cff41-b7c4-510b-8d67-a4a8f5d0537c', 13, 1.111),
  ('336cff41-b7c4-510b-8d67-a4a8f5d0537c', 14, 1.123),
  ('336cff41-b7c4-510b-8d67-a4a8f5d0537c', 15, 1.139),
  ('336cff41-b7c4-510b-8d67-a4a8f5d0537c', 16, 1.15),
  ('336cff41-b7c4-510b-8d67-a4a8f5d0537c', 17, 1.166),
  ('336cff41-b7c4-510b-8d67-a4a8f5d0537c', 18, 1.164),
  ('336cff41-b7c4-510b-8d67-a4a8f5d0537c', 19, 1.169),
  ('336cff41-b7c4-510b-8d67-a4a8f5d0537c', 20, 1.177),
  ('336cff41-b7c4-510b-8d67-a4a8f5d0537c', 21, 1.17),
  ('336cff41-b7c4-510b-8d67-a4a8f5d0537c', 22, 1.179),
  ('336cff41-b7c4-510b-8d67-a4a8f5d0537c', 23, 1.178),
  ('336cff41-b7c4-510b-8d67-a4a8f5d0537c', 24, 1.183),
  ('6762fe12-36ba-596f-9a5b-0b601aa50642', 0, 0.349),
  ('6762fe12-36ba-596f-9a5b-0b601aa50642', 1, 0.456),
  ('6762fe12-36ba-596f-9a5b-0b601aa50642', 2, 0.575),
  ('6762fe12-36ba-596f-9a5b-0b601aa50642', 3, 0.676),
  ('6762fe12-36ba-596f-9a5b-0b601aa50642', 4, 0.761),
  ('6762fe12-36ba-596f-9a5b-0b601aa50642', 5, 0.84),
  ('6762fe12-36ba-596f-9a5b-0b601aa50642', 6, 0.9),
  ('6762fe12-36ba-596f-9a5b-0b601aa50642', 7, 0.954),
  ('6762fe12-36ba-596f-9a5b-0b601aa50642', 8, 0.995),
  ('6762fe12-36ba-596f-9a5b-0b601aa50642', 9, 1.034),
  ('6762fe12-36ba-596f-9a5b-0b601aa50642', 10, 1.049),
  ('6762fe12-36ba-596f-9a5b-0b601aa50642', 11, 1.073),
  ('6762fe12-36ba-596f-9a5b-0b601aa50642', 12, 1.088),
  ('6762fe12-36ba-596f-9a5b-0b601aa50642', 13, 1.108),
  ('6762fe12-36ba-596f-9a5b-0b601aa50642', 14, 1.121),
  ('6762fe12-36ba-596f-9a5b-0b601aa50642', 15, 1.141),
  ('6762fe12-36ba-596f-9a5b-0b601aa50642', 16, 1.143),
  ('6762fe12-36ba-596f-9a5b-0b601aa50642', 17, 1.141),
  ('6762fe12-36ba-596f-9a5b-0b601aa50642', 18, 1.143),
  ('6762fe12-36ba-596f-9a5b-0b601aa50642', 19, 1.142),
  ('6762fe12-36ba-596f-9a5b-0b601aa50642', 20, 1.148),
  ('6762fe12-36ba-596f-9a5b-0b601aa50642', 21, 1.158),
  ('6762fe12-36ba-596f-9a5b-0b601aa50642', 22, 1.155),
  ('6762fe12-36ba-596f-9a5b-0b601aa50642', 23, 1.161),
  ('6762fe12-36ba-596f-9a5b-0b601aa50642', 24, 1.162),
  ('73772fb1-f722-5cc6-b130-ae57a3d89e81', 0, 0.361),
  ('73772fb1-f722-5cc6-b130-ae57a3d89e81', 1, 0.461),
  ('73772fb1-f722-5cc6-b130-ae57a3d89e81', 2, 0.573),
  ('73772fb1-f722-5cc6-b130-ae57a3d89e81', 3, 0.674),
  ('73772fb1-f722-5cc6-b130-ae57a3d89e81', 4, 0.757),
  ('73772fb1-f722-5cc6-b130-ae57a3d89e81', 5, 0.84),
  ('73772fb1-f722-5cc6-b130-ae57a3d89e81', 6, 0.896),
  ('73772fb1-f722-5cc6-b130-ae57a3d89e81', 7, 0.949),
  ('73772fb1-f722-5cc6-b130-ae57a3d89e81', 8, 0.994),
  ('73772fb1-f722-5cc6-b130-ae57a3d89e81', 9, 1.026),
  ('73772fb1-f722-5cc6-b130-ae57a3d89e81', 10, 1.052),
  ('73772fb1-f722-5cc6-b130-ae57a3d89e81', 11, 1.077),
  ('73772fb1-f722-5cc6-b130-ae57a3d89e81', 12, 1.101),
  ('73772fb1-f722-5cc6-b130-ae57a3d89e81', 13, 1.117),
  ('73772fb1-f722-5cc6-b130-ae57a3d89e81', 14, 1.13),
  ('73772fb1-f722-5cc6-b130-ae57a3d89e81', 15, 1.145),
  ('73772fb1-f722-5cc6-b130-ae57a3d89e81', 16, 1.153),
  ('73772fb1-f722-5cc6-b130-ae57a3d89e81', 17, 1.167),
  ('73772fb1-f722-5cc6-b130-ae57a3d89e81', 18, 1.16),
  ('73772fb1-f722-5cc6-b130-ae57a3d89e81', 19, 1.157),
  ('73772fb1-f722-5cc6-b130-ae57a3d89e81', 20, 1.173),
  ('73772fb1-f722-5cc6-b130-ae57a3d89e81', 21, 1.171),
  ('73772fb1-f722-5cc6-b130-ae57a3d89e81', 22, 1.174),
  ('73772fb1-f722-5cc6-b130-ae57a3d89e81', 23, 1.185),
  ('73772fb1-f722-5cc6-b130-ae57a3d89e81', 24, 1.163),
  ('71145ac5-dec0-53ba-86ee-ad42da94a4b1', 0, 0.354),
  ('71145ac5-dec0-53ba-86ee-ad42da94a4b1', 1, 0.459),
  ('71145ac5-dec0-53ba-86ee-ad42da94a4b1', 2, 0.569),
  ('71145ac5-dec0-53ba-86ee-ad42da94a4b1', 3, 0.662),
  ('71145ac5-dec0-53ba-86ee-ad42da94a4b1', 4, 0.754),
  ('71145ac5-dec0-53ba-86ee-ad42da94a4b1', 5, 0.828),
  ('71145ac5-dec0-53ba-86ee-ad42da94a4b1', 6, 0.891),
  ('71145ac5-dec0-53ba-86ee-ad42da94a4b1', 7, 0.948),
  ('71145ac5-dec0-53ba-86ee-ad42da94a4b1', 8, 0.993),
  ('71145ac5-dec0-53ba-86ee-ad42da94a4b1', 9, 1.018),
  ('71145ac5-dec0-53ba-86ee-ad42da94a4b1', 10, 1.049),
  ('71145ac5-dec0-53ba-86ee-ad42da94a4b1', 11, 1.073),
  ('71145ac5-dec0-53ba-86ee-ad42da94a4b1', 12, 1.089),
  ('71145ac5-dec0-53ba-86ee-ad42da94a4b1', 13, 1.111),
  ('71145ac5-dec0-53ba-86ee-ad42da94a4b1', 14, 1.128),
  ('71145ac5-dec0-53ba-86ee-ad42da94a4b1', 15, 1.14),
  ('71145ac5-dec0-53ba-86ee-ad42da94a4b1', 16, 1.15),
  ('71145ac5-dec0-53ba-86ee-ad42da94a4b1', 17, 1.158),
  ('71145ac5-dec0-53ba-86ee-ad42da94a4b1', 18, 1.153),
  ('71145ac5-dec0-53ba-86ee-ad42da94a4b1', 19, 1.162),
  ('71145ac5-dec0-53ba-86ee-ad42da94a4b1', 20, 1.176),
  ('71145ac5-dec0-53ba-86ee-ad42da94a4b1', 21, 1.18),
  ('71145ac5-dec0-53ba-86ee-ad42da94a4b1', 22, 1.168),
  ('71145ac5-dec0-53ba-86ee-ad42da94a4b1', 23, 1.169),
  ('71145ac5-dec0-53ba-86ee-ad42da94a4b1', 24, 1.181),
  ('0ca89571-e783-5c5a-8081-f39c2571bf88', 0, 0.358),
  ('0ca89571-e783-5c5a-8081-f39c2571bf88', 1, 0.458),
  ('0ca89571-e783-5c5a-8081-f39c2571bf88', 2, 0.572),
  ('0ca89571-e783-5c5a-8081-f39c2571bf88', 3, 0.669),
  ('0ca89571-e783-5c5a-8081-f39c2571bf88', 4, 0.756),
  ('0ca89571-e783-5c5a-8081-f39c2571bf88', 5, 0.834),
  ('0ca89571-e783-5c5a-8081-f39c2571bf88', 6, 0.896),
  ('0ca89571-e783-5c5a-8081-f39c2571bf88', 7, 0.95),
  ('0ca89571-e783-5c5a-8081-f39c2571bf88', 8, 0.994),
  ('0ca89571-e783-5c5a-8081-f39c2571bf88', 9, 1.025),
  ('0ca89571-e783-5c5a-8081-f39c2571bf88', 10, 1.054),
  ('0ca89571-e783-5c5a-8081-f39c2571bf88', 11, 1.076),
  ('0ca89571-e783-5c5a-8081-f39c2571bf88', 12, 1.093),
  ('0ca89571-e783-5c5a-8081-f39c2571bf88', 13, 1.113),
  ('0ca89571-e783-5c5a-8081-f39c2571bf88', 14, 1.13),
  ('0ca89571-e783-5c5a-8081-f39c2571bf88', 15, 1.154),
  ('0ca89571-e783-5c5a-8081-f39c2571bf88', 16, 1.157),
  ('0ca89571-e783-5c5a-8081-f39c2571bf88', 17, 1.154),
  ('0ca89571-e783-5c5a-8081-f39c2571bf88', 18, 1.159),
  ('0ca89571-e783-5c5a-8081-f39c2571bf88', 19, 1.175),
  ('0ca89571-e783-5c5a-8081-f39c2571bf88', 20, 1.182),
  ('0ca89571-e783-5c5a-8081-f39c2571bf88', 21, 1.183),
  ('0ca89571-e783-5c5a-8081-f39c2571bf88', 22, 1.201),
  ('0ca89571-e783-5c5a-8081-f39c2571bf88', 23, 1.172),
  ('0ca89571-e783-5c5a-8081-f39c2571bf88', 24, 1.185),
  ('237cd9dc-0eef-5d39-8e7f-c837ce3f77cc', 0, 0.368),
  ('237cd9dc-0eef-5d39-8e7f-c837ce3f77cc', 1, 0.467),
  ('237cd9dc-0eef-5d39-8e7f-c837ce3f77cc', 2, 0.577),
  ('237cd9dc-0eef-5d39-8e7f-c837ce3f77cc', 3, 0.668),
  ('237cd9dc-0eef-5d39-8e7f-c837ce3f77cc', 4, 0.762),
  ('237cd9dc-0eef-5d39-8e7f-c837ce3f77cc', 5, 0.845),
  ('237cd9dc-0eef-5d39-8e7f-c837ce3f77cc', 6, 0.899),
  ('237cd9dc-0eef-5d39-8e7f-c837ce3f77cc', 7, 0.955),
  ('237cd9dc-0eef-5d39-8e7f-c837ce3f77cc', 8, 0.996),
  ('237cd9dc-0eef-5d39-8e7f-c837ce3f77cc', 9, 1.021),
  ('237cd9dc-0eef-5d39-8e7f-c837ce3f77cc', 10, 1.057),
  ('237cd9dc-0eef-5d39-8e7f-c837ce3f77cc', 11, 1.076),
  ('237cd9dc-0eef-5d39-8e7f-c837ce3f77cc', 12, 1.092),
  ('237cd9dc-0eef-5d39-8e7f-c837ce3f77cc', 13, 1.114),
  ('237cd9dc-0eef-5d39-8e7f-c837ce3f77cc', 14, 1.123),
  ('237cd9dc-0eef-5d39-8e7f-c837ce3f77cc', 15, 1.141),
  ('237cd9dc-0eef-5d39-8e7f-c837ce3f77cc', 16, 1.143),
  ('237cd9dc-0eef-5d39-8e7f-c837ce3f77cc', 17, 1.147),
  ('237cd9dc-0eef-5d39-8e7f-c837ce3f77cc', 18, 1.154),
  ('237cd9dc-0eef-5d39-8e7f-c837ce3f77cc', 19, 1.163),
  ('237cd9dc-0eef-5d39-8e7f-c837ce3f77cc', 20, 1.154),
  ('237cd9dc-0eef-5d39-8e7f-c837ce3f77cc', 21, 1.157),
  ('237cd9dc-0eef-5d39-8e7f-c837ce3f77cc', 22, 0.108),
  ('237cd9dc-0eef-5d39-8e7f-c837ce3f77cc', 23, 1.169),
  ('237cd9dc-0eef-5d39-8e7f-c837ce3f77cc', 24, 1.19),
  ('e03dd37e-51c9-5017-9248-c989e33b84b0', 0, 0.372),
  ('e03dd37e-51c9-5017-9248-c989e33b84b0', 1, 0.469),
  ('e03dd37e-51c9-5017-9248-c989e33b84b0', 2, 0.58),
  ('e03dd37e-51c9-5017-9248-c989e33b84b0', 3, 0.68),
  ('e03dd37e-51c9-5017-9248-c989e33b84b0', 4, 0.763),
  ('e03dd37e-51c9-5017-9248-c989e33b84b0', 5, 0.845),
  ('e03dd37e-51c9-5017-9248-c989e33b84b0', 6, 0.899),
  ('e03dd37e-51c9-5017-9248-c989e33b84b0', 7, 0.955),
  ('e03dd37e-51c9-5017-9248-c989e33b84b0', 8, 0.994),
  ('e03dd37e-51c9-5017-9248-c989e33b84b0', 9, 1.031),
  ('e03dd37e-51c9-5017-9248-c989e33b84b0', 10, 1.065),
  ('e03dd37e-51c9-5017-9248-c989e33b84b0', 11, 1.078),
  ('e03dd37e-51c9-5017-9248-c989e33b84b0', 12, 0.176),
  ('e03dd37e-51c9-5017-9248-c989e33b84b0', 13, 1.12),
  ('e03dd37e-51c9-5017-9248-c989e33b84b0', 14, 1.137),
  ('e03dd37e-51c9-5017-9248-c989e33b84b0', 15, 1.148),
  ('e03dd37e-51c9-5017-9248-c989e33b84b0', 16, 1.158),
  ('e03dd37e-51c9-5017-9248-c989e33b84b0', 17, 1.165),
  ('e03dd37e-51c9-5017-9248-c989e33b84b0', 18, 1.169),
  ('e03dd37e-51c9-5017-9248-c989e33b84b0', 19, 1.16),
  ('e03dd37e-51c9-5017-9248-c989e33b84b0', 20, 1.163),
  ('e03dd37e-51c9-5017-9248-c989e33b84b0', 21, 1.164),
  ('e03dd37e-51c9-5017-9248-c989e33b84b0', 22, 1.179),
  ('e03dd37e-51c9-5017-9248-c989e33b84b0', 23, 1.178),
  ('e03dd37e-51c9-5017-9248-c989e33b84b0', 24, 1.188),
  ('58259f30-f0f6-5d51-948a-b8fa01f42d31', 0, 0.361),
  ('58259f30-f0f6-5d51-948a-b8fa01f42d31', 1, 0.467),
  ('58259f30-f0f6-5d51-948a-b8fa01f42d31', 2, 0.58),
  ('58259f30-f0f6-5d51-948a-b8fa01f42d31', 3, 0.686),
  ('58259f30-f0f6-5d51-948a-b8fa01f42d31', 4, 0.768),
  ('58259f30-f0f6-5d51-948a-b8fa01f42d31', 5, 0.843),
  ('58259f30-f0f6-5d51-948a-b8fa01f42d31', 6, 0.903),
  ('58259f30-f0f6-5d51-948a-b8fa01f42d31', 7, 0.961),
  ('58259f30-f0f6-5d51-948a-b8fa01f42d31', 8, 1.004),
  ('58259f30-f0f6-5d51-948a-b8fa01f42d31', 9, 1.034),
  ('58259f30-f0f6-5d51-948a-b8fa01f42d31', 10, 1.057),
  ('58259f30-f0f6-5d51-948a-b8fa01f42d31', 11, 1.086),
  ('58259f30-f0f6-5d51-948a-b8fa01f42d31', 12, 1.102),
  ('58259f30-f0f6-5d51-948a-b8fa01f42d31', 13, 1.118),
  ('58259f30-f0f6-5d51-948a-b8fa01f42d31', 14, 1.137),
  ('58259f30-f0f6-5d51-948a-b8fa01f42d31', 15, 1.143),
  ('58259f30-f0f6-5d51-948a-b8fa01f42d31', 16, 1.156),
  ('58259f30-f0f6-5d51-948a-b8fa01f42d31', 17, 1.15),
  ('58259f30-f0f6-5d51-948a-b8fa01f42d31', 18, 1.15),
  ('58259f30-f0f6-5d51-948a-b8fa01f42d31', 19, 1.166),
  ('58259f30-f0f6-5d51-948a-b8fa01f42d31', 20, 1.147),
  ('58259f30-f0f6-5d51-948a-b8fa01f42d31', 21, 1.159),
  ('58259f30-f0f6-5d51-948a-b8fa01f42d31', 22, 1.169),
  ('58259f30-f0f6-5d51-948a-b8fa01f42d31', 23, 1.189),
  ('58259f30-f0f6-5d51-948a-b8fa01f42d31', 24, 1.178),
  ('0a43da8a-be17-5542-88dd-dbd094bc5687', 0, 0.354),
  ('0a43da8a-be17-5542-88dd-dbd094bc5687', 1, 0.46),
  ('0a43da8a-be17-5542-88dd-dbd094bc5687', 2, 0.576),
  ('0a43da8a-be17-5542-88dd-dbd094bc5687', 3, 0.661),
  ('0a43da8a-be17-5542-88dd-dbd094bc5687', 4, 0.759),
  ('0a43da8a-be17-5542-88dd-dbd094bc5687', 5, 0.839),
  ('0a43da8a-be17-5542-88dd-dbd094bc5687', 6, 0.891),
  ('0a43da8a-be17-5542-88dd-dbd094bc5687', 7, 0.948),
  ('0a43da8a-be17-5542-88dd-dbd094bc5687', 8, 0.991),
  ('0a43da8a-be17-5542-88dd-dbd094bc5687', 9, 1.022),
  ('0a43da8a-be17-5542-88dd-dbd094bc5687', 10, 1.046),
  ('0a43da8a-be17-5542-88dd-dbd094bc5687', 11, 1.074),
  ('0a43da8a-be17-5542-88dd-dbd094bc5687', 12, 1.097),
  ('0a43da8a-be17-5542-88dd-dbd094bc5687', 13, 1.111),
  ('0a43da8a-be17-5542-88dd-dbd094bc5687', 14, 1.131),
  ('0a43da8a-be17-5542-88dd-dbd094bc5687', 15, 1.14),
  ('0a43da8a-be17-5542-88dd-dbd094bc5687', 16, 1.147),
  ('0a43da8a-be17-5542-88dd-dbd094bc5687', 17, 1.155),
  ('0a43da8a-be17-5542-88dd-dbd094bc5687', 18, 1.158),
  ('0a43da8a-be17-5542-88dd-dbd094bc5687', 19, 1.156),
  ('0a43da8a-be17-5542-88dd-dbd094bc5687', 20, 1.155),
  ('0a43da8a-be17-5542-88dd-dbd094bc5687', 21, 1.16),
  ('0a43da8a-be17-5542-88dd-dbd094bc5687', 22, 1.162),
  ('0a43da8a-be17-5542-88dd-dbd094bc5687', 23, 1.161),
  ('0a43da8a-be17-5542-88dd-dbd094bc5687', 24, 1.164),
  ('2e0f61a2-c267-5a31-b13e-a1e90549f3ff', 0, 0.346),
  ('2e0f61a2-c267-5a31-b13e-a1e90549f3ff', 1, 0.449),
  ('2e0f61a2-c267-5a31-b13e-a1e90549f3ff', 2, 0.556),
  ('2e0f61a2-c267-5a31-b13e-a1e90549f3ff', 3, 0.654),
  ('2e0f61a2-c267-5a31-b13e-a1e90549f3ff', 4, 0.743),
  ('2e0f61a2-c267-5a31-b13e-a1e90549f3ff', 5, 0.823),
  ('2e0f61a2-c267-5a31-b13e-a1e90549f3ff', 6, 0.903),
  ('2e0f61a2-c267-5a31-b13e-a1e90549f3ff', 7, 0.961),
  ('2e0f61a2-c267-5a31-b13e-a1e90549f3ff', 8, 1.003),
  ('2e0f61a2-c267-5a31-b13e-a1e90549f3ff', 9, 1.021),
  ('2e0f61a2-c267-5a31-b13e-a1e90549f3ff', 10, 1.052),
  ('2e0f61a2-c267-5a31-b13e-a1e90549f3ff', 11, 1.073),
  ('2e0f61a2-c267-5a31-b13e-a1e90549f3ff', 12, 1.09),
  ('2e0f61a2-c267-5a31-b13e-a1e90549f3ff', 13, 1.113),
  ('2e0f61a2-c267-5a31-b13e-a1e90549f3ff', 14, 1.12),
  ('2e0f61a2-c267-5a31-b13e-a1e90549f3ff', 15, 1.13),
  ('2e0f61a2-c267-5a31-b13e-a1e90549f3ff', 16, 1.142),
  ('2e0f61a2-c267-5a31-b13e-a1e90549f3ff', 17, 1.145),
  ('2e0f61a2-c267-5a31-b13e-a1e90549f3ff', 18, 1.153),
  ('2e0f61a2-c267-5a31-b13e-a1e90549f3ff', 19, 1.141),
  ('2e0f61a2-c267-5a31-b13e-a1e90549f3ff', 20, 1.177),
  ('2e0f61a2-c267-5a31-b13e-a1e90549f3ff', 21, 1.164),
  ('2e0f61a2-c267-5a31-b13e-a1e90549f3ff', 22, 1.165),
  ('2e0f61a2-c267-5a31-b13e-a1e90549f3ff', 23, 1.183),
  ('2e0f61a2-c267-5a31-b13e-a1e90549f3ff', 24, 1.193),
  ('f96470d3-f4bb-5de0-8b43-488fb30ef79d', 0, 0.351),
  ('f96470d3-f4bb-5de0-8b43-488fb30ef79d', 1, 0.457),
  ('f96470d3-f4bb-5de0-8b43-488fb30ef79d', 2, 0.571),
  ('f96470d3-f4bb-5de0-8b43-488fb30ef79d', 3, 0.665),
  ('f96470d3-f4bb-5de0-8b43-488fb30ef79d', 4, 0.757),
  ('f96470d3-f4bb-5de0-8b43-488fb30ef79d', 5, 0.836),
  ('f96470d3-f4bb-5de0-8b43-488fb30ef79d', 6, 0.891),
  ('f96470d3-f4bb-5de0-8b43-488fb30ef79d', 7, 0.946),
  ('f96470d3-f4bb-5de0-8b43-488fb30ef79d', 8, 0.989),
  ('f96470d3-f4bb-5de0-8b43-488fb30ef79d', 9, 1.021),
  ('f96470d3-f4bb-5de0-8b43-488fb30ef79d', 10, 1.046),
  ('f96470d3-f4bb-5de0-8b43-488fb30ef79d', 11, 1.073),
  ('f96470d3-f4bb-5de0-8b43-488fb30ef79d', 12, 1.094),
  ('f96470d3-f4bb-5de0-8b43-488fb30ef79d', 13, 1.113),
  ('f96470d3-f4bb-5de0-8b43-488fb30ef79d', 14, 1.127),
  ('f96470d3-f4bb-5de0-8b43-488fb30ef79d', 15, 1.145),
  ('f96470d3-f4bb-5de0-8b43-488fb30ef79d', 16, 1.141),
  ('f96470d3-f4bb-5de0-8b43-488fb30ef79d', 17, 1.146),
  ('f96470d3-f4bb-5de0-8b43-488fb30ef79d', 18, 1.152),
  ('f96470d3-f4bb-5de0-8b43-488fb30ef79d', 19, 1.146),
  ('f96470d3-f4bb-5de0-8b43-488fb30ef79d', 20, 1.15),
  ('f96470d3-f4bb-5de0-8b43-488fb30ef79d', 21, 1.171),
  ('f96470d3-f4bb-5de0-8b43-488fb30ef79d', 22, 1.175),
  ('f96470d3-f4bb-5de0-8b43-488fb30ef79d', 23, 1.168),
  ('f96470d3-f4bb-5de0-8b43-488fb30ef79d', 24, 1.187),
  ('8c111a43-a216-55d9-a77d-1d716b46f6d0', 0, 0.372),
  ('8c111a43-a216-55d9-a77d-1d716b46f6d0', 1, 0.47),
  ('8c111a43-a216-55d9-a77d-1d716b46f6d0', 2, 0.599),
  ('8c111a43-a216-55d9-a77d-1d716b46f6d0', 3, 0.684),
  ('8c111a43-a216-55d9-a77d-1d716b46f6d0', 4, 0.773),
  ('8c111a43-a216-55d9-a77d-1d716b46f6d0', 5, 0.858),
  ('8c111a43-a216-55d9-a77d-1d716b46f6d0', 6, 0.914),
  ('8c111a43-a216-55d9-a77d-1d716b46f6d0', 7, 0.966),
  ('8c111a43-a216-55d9-a77d-1d716b46f6d0', 8, 1.014),
  ('8c111a43-a216-55d9-a77d-1d716b46f6d0', 9, 1.046),
  ('8c111a43-a216-55d9-a77d-1d716b46f6d0', 10, 1.065),
  ('8c111a43-a216-55d9-a77d-1d716b46f6d0', 11, 1.088),
  ('8c111a43-a216-55d9-a77d-1d716b46f6d0', 12, 1.104),
  ('8c111a43-a216-55d9-a77d-1d716b46f6d0', 13, 1.121),
  ('8c111a43-a216-55d9-a77d-1d716b46f6d0', 14, 1.135),
  ('8c111a43-a216-55d9-a77d-1d716b46f6d0', 15, 1.152),
  ('8c111a43-a216-55d9-a77d-1d716b46f6d0', 16, 1.166),
  ('8c111a43-a216-55d9-a77d-1d716b46f6d0', 17, 1.154),
  ('8c111a43-a216-55d9-a77d-1d716b46f6d0', 18, 1.17),
  ('8c111a43-a216-55d9-a77d-1d716b46f6d0', 19, 1.178),
  ('8c111a43-a216-55d9-a77d-1d716b46f6d0', 20, 1.179),
  ('8c111a43-a216-55d9-a77d-1d716b46f6d0', 21, 1.194),
  ('8c111a43-a216-55d9-a77d-1d716b46f6d0', 22, 1.206),
  ('8c111a43-a216-55d9-a77d-1d716b46f6d0', 23, 1.201),
  ('8c111a43-a216-55d9-a77d-1d716b46f6d0', 24, 1.2),
  ('b64ef9b1-1f14-5fe7-bda8-cd74ff830b4a', 0, 0.375),
  ('b64ef9b1-1f14-5fe7-bda8-cd74ff830b4a', 1, 0.472),
  ('b64ef9b1-1f14-5fe7-bda8-cd74ff830b4a', 2, 0.579),
  ('b64ef9b1-1f14-5fe7-bda8-cd74ff830b4a', 3, 0.682),
  ('b64ef9b1-1f14-5fe7-bda8-cd74ff830b4a', 4, 0.764),
  ('b64ef9b1-1f14-5fe7-bda8-cd74ff830b4a', 5, 0.844),
  ('b64ef9b1-1f14-5fe7-bda8-cd74ff830b4a', 6, 0.904),
  ('b64ef9b1-1f14-5fe7-bda8-cd74ff830b4a', 7, 0.957),
  ('b64ef9b1-1f14-5fe7-bda8-cd74ff830b4a', 8, 1.001),
  ('b64ef9b1-1f14-5fe7-bda8-cd74ff830b4a', 9, 1.033),
  ('b64ef9b1-1f14-5fe7-bda8-cd74ff830b4a', 10, 1.056),
  ('b64ef9b1-1f14-5fe7-bda8-cd74ff830b4a', 11, 1.083),
  ('b64ef9b1-1f14-5fe7-bda8-cd74ff830b4a', 12, 1.095),
  ('b64ef9b1-1f14-5fe7-bda8-cd74ff830b4a', 13, 1.118),
  ('b64ef9b1-1f14-5fe7-bda8-cd74ff830b4a', 14, 1.137),
  ('b64ef9b1-1f14-5fe7-bda8-cd74ff830b4a', 15, 1.139),
  ('b64ef9b1-1f14-5fe7-bda8-cd74ff830b4a', 16, 1.156),
  ('b64ef9b1-1f14-5fe7-bda8-cd74ff830b4a', 17, 1.148),
  ('b64ef9b1-1f14-5fe7-bda8-cd74ff830b4a', 18, 1.157),
  ('b64ef9b1-1f14-5fe7-bda8-cd74ff830b4a', 19, 1.164),
  ('b64ef9b1-1f14-5fe7-bda8-cd74ff830b4a', 20, 1.155),
  ('b64ef9b1-1f14-5fe7-bda8-cd74ff830b4a', 21, 1.186),
  ('b64ef9b1-1f14-5fe7-bda8-cd74ff830b4a', 22, 1.168),
  ('b64ef9b1-1f14-5fe7-bda8-cd74ff830b4a', 23, 1.162),
  ('b64ef9b1-1f14-5fe7-bda8-cd74ff830b4a', 24, 1.172),
  ('9d4f21b1-a54c-59a3-ba78-6f8288fb3e6c', 0, 0.342),
  ('9d4f21b1-a54c-59a3-ba78-6f8288fb3e6c', 1, 0.46),
  ('9d4f21b1-a54c-59a3-ba78-6f8288fb3e6c', 2, 0.573),
  ('9d4f21b1-a54c-59a3-ba78-6f8288fb3e6c', 3, 0.67),
  ('9d4f21b1-a54c-59a3-ba78-6f8288fb3e6c', 4, 0.761),
  ('9d4f21b1-a54c-59a3-ba78-6f8288fb3e6c', 5, 0.836),
  ('9d4f21b1-a54c-59a3-ba78-6f8288fb3e6c', 6, 0.897),
  ('9d4f21b1-a54c-59a3-ba78-6f8288fb3e6c', 7, 0.957),
  ('9d4f21b1-a54c-59a3-ba78-6f8288fb3e6c', 8, 0.993),
  ('9d4f21b1-a54c-59a3-ba78-6f8288fb3e6c', 9, 1.027),
  ('9d4f21b1-a54c-59a3-ba78-6f8288fb3e6c', 10, 1.06),
  ('9d4f21b1-a54c-59a3-ba78-6f8288fb3e6c', 11, 1.076),
  ('9d4f21b1-a54c-59a3-ba78-6f8288fb3e6c', 12, 1.095),
  ('9d4f21b1-a54c-59a3-ba78-6f8288fb3e6c', 13, 1.11),
  ('9d4f21b1-a54c-59a3-ba78-6f8288fb3e6c', 14, 1.128),
  ('9d4f21b1-a54c-59a3-ba78-6f8288fb3e6c', 15, 1.139),
  ('9d4f21b1-a54c-59a3-ba78-6f8288fb3e6c', 16, 1.145),
  ('9d4f21b1-a54c-59a3-ba78-6f8288fb3e6c', 17, 1.151),
  ('9d4f21b1-a54c-59a3-ba78-6f8288fb3e6c', 18, 1.144),
  ('9d4f21b1-a54c-59a3-ba78-6f8288fb3e6c', 19, 1.146),
  ('9d4f21b1-a54c-59a3-ba78-6f8288fb3e6c', 20, 1.154),
  ('9d4f21b1-a54c-59a3-ba78-6f8288fb3e6c', 21, 1.166),
  ('9d4f21b1-a54c-59a3-ba78-6f8288fb3e6c', 22, 1.174),
  ('9d4f21b1-a54c-59a3-ba78-6f8288fb3e6c', 23, 1.298),
  ('9d4f21b1-a54c-59a3-ba78-6f8288fb3e6c', 24, 1.261),
  ('1e2016fd-2de1-5f84-ab01-891dc0c8ea92', 0, 0.364),
  ('1e2016fd-2de1-5f84-ab01-891dc0c8ea92', 1, 0.474),
  ('1e2016fd-2de1-5f84-ab01-891dc0c8ea92', 2, 0.58),
  ('1e2016fd-2de1-5f84-ab01-891dc0c8ea92', 3, 0.671),
  ('1e2016fd-2de1-5f84-ab01-891dc0c8ea92', 4, 0.764),
  ('1e2016fd-2de1-5f84-ab01-891dc0c8ea92', 5, 0.838),
  ('1e2016fd-2de1-5f84-ab01-891dc0c8ea92', 6, 0.908),
  ('1e2016fd-2de1-5f84-ab01-891dc0c8ea92', 7, 0.957),
  ('1e2016fd-2de1-5f84-ab01-891dc0c8ea92', 8, 1.007),
  ('1e2016fd-2de1-5f84-ab01-891dc0c8ea92', 9, 1.03),
  ('1e2016fd-2de1-5f84-ab01-891dc0c8ea92', 10, 1.058),
  ('1e2016fd-2de1-5f84-ab01-891dc0c8ea92', 11, 1.077),
  ('1e2016fd-2de1-5f84-ab01-891dc0c8ea92', 12, 1.092),
  ('1e2016fd-2de1-5f84-ab01-891dc0c8ea92', 13, 1.116),
  ('1e2016fd-2de1-5f84-ab01-891dc0c8ea92', 14, 1.127),
  ('1e2016fd-2de1-5f84-ab01-891dc0c8ea92', 15, 1.144),
  ('1e2016fd-2de1-5f84-ab01-891dc0c8ea92', 16, 1.149),
  ('1e2016fd-2de1-5f84-ab01-891dc0c8ea92', 17, 1.163),
  ('1e2016fd-2de1-5f84-ab01-891dc0c8ea92', 18, 1.169),
  ('1e2016fd-2de1-5f84-ab01-891dc0c8ea92', 19, 1.174),
  ('1e2016fd-2de1-5f84-ab01-891dc0c8ea92', 20, 1.157),
  ('1e2016fd-2de1-5f84-ab01-891dc0c8ea92', 21, 1.161),
  ('1e2016fd-2de1-5f84-ab01-891dc0c8ea92', 22, 1.171),
  ('1e2016fd-2de1-5f84-ab01-891dc0c8ea92', 23, 1.174),
  ('1e2016fd-2de1-5f84-ab01-891dc0c8ea92', 24, 1.18),
  ('ea400fbb-8aa1-5cc3-8a9b-f5c578bbef14', 0, 0.357),
  ('ea400fbb-8aa1-5cc3-8a9b-f5c578bbef14', 1, 0.466),
  ('ea400fbb-8aa1-5cc3-8a9b-f5c578bbef14', 2, 0.579),
  ('ea400fbb-8aa1-5cc3-8a9b-f5c578bbef14', 3, 0.678),
  ('ea400fbb-8aa1-5cc3-8a9b-f5c578bbef14', 4, 0.769),
  ('ea400fbb-8aa1-5cc3-8a9b-f5c578bbef14', 5, 0.845),
  ('ea400fbb-8aa1-5cc3-8a9b-f5c578bbef14', 6, 0.908),
  ('ea400fbb-8aa1-5cc3-8a9b-f5c578bbef14', 7, 0.96),
  ('ea400fbb-8aa1-5cc3-8a9b-f5c578bbef14', 8, 1.006),
  ('ea400fbb-8aa1-5cc3-8a9b-f5c578bbef14', 9, 1.038),
  ('ea400fbb-8aa1-5cc3-8a9b-f5c578bbef14', 10, 1.061),
  ('ea400fbb-8aa1-5cc3-8a9b-f5c578bbef14', 11, 1.085),
  ('ea400fbb-8aa1-5cc3-8a9b-f5c578bbef14', 12, 1.104),
  ('ea400fbb-8aa1-5cc3-8a9b-f5c578bbef14', 13, 1.117),
  ('ea400fbb-8aa1-5cc3-8a9b-f5c578bbef14', 14, 1.146),
  ('ea400fbb-8aa1-5cc3-8a9b-f5c578bbef14', 15, 1.15),
  ('ea400fbb-8aa1-5cc3-8a9b-f5c578bbef14', 16, 1.159),
  ('ea400fbb-8aa1-5cc3-8a9b-f5c578bbef14', 17, 1.162),
  ('ea400fbb-8aa1-5cc3-8a9b-f5c578bbef14', 18, 1.164),
  ('ea400fbb-8aa1-5cc3-8a9b-f5c578bbef14', 19, 1.18),
  ('ea400fbb-8aa1-5cc3-8a9b-f5c578bbef14', 20, 1.173),
  ('ea400fbb-8aa1-5cc3-8a9b-f5c578bbef14', 21, 1.169),
  ('ea400fbb-8aa1-5cc3-8a9b-f5c578bbef14', 22, 1.181),
  ('ea400fbb-8aa1-5cc3-8a9b-f5c578bbef14', 23, 1.194),
  ('ea400fbb-8aa1-5cc3-8a9b-f5c578bbef14', 24, 1.178),
  ('be0dce8d-29ad-587b-8aec-a05fc2672b13', 0, 0.36),
  ('be0dce8d-29ad-587b-8aec-a05fc2672b13', 1, 0.469),
  ('be0dce8d-29ad-587b-8aec-a05fc2672b13', 2, 0.578),
  ('be0dce8d-29ad-587b-8aec-a05fc2672b13', 3, 0.682),
  ('be0dce8d-29ad-587b-8aec-a05fc2672b13', 4, 0.763),
  ('be0dce8d-29ad-587b-8aec-a05fc2672b13', 5, 0.835),
  ('be0dce8d-29ad-587b-8aec-a05fc2672b13', 6, 0.896),
  ('be0dce8d-29ad-587b-8aec-a05fc2672b13', 7, 0.95),
  ('be0dce8d-29ad-587b-8aec-a05fc2672b13', 8, 0.993),
  ('be0dce8d-29ad-587b-8aec-a05fc2672b13', 9, 1.027),
  ('be0dce8d-29ad-587b-8aec-a05fc2672b13', 10, 1.049),
  ('be0dce8d-29ad-587b-8aec-a05fc2672b13', 11, 1.08),
  ('be0dce8d-29ad-587b-8aec-a05fc2672b13', 12, 1.097),
  ('be0dce8d-29ad-587b-8aec-a05fc2672b13', 13, 1.11),
  ('be0dce8d-29ad-587b-8aec-a05fc2672b13', 14, 1.127),
  ('be0dce8d-29ad-587b-8aec-a05fc2672b13', 15, 1.139),
  ('be0dce8d-29ad-587b-8aec-a05fc2672b13', 16, 1.142),
  ('be0dce8d-29ad-587b-8aec-a05fc2672b13', 17, 1.156),
  ('be0dce8d-29ad-587b-8aec-a05fc2672b13', 18, 1.151),
  ('be0dce8d-29ad-587b-8aec-a05fc2672b13', 19, 1.151),
  ('be0dce8d-29ad-587b-8aec-a05fc2672b13', 20, 1.154),
  ('be0dce8d-29ad-587b-8aec-a05fc2672b13', 21, 1.161),
  ('be0dce8d-29ad-587b-8aec-a05fc2672b13', 22, 1.174),
  ('be0dce8d-29ad-587b-8aec-a05fc2672b13', 23, 1.166),
  ('be0dce8d-29ad-587b-8aec-a05fc2672b13', 24, 1.174),
  ('f49674c0-92a0-52fa-b955-0abeac4f5e80', 0, 0.347),
  ('f49674c0-92a0-52fa-b955-0abeac4f5e80', 1, 0.46),
  ('f49674c0-92a0-52fa-b955-0abeac4f5e80', 2, 0.573),
  ('f49674c0-92a0-52fa-b955-0abeac4f5e80', 3, 0.67),
  ('f49674c0-92a0-52fa-b955-0abeac4f5e80', 4, 0.76),
  ('f49674c0-92a0-52fa-b955-0abeac4f5e80', 5, 0.844),
  ('f49674c0-92a0-52fa-b955-0abeac4f5e80', 6, 0.895),
  ('f49674c0-92a0-52fa-b955-0abeac4f5e80', 7, 0.95),
  ('f49674c0-92a0-52fa-b955-0abeac4f5e80', 8, 0.993),
  ('f49674c0-92a0-52fa-b955-0abeac4f5e80', 9, 1.025),
  ('f49674c0-92a0-52fa-b955-0abeac4f5e80', 10, 1.055),
  ('f49674c0-92a0-52fa-b955-0abeac4f5e80', 11, 1.075),
  ('f49674c0-92a0-52fa-b955-0abeac4f5e80', 12, 1.091),
  ('f49674c0-92a0-52fa-b955-0abeac4f5e80', 13, 1.108),
  ('f49674c0-92a0-52fa-b955-0abeac4f5e80', 14, 1.124),
  ('f49674c0-92a0-52fa-b955-0abeac4f5e80', 15, 1.135),
  ('f49674c0-92a0-52fa-b955-0abeac4f5e80', 16, 1.141),
  ('f49674c0-92a0-52fa-b955-0abeac4f5e80', 17, 1.147),
  ('f49674c0-92a0-52fa-b955-0abeac4f5e80', 18, 1.153),
  ('f49674c0-92a0-52fa-b955-0abeac4f5e80', 19, 1.157),
  ('f49674c0-92a0-52fa-b955-0abeac4f5e80', 20, 1.171),
  ('f49674c0-92a0-52fa-b955-0abeac4f5e80', 21, 1.18),
  ('f49674c0-92a0-52fa-b955-0abeac4f5e80', 22, 1.184),
  ('f49674c0-92a0-52fa-b955-0abeac4f5e80', 23, 1.17),
  ('f49674c0-92a0-52fa-b955-0abeac4f5e80', 24, 1.187),
  ('bc00208e-eb4b-5d29-84a0-ac43c28c2f9c', 0, 0.357),
  ('bc00208e-eb4b-5d29-84a0-ac43c28c2f9c', 1, 0.462),
  ('bc00208e-eb4b-5d29-84a0-ac43c28c2f9c', 2, 0.573),
  ('bc00208e-eb4b-5d29-84a0-ac43c28c2f9c', 3, 0.671),
  ('bc00208e-eb4b-5d29-84a0-ac43c28c2f9c', 4, 0.758),
  ('bc00208e-eb4b-5d29-84a0-ac43c28c2f9c', 5, 0.837),
  ('bc00208e-eb4b-5d29-84a0-ac43c28c2f9c', 6, 0.896),
  ('bc00208e-eb4b-5d29-84a0-ac43c28c2f9c', 7, 0.951),
  ('bc00208e-eb4b-5d29-84a0-ac43c28c2f9c', 8, 0.996),
  ('bc00208e-eb4b-5d29-84a0-ac43c28c2f9c', 9, 1.026),
  ('bc00208e-eb4b-5d29-84a0-ac43c28c2f9c', 10, 1.054),
  ('bc00208e-eb4b-5d29-84a0-ac43c28c2f9c', 11, 1.077),
  ('bc00208e-eb4b-5d29-84a0-ac43c28c2f9c', 12, 1.078),
  ('bc00208e-eb4b-5d29-84a0-ac43c28c2f9c', 13, 1.112),
  ('bc00208e-eb4b-5d29-84a0-ac43c28c2f9c', 14, 1.127),
  ('bc00208e-eb4b-5d29-84a0-ac43c28c2f9c', 15, 1.141),
  ('bc00208e-eb4b-5d29-84a0-ac43c28c2f9c', 16, 1.148),
  ('bc00208e-eb4b-5d29-84a0-ac43c28c2f9c', 17, 1.152),
  ('bc00208e-eb4b-5d29-84a0-ac43c28c2f9c', 18, 1.154),
  ('bc00208e-eb4b-5d29-84a0-ac43c28c2f9c', 19, 1.156),
  ('bc00208e-eb4b-5d29-84a0-ac43c28c2f9c', 20, 1.158),
  ('bc00208e-eb4b-5d29-84a0-ac43c28c2f9c', 21, 1.166),
  ('bc00208e-eb4b-5d29-84a0-ac43c28c2f9c', 22, 1.154),
  ('bc00208e-eb4b-5d29-84a0-ac43c28c2f9c', 23, 1.179),
  ('bc00208e-eb4b-5d29-84a0-ac43c28c2f9c', 24, 1.182),
  ('affab69d-d0ca-5c9f-92a9-184cf1304f8f', 0, 0.339),
  ('affab69d-d0ca-5c9f-92a9-184cf1304f8f', 1, 0.445),
  ('affab69d-d0ca-5c9f-92a9-184cf1304f8f', 2, 0.554),
  ('affab69d-d0ca-5c9f-92a9-184cf1304f8f', 3, 0.652),
  ('affab69d-d0ca-5c9f-92a9-184cf1304f8f', 4, 0.743),
  ('affab69d-d0ca-5c9f-92a9-184cf1304f8f', 5, 0.823),
  ('affab69d-d0ca-5c9f-92a9-184cf1304f8f', 6, 0.883),
  ('affab69d-d0ca-5c9f-92a9-184cf1304f8f', 7, 0.936),
  ('affab69d-d0ca-5c9f-92a9-184cf1304f8f', 8, 0.983),
  ('affab69d-d0ca-5c9f-92a9-184cf1304f8f', 9, 1.008),
  ('affab69d-d0ca-5c9f-92a9-184cf1304f8f', 10, 1.035),
  ('affab69d-d0ca-5c9f-92a9-184cf1304f8f', 11, 1.061),
  ('affab69d-d0ca-5c9f-92a9-184cf1304f8f', 12, 0.176),
  ('affab69d-d0ca-5c9f-92a9-184cf1304f8f', 13, 1.093),
  ('affab69d-d0ca-5c9f-92a9-184cf1304f8f', 14, 1.106),
  ('affab69d-d0ca-5c9f-92a9-184cf1304f8f', 15, 1.122),
  ('affab69d-d0ca-5c9f-92a9-184cf1304f8f', 16, 1.128),
  ('affab69d-d0ca-5c9f-92a9-184cf1304f8f', 17, 1.128),
  ('affab69d-d0ca-5c9f-92a9-184cf1304f8f', 18, 1.131),
  ('affab69d-d0ca-5c9f-92a9-184cf1304f8f', 19, 1.132),
  ('affab69d-d0ca-5c9f-92a9-184cf1304f8f', 20, 1.129),
  ('affab69d-d0ca-5c9f-92a9-184cf1304f8f', 21, 1.134),
  ('affab69d-d0ca-5c9f-92a9-184cf1304f8f', 22, 0.108),
  ('affab69d-d0ca-5c9f-92a9-184cf1304f8f', 23, 1.136),
  ('affab69d-d0ca-5c9f-92a9-184cf1304f8f', 24, 1.134),
  ('c6cb17e7-7e48-5730-a3ed-80f94a6a985c', 0, 0.377),
  ('c6cb17e7-7e48-5730-a3ed-80f94a6a985c', 1, 0.496),
  ('c6cb17e7-7e48-5730-a3ed-80f94a6a985c', 2, 0.599),
  ('c6cb17e7-7e48-5730-a3ed-80f94a6a985c', 3, 0.693),
  ('c6cb17e7-7e48-5730-a3ed-80f94a6a985c', 4, 0.773),
  ('c6cb17e7-7e48-5730-a3ed-80f94a6a985c', 5, 0.858),
  ('c6cb17e7-7e48-5730-a3ed-80f94a6a985c', 6, 0.914),
  ('c6cb17e7-7e48-5730-a3ed-80f94a6a985c', 7, 0.966),
  ('c6cb17e7-7e48-5730-a3ed-80f94a6a985c', 8, 1.014),
  ('c6cb17e7-7e48-5730-a3ed-80f94a6a985c', 9, 1.046),
  ('c6cb17e7-7e48-5730-a3ed-80f94a6a985c', 10, 1.104),
  ('c6cb17e7-7e48-5730-a3ed-80f94a6a985c', 11, 1.098),
  ('c6cb17e7-7e48-5730-a3ed-80f94a6a985c', 12, 1.105),
  ('c6cb17e7-7e48-5730-a3ed-80f94a6a985c', 13, 1.127),
  ('c6cb17e7-7e48-5730-a3ed-80f94a6a985c', 14, 1.146),
  ('c6cb17e7-7e48-5730-a3ed-80f94a6a985c', 15, 1.161),
  ('c6cb17e7-7e48-5730-a3ed-80f94a6a985c', 16, 1.197),
  ('c6cb17e7-7e48-5730-a3ed-80f94a6a985c', 17, 1.167),
  ('c6cb17e7-7e48-5730-a3ed-80f94a6a985c', 18, 1.182),
  ('c6cb17e7-7e48-5730-a3ed-80f94a6a985c', 19, 1.18),
  ('c6cb17e7-7e48-5730-a3ed-80f94a6a985c', 20, 1.19),
  ('c6cb17e7-7e48-5730-a3ed-80f94a6a985c', 21, 1.194),
  ('c6cb17e7-7e48-5730-a3ed-80f94a6a985c', 22, 1.209),
  ('c6cb17e7-7e48-5730-a3ed-80f94a6a985c', 23, 1.324),
  ('c6cb17e7-7e48-5730-a3ed-80f94a6a985c', 24, 1.264),
  ('5536d150-d45a-5d95-8f4c-53edc5a72d5b', 0, 0.337),
  ('5536d150-d45a-5d95-8f4c-53edc5a72d5b', 1, 0.445),
  ('5536d150-d45a-5d95-8f4c-53edc5a72d5b', 2, 0.555),
  ('5536d150-d45a-5d95-8f4c-53edc5a72d5b', 3, 0.654),
  ('5536d150-d45a-5d95-8f4c-53edc5a72d5b', 4, 0.745),
  ('5536d150-d45a-5d95-8f4c-53edc5a72d5b', 5, 0.825),
  ('5536d150-d45a-5d95-8f4c-53edc5a72d5b', 6, 0.883),
  ('5536d150-d45a-5d95-8f4c-53edc5a72d5b', 7, 0.941),
  ('5536d150-d45a-5d95-8f4c-53edc5a72d5b', 8, 0.985),
  ('5536d150-d45a-5d95-8f4c-53edc5a72d5b', 9, 1.014),
  ('5536d150-d45a-5d95-8f4c-53edc5a72d5b', 10, 1.035),
  ('5536d150-d45a-5d95-8f4c-53edc5a72d5b', 11, 1.065),
  ('5536d150-d45a-5d95-8f4c-53edc5a72d5b', 12, 0.841),
  ('5536d150-d45a-5d95-8f4c-53edc5a72d5b', 13, 1.1),
  ('5536d150-d45a-5d95-8f4c-53edc5a72d5b', 14, 1.114),
  ('5536d150-d45a-5d95-8f4c-53edc5a72d5b', 15, 1.127),
  ('5536d150-d45a-5d95-8f4c-53edc5a72d5b', 16, 1.128),
  ('5536d150-d45a-5d95-8f4c-53edc5a72d5b', 17, 1.135),
  ('5536d150-d45a-5d95-8f4c-53edc5a72d5b', 18, 1.136),
  ('5536d150-d45a-5d95-8f4c-53edc5a72d5b', 19, 1.134),
  ('5536d150-d45a-5d95-8f4c-53edc5a72d5b', 20, 1.133),
  ('5536d150-d45a-5d95-8f4c-53edc5a72d5b', 21, 1.142),
  ('5536d150-d45a-5d95-8f4c-53edc5a72d5b', 22, 0.878),
  ('5536d150-d45a-5d95-8f4c-53edc5a72d5b', 23, 1.108),
  ('5536d150-d45a-5d95-8f4c-53edc5a72d5b', 24, 1.133),
  ('f52d0fa5-237e-5ff9-8733-e955d527bd00', 0, 0.378),
  ('f52d0fa5-237e-5ff9-8733-e955d527bd00', 1, 0.479),
  ('f52d0fa5-237e-5ff9-8733-e955d527bd00', 2, 0.591),
  ('f52d0fa5-237e-5ff9-8733-e955d527bd00', 3, 0.688),
  ('f52d0fa5-237e-5ff9-8733-e955d527bd00', 4, 0.771),
  ('f52d0fa5-237e-5ff9-8733-e955d527bd00', 5, 0.849),
  ('f52d0fa5-237e-5ff9-8733-e955d527bd00', 6, 0.909),
  ('f52d0fa5-237e-5ff9-8733-e955d527bd00', 7, 0.962),
  ('f52d0fa5-237e-5ff9-8733-e955d527bd00', 8, 1.007),
  ('f52d0fa5-237e-5ff9-8733-e955d527bd00', 9, 1.037),
  ('f52d0fa5-237e-5ff9-8733-e955d527bd00', 10, 1.073),
  ('f52d0fa5-237e-5ff9-8733-e955d527bd00', 11, 1.089),
  ('f52d0fa5-237e-5ff9-8733-e955d527bd00', 12, 1.315),
  ('f52d0fa5-237e-5ff9-8733-e955d527bd00', 13, 1.123),
  ('f52d0fa5-237e-5ff9-8733-e955d527bd00', 14, 1.14),
  ('f52d0fa5-237e-5ff9-8733-e955d527bd00', 15, 1.156),
  ('f52d0fa5-237e-5ff9-8733-e955d527bd00', 16, 1.167),
  ('f52d0fa5-237e-5ff9-8733-e955d527bd00', 17, 1.169),
  ('f52d0fa5-237e-5ff9-8733-e955d527bd00', 18, 1.171),
  ('f52d0fa5-237e-5ff9-8733-e955d527bd00', 19, 1.178),
  ('f52d0fa5-237e-5ff9-8733-e955d527bd00', 20, 1.183),
  ('f52d0fa5-237e-5ff9-8733-e955d527bd00', 21, 1.19),
  ('f52d0fa5-237e-5ff9-8733-e955d527bd00', 22, 1.429),
  ('f52d0fa5-237e-5ff9-8733-e955d527bd00', 23, 1.251),
  ('f52d0fa5-237e-5ff9-8733-e955d527bd00', 24, 1.232),
  ('a1fa7379-17af-55be-b9c1-616739c6f730', 0, 0.358),
  ('a1fa7379-17af-55be-b9c1-616739c6f730', 1, 0.462),
  ('a1fa7379-17af-55be-b9c1-616739c6f730', 2, 0.573),
  ('a1fa7379-17af-55be-b9c1-616739c6f730', 3, 0.671),
  ('a1fa7379-17af-55be-b9c1-616739c6f730', 4, 0.758),
  ('a1fa7379-17af-55be-b9c1-616739c6f730', 5, 0.837),
  ('a1fa7379-17af-55be-b9c1-616739c6f730', 6, 0.896),
  ('a1fa7379-17af-55be-b9c1-616739c6f730', 7, 0.951),
  ('a1fa7379-17af-55be-b9c1-616739c6f730', 8, 0.996),
  ('a1fa7379-17af-55be-b9c1-616739c6f730', 9, 1.026),
  ('a1fa7379-17af-55be-b9c1-616739c6f730', 10, 1.054),
  ('a1fa7379-17af-55be-b9c1-616739c6f730', 11, 1.077),
  ('a1fa7379-17af-55be-b9c1-616739c6f730', 12, 1.078),
  ('a1fa7379-17af-55be-b9c1-616739c6f730', 13, 1.112),
  ('a1fa7379-17af-55be-b9c1-616739c6f730', 14, 1.127),
  ('a1fa7379-17af-55be-b9c1-616739c6f730', 15, 1.141),
  ('a1fa7379-17af-55be-b9c1-616739c6f730', 16, 1.148),
  ('a1fa7379-17af-55be-b9c1-616739c6f730', 17, 1.152),
  ('a1fa7379-17af-55be-b9c1-616739c6f730', 18, 1.154),
  ('a1fa7379-17af-55be-b9c1-616739c6f730', 19, 1.156),
  ('a1fa7379-17af-55be-b9c1-616739c6f730', 20, 1.158),
  ('a1fa7379-17af-55be-b9c1-616739c6f730', 21, 1.166),
  ('a1fa7379-17af-55be-b9c1-616739c6f730', 22, 1.154),
  ('a1fa7379-17af-55be-b9c1-616739c6f730', 23, 1.179),
  ('a1fa7379-17af-55be-b9c1-616739c6f730', 24, 1.182),
  ('68b3a283-4513-53f5-b4f3-67a5180127ad', 0, 0.357),
  ('68b3a283-4513-53f5-b4f3-67a5180127ad', 1, 0.462),
  ('68b3a283-4513-53f5-b4f3-67a5180127ad', 2, 0.573),
  ('68b3a283-4513-53f5-b4f3-67a5180127ad', 3, 0.671),
  ('68b3a283-4513-53f5-b4f3-67a5180127ad', 4, 0.758),
  ('68b3a283-4513-53f5-b4f3-67a5180127ad', 5, 0.837),
  ('68b3a283-4513-53f5-b4f3-67a5180127ad', 6, 0.896),
  ('68b3a283-4513-53f5-b4f3-67a5180127ad', 7, 0.951),
  ('68b3a283-4513-53f5-b4f3-67a5180127ad', 8, 0.996),
  ('68b3a283-4513-53f5-b4f3-67a5180127ad', 9, 1.026),
  ('68b3a283-4513-53f5-b4f3-67a5180127ad', 10, 1.053),
  ('68b3a283-4513-53f5-b4f3-67a5180127ad', 11, 1.077),
  ('68b3a283-4513-53f5-b4f3-67a5180127ad', 12, 1.094),
  ('68b3a283-4513-53f5-b4f3-67a5180127ad', 13, 1.112),
  ('68b3a283-4513-53f5-b4f3-67a5180127ad', 14, 1.127),
  ('68b3a283-4513-53f5-b4f3-67a5180127ad', 15, 1.141),
  ('68b3a283-4513-53f5-b4f3-67a5180127ad', 16, 1.147),
  ('68b3a283-4513-53f5-b4f3-67a5180127ad', 17, 1.152),
  ('68b3a283-4513-53f5-b4f3-67a5180127ad', 18, 1.153),
  ('68b3a283-4513-53f5-b4f3-67a5180127ad', 19, 1.156),
  ('68b3a283-4513-53f5-b4f3-67a5180127ad', 20, 1.158),
  ('68b3a283-4513-53f5-b4f3-67a5180127ad', 21, 1.166),
  ('68b3a283-4513-53f5-b4f3-67a5180127ad', 22, 1.171),
  ('68b3a283-4513-53f5-b4f3-67a5180127ad', 23, 1.175),
  ('68b3a283-4513-53f5-b4f3-67a5180127ad', 24, 1.18);

-- ===== #FXL : 67 samples =====
insert into measurements (id, batch_id, sample_no, length, is_flagged) values
  ('a784096a-6efd-5199-ae7f-4c4f3e856584', '8e69eb11-fe6f-58ca-a3f4-2dafd53dbf41', 1, 29.638, false),
  ('5ee83dcd-2a94-52dd-8b93-4caffaf12113', '8e69eb11-fe6f-58ca-a3f4-2dafd53dbf41', 2, 29.49, false),
  ('1f7e937e-b48f-5adb-b5fc-6562ed246352', '8e69eb11-fe6f-58ca-a3f4-2dafd53dbf41', 3, 29.602, false),
  ('98a207ce-4588-55b3-a14a-cfb5fb7eab23', '8e69eb11-fe6f-58ca-a3f4-2dafd53dbf41', 4, 29.878, false),
  ('f8df4f9e-427c-5c9c-a6e7-f45cafe06eb7', '8e69eb11-fe6f-58ca-a3f4-2dafd53dbf41', 5, 29.919, false),
  ('b88d47cb-6b62-5591-a57b-06ff2425fbe6', '8e69eb11-fe6f-58ca-a3f4-2dafd53dbf41', 6, 29.554, false),
  ('6f12aa88-2386-5f32-b1d5-adccb44f8e98', '8e69eb11-fe6f-58ca-a3f4-2dafd53dbf41', 7, 29.708, false),
  ('4b0dbfc7-5faa-5e66-b6c2-1d9e22216145', '8e69eb11-fe6f-58ca-a3f4-2dafd53dbf41', 8, 29.129, false),
  ('1684810f-b5c8-536d-83a8-7b7a8619a4b1', '8e69eb11-fe6f-58ca-a3f4-2dafd53dbf41', 9, 29.679, false),
  ('f4b28433-a28a-5f3a-9617-f327a12974c7', '8e69eb11-fe6f-58ca-a3f4-2dafd53dbf41', 10, 29.585, false),
  ('f21774de-acd5-560b-82e1-ad4fc451a39a', '8e69eb11-fe6f-58ca-a3f4-2dafd53dbf41', 11, 29.749, false),
  ('3a591dcf-b1c6-5b75-ad88-559596c1d8db', '8e69eb11-fe6f-58ca-a3f4-2dafd53dbf41', 12, 29.923, false),
  ('aac9c271-e16b-5353-a075-0598a409df77', '8e69eb11-fe6f-58ca-a3f4-2dafd53dbf41', 13, 29.703, false),
  ('9d14c0f4-83c9-5cd2-ab98-7d938e9efae9', '8e69eb11-fe6f-58ca-a3f4-2dafd53dbf41', 14, 29.835, false),
  ('00c6bac7-db53-5800-8115-a43cc89dd0c1', '8e69eb11-fe6f-58ca-a3f4-2dafd53dbf41', 15, 29.894, false),
  ('5e952eb3-75d4-5341-a654-4a5bcd77b2c7', '8e69eb11-fe6f-58ca-a3f4-2dafd53dbf41', 16, 29.544, false),
  ('425fa9a9-5ec8-5ab9-8b44-843b315d8d12', '8e69eb11-fe6f-58ca-a3f4-2dafd53dbf41', 17, 29.73, false),
  ('6921aee3-32c8-53b3-9b1f-c0314b816caf', '8e69eb11-fe6f-58ca-a3f4-2dafd53dbf41', 18, 29.635, false),
  ('82ab2de2-c003-561c-8fe9-54b31891cbfb', '8e69eb11-fe6f-58ca-a3f4-2dafd53dbf41', 19, 29.988, false),
  ('b27586de-2c45-5207-9303-3c451376dd52', '8e69eb11-fe6f-58ca-a3f4-2dafd53dbf41', 20, 29.652, false),
  ('25e1c69c-66d7-5d55-b3a4-6670b206c91e', '8e69eb11-fe6f-58ca-a3f4-2dafd53dbf41', 21, 29.9, false),
  ('69685556-430c-5bd6-95fe-6172c1d4bcc8', '8e69eb11-fe6f-58ca-a3f4-2dafd53dbf41', 22, 29.616, false),
  ('83e748cd-193e-5f4c-a6a5-c0ac0bf1a2c8', '8e69eb11-fe6f-58ca-a3f4-2dafd53dbf41', 23, 30.013, false),
  ('fa0c1d94-a9d1-56f6-8c66-428ec90f1ad4', '8e69eb11-fe6f-58ca-a3f4-2dafd53dbf41', 24, 29.797, false),
  ('5f02b12c-807d-5121-b54e-46ff00b242d0', '8e69eb11-fe6f-58ca-a3f4-2dafd53dbf41', 25, 30.273, false),
  ('2998e95e-d5da-55eb-b1d1-1dfd0d76438f', '8e69eb11-fe6f-58ca-a3f4-2dafd53dbf41', 26, 29.857, false),
  ('2e760456-b54b-5db7-b303-af8186220ed2', '8e69eb11-fe6f-58ca-a3f4-2dafd53dbf41', 27, 29.804, false),
  ('97d56f2a-12ff-5811-83c8-2a9edba8e52c', '8e69eb11-fe6f-58ca-a3f4-2dafd53dbf41', 28, 29.477, false),
  ('039a8664-b274-5f0a-95cd-23d6f54fa358', '8e69eb11-fe6f-58ca-a3f4-2dafd53dbf41', 29, 29.636, false),
  ('44bd11d4-f824-51c0-8b45-2dae868a4de0', '8e69eb11-fe6f-58ca-a3f4-2dafd53dbf41', 30, 29.648, false),
  ('ecdc26c3-8709-5cb0-bf97-19c0f59805f2', '8e69eb11-fe6f-58ca-a3f4-2dafd53dbf41', 31, 29.871, false),
  ('576aacfb-5a1f-5056-b462-2ca68c68e630', '8e69eb11-fe6f-58ca-a3f4-2dafd53dbf41', 32, 29.962, false),
  ('b818b8b4-e40a-5e8c-8db1-5f0d029d14bd', '8e69eb11-fe6f-58ca-a3f4-2dafd53dbf41', 33, 29.62, false),
  ('38ff7888-bb1d-5697-9446-2bbb92136e7c', '8e69eb11-fe6f-58ca-a3f4-2dafd53dbf41', 34, 29.653, false),
  ('de1e2188-7151-5185-a5c7-4812b4e41070', '8e69eb11-fe6f-58ca-a3f4-2dafd53dbf41', 35, 29.822, false),
  ('5181e19c-a4d3-59da-9a0f-4635f8174e5a', '8e69eb11-fe6f-58ca-a3f4-2dafd53dbf41', 36, 29.297, false),
  ('56a8934b-376b-52fd-8047-8007e3cc7db9', '8e69eb11-fe6f-58ca-a3f4-2dafd53dbf41', 37, 29.612, false),
  ('96a47b81-39db-5429-8621-7a92fe010d1e', '8e69eb11-fe6f-58ca-a3f4-2dafd53dbf41', 38, 29.561, false),
  ('0647d0d6-7646-5735-8f38-6a9643496adb', '8e69eb11-fe6f-58ca-a3f4-2dafd53dbf41', 39, 29.663, false),
  ('33c15180-1ea9-5fb0-a739-07c11b15f330', '8e69eb11-fe6f-58ca-a3f4-2dafd53dbf41', 40, 29.617, false),
  ('3bc6a294-793c-5266-8f7a-6d3d50b0b78f', '8e69eb11-fe6f-58ca-a3f4-2dafd53dbf41', 41, 29.781, false),
  ('f3b032ba-52e2-53a7-a04d-9987330aaaac', '8e69eb11-fe6f-58ca-a3f4-2dafd53dbf41', 42, 29.538, false),
  ('3d9948b6-c426-54c3-8472-3f2e9464ffef', '8e69eb11-fe6f-58ca-a3f4-2dafd53dbf41', 43, 29.692, false),
  ('a86d9869-18ce-51de-87e9-91875270fe84', '8e69eb11-fe6f-58ca-a3f4-2dafd53dbf41', 44, 29.914, false),
  ('e1bed9f5-cd98-5fd7-ad06-d2c2d856e8bf', '8e69eb11-fe6f-58ca-a3f4-2dafd53dbf41', 45, 29.756, false),
  ('66afe1e2-f39a-5276-86be-4c4bf8ae6726', '8e69eb11-fe6f-58ca-a3f4-2dafd53dbf41', 46, 29.362, false),
  ('fe192f78-9c5c-5975-9e78-5ab73c80810e', '8e69eb11-fe6f-58ca-a3f4-2dafd53dbf41', 47, 29.779, false),
  ('21c20030-1793-5035-9477-1745c26eaa4d', '8e69eb11-fe6f-58ca-a3f4-2dafd53dbf41', 48, 29.947, false),
  ('0d93c40d-1d52-5ba5-96d3-4af7075bbb98', '8e69eb11-fe6f-58ca-a3f4-2dafd53dbf41', 49, 29.777, false),
  ('6aa2ec39-ff3a-5f65-b544-0cbab3e686f1', '8e69eb11-fe6f-58ca-a3f4-2dafd53dbf41', 50, 29.938, false),
  ('a8a0a5ed-8c36-5605-8d10-d77758d07b7d', '8e69eb11-fe6f-58ca-a3f4-2dafd53dbf41', 51, 29.861, false),
  ('8a2d2150-7357-5200-8bfa-3b6029f1e97d', '8e69eb11-fe6f-58ca-a3f4-2dafd53dbf41', 52, 29.653, false),
  ('a1228759-d949-574e-aece-33f276af684c', '8e69eb11-fe6f-58ca-a3f4-2dafd53dbf41', 53, 29.486, false),
  ('a5bc8551-cc77-5fa1-8920-fb991a7454b6', '8e69eb11-fe6f-58ca-a3f4-2dafd53dbf41', 54, 29.455, false),
  ('6fb74f85-bcd1-5af8-b5ac-155078b198db', '8e69eb11-fe6f-58ca-a3f4-2dafd53dbf41', 55, 29.555, false),
  ('fcd3b78d-29af-5ee3-b233-f909c522e9ad', '8e69eb11-fe6f-58ca-a3f4-2dafd53dbf41', 56, 29.625, false),
  ('d89addd8-fc7c-5374-8fb2-0bc67aa6746e', '8e69eb11-fe6f-58ca-a3f4-2dafd53dbf41', 57, 29.582, false),
  ('7e9833ac-f75a-5fa9-a968-efe481497b52', '8e69eb11-fe6f-58ca-a3f4-2dafd53dbf41', 58, 29.608, false),
  ('323179df-3b3d-561d-8d99-267e7cf465f2', '8e69eb11-fe6f-58ca-a3f4-2dafd53dbf41', 59, 29.67, false),
  ('5d629baf-3065-54df-ac6d-abb945c09ba1', '8e69eb11-fe6f-58ca-a3f4-2dafd53dbf41', 60, 29.78, false),
  ('e8b6e3b3-36a1-57f1-9b9b-36087e40e010', '8e69eb11-fe6f-58ca-a3f4-2dafd53dbf41', 61, 29.705, false),
  ('36a0e230-7de7-5a42-ae54-bbe76176a75e', '8e69eb11-fe6f-58ca-a3f4-2dafd53dbf41', 62, 29.129, false),
  ('65004048-ba85-5ac8-86a5-b6f54d223b38', '8e69eb11-fe6f-58ca-a3f4-2dafd53dbf41', 63, 30.273, false),
  ('b57f6d5f-d1ad-504c-8ce9-bed1058e0ffe', '8e69eb11-fe6f-58ca-a3f4-2dafd53dbf41', 64, 29.325, false),
  ('e67af128-9390-5df2-8bd3-9fe4a33a41be', '8e69eb11-fe6f-58ca-a3f4-2dafd53dbf41', 65, 30.085, false),
  ('eae55b2f-9b6b-5f3a-8ec5-5bd761930d1b', '8e69eb11-fe6f-58ca-a3f4-2dafd53dbf41', 66, 29.705, false),
  ('aabe6679-3c0e-5f1d-80dd-bad400177ddb', '8e69eb11-fe6f-58ca-a3f4-2dafd53dbf41', 67, 29.708, false);
insert into measurement_points (measurement_id, point_index, value) values
  ('a784096a-6efd-5199-ae7f-4c4f3e856584', 0, 0.504),
  ('a784096a-6efd-5199-ae7f-4c4f3e856584', 1, 0.582),
  ('a784096a-6efd-5199-ae7f-4c4f3e856584', 2, 0.677),
  ('a784096a-6efd-5199-ae7f-4c4f3e856584', 3, 0.773),
  ('a784096a-6efd-5199-ae7f-4c4f3e856584', 4, 0.832),
  ('a784096a-6efd-5199-ae7f-4c4f3e856584', 5, 0.874),
  ('a784096a-6efd-5199-ae7f-4c4f3e856584', 6, 0.922),
  ('a784096a-6efd-5199-ae7f-4c4f3e856584', 7, 0.963),
  ('a784096a-6efd-5199-ae7f-4c4f3e856584', 8, 0.999),
  ('a784096a-6efd-5199-ae7f-4c4f3e856584', 9, 1.042),
  ('a784096a-6efd-5199-ae7f-4c4f3e856584', 10, 1.077),
  ('a784096a-6efd-5199-ae7f-4c4f3e856584', 11, 1.097),
  ('a784096a-6efd-5199-ae7f-4c4f3e856584', 12, 1.106),
  ('a784096a-6efd-5199-ae7f-4c4f3e856584', 13, 1.123),
  ('a784096a-6efd-5199-ae7f-4c4f3e856584', 14, 1.139),
  ('a784096a-6efd-5199-ae7f-4c4f3e856584', 15, 1.15),
  ('a784096a-6efd-5199-ae7f-4c4f3e856584', 16, 1.155),
  ('a784096a-6efd-5199-ae7f-4c4f3e856584', 17, 1.156),
  ('a784096a-6efd-5199-ae7f-4c4f3e856584', 18, 1.153),
  ('a784096a-6efd-5199-ae7f-4c4f3e856584', 19, 1.16),
  ('a784096a-6efd-5199-ae7f-4c4f3e856584', 20, 1.168),
  ('a784096a-6efd-5199-ae7f-4c4f3e856584', 21, 1.159),
  ('a784096a-6efd-5199-ae7f-4c4f3e856584', 22, 1.228),
  ('a784096a-6efd-5199-ae7f-4c4f3e856584', 23, 1.168),
  ('a784096a-6efd-5199-ae7f-4c4f3e856584', 24, 1.175),
  ('5ee83dcd-2a94-52dd-8b93-4caffaf12113', 0, 0.523),
  ('5ee83dcd-2a94-52dd-8b93-4caffaf12113', 1, 0.606),
  ('5ee83dcd-2a94-52dd-8b93-4caffaf12113', 2, 0.717),
  ('5ee83dcd-2a94-52dd-8b93-4caffaf12113', 3, 0.774),
  ('5ee83dcd-2a94-52dd-8b93-4caffaf12113', 4, 0.829),
  ('5ee83dcd-2a94-52dd-8b93-4caffaf12113', 5, 0.878),
  ('5ee83dcd-2a94-52dd-8b93-4caffaf12113', 6, 0.924),
  ('5ee83dcd-2a94-52dd-8b93-4caffaf12113', 7, 0.96),
  ('5ee83dcd-2a94-52dd-8b93-4caffaf12113', 8, 1.005),
  ('5ee83dcd-2a94-52dd-8b93-4caffaf12113', 9, 1.037),
  ('5ee83dcd-2a94-52dd-8b93-4caffaf12113', 10, 1.066),
  ('5ee83dcd-2a94-52dd-8b93-4caffaf12113', 11, 1.097),
  ('5ee83dcd-2a94-52dd-8b93-4caffaf12113', 12, 1.108),
  ('5ee83dcd-2a94-52dd-8b93-4caffaf12113', 13, 1.134),
  ('5ee83dcd-2a94-52dd-8b93-4caffaf12113', 14, 1.143),
  ('5ee83dcd-2a94-52dd-8b93-4caffaf12113', 15, 1.142),
  ('5ee83dcd-2a94-52dd-8b93-4caffaf12113', 16, 1.164),
  ('5ee83dcd-2a94-52dd-8b93-4caffaf12113', 17, 1.155),
  ('5ee83dcd-2a94-52dd-8b93-4caffaf12113', 18, 1.149),
  ('5ee83dcd-2a94-52dd-8b93-4caffaf12113', 19, 1.161),
  ('5ee83dcd-2a94-52dd-8b93-4caffaf12113', 20, 1.177),
  ('5ee83dcd-2a94-52dd-8b93-4caffaf12113', 21, 1.198),
  ('5ee83dcd-2a94-52dd-8b93-4caffaf12113', 22, 1.204),
  ('5ee83dcd-2a94-52dd-8b93-4caffaf12113', 23, 1.177),
  ('5ee83dcd-2a94-52dd-8b93-4caffaf12113', 24, 1.171),
  ('1f7e937e-b48f-5adb-b5fc-6562ed246352', 0, 0.499),
  ('1f7e937e-b48f-5adb-b5fc-6562ed246352', 1, 0.587),
  ('1f7e937e-b48f-5adb-b5fc-6562ed246352', 2, 0.677),
  ('1f7e937e-b48f-5adb-b5fc-6562ed246352', 3, 0.763),
  ('1f7e937e-b48f-5adb-b5fc-6562ed246352', 4, 0.826),
  ('1f7e937e-b48f-5adb-b5fc-6562ed246352', 5, 0.877),
  ('1f7e937e-b48f-5adb-b5fc-6562ed246352', 6, 0.927),
  ('1f7e937e-b48f-5adb-b5fc-6562ed246352', 7, 0.965),
  ('1f7e937e-b48f-5adb-b5fc-6562ed246352', 8, 1.003),
  ('1f7e937e-b48f-5adb-b5fc-6562ed246352', 9, 1.046),
  ('1f7e937e-b48f-5adb-b5fc-6562ed246352', 10, 1.074),
  ('1f7e937e-b48f-5adb-b5fc-6562ed246352', 11, 1.097),
  ('1f7e937e-b48f-5adb-b5fc-6562ed246352', 12, 1.113),
  ('1f7e937e-b48f-5adb-b5fc-6562ed246352', 13, 1.121),
  ('1f7e937e-b48f-5adb-b5fc-6562ed246352', 14, 1.135),
  ('1f7e937e-b48f-5adb-b5fc-6562ed246352', 15, 1.152),
  ('1f7e937e-b48f-5adb-b5fc-6562ed246352', 16, 1.159),
  ('1f7e937e-b48f-5adb-b5fc-6562ed246352', 17, 1.161),
  ('1f7e937e-b48f-5adb-b5fc-6562ed246352', 18, 1.146),
  ('1f7e937e-b48f-5adb-b5fc-6562ed246352', 19, 1.161),
  ('1f7e937e-b48f-5adb-b5fc-6562ed246352', 20, 1.16),
  ('1f7e937e-b48f-5adb-b5fc-6562ed246352', 21, 1.169),
  ('1f7e937e-b48f-5adb-b5fc-6562ed246352', 22, 1.186),
  ('1f7e937e-b48f-5adb-b5fc-6562ed246352', 23, 1.179),
  ('1f7e937e-b48f-5adb-b5fc-6562ed246352', 24, 1.217),
  ('98a207ce-4588-55b3-a14a-cfb5fb7eab23', 0, 0.507),
  ('98a207ce-4588-55b3-a14a-cfb5fb7eab23', 1, 0.589),
  ('98a207ce-4588-55b3-a14a-cfb5fb7eab23', 2, 0.676),
  ('98a207ce-4588-55b3-a14a-cfb5fb7eab23', 3, 0.756),
  ('98a207ce-4588-55b3-a14a-cfb5fb7eab23', 4, 0.817),
  ('98a207ce-4588-55b3-a14a-cfb5fb7eab23', 5, 0.862),
  ('98a207ce-4588-55b3-a14a-cfb5fb7eab23', 6, 0.91),
  ('98a207ce-4588-55b3-a14a-cfb5fb7eab23', 7, 0.955),
  ('98a207ce-4588-55b3-a14a-cfb5fb7eab23', 8, 0.991),
  ('98a207ce-4588-55b3-a14a-cfb5fb7eab23', 9, 1.025),
  ('98a207ce-4588-55b3-a14a-cfb5fb7eab23', 10, 1.057),
  ('98a207ce-4588-55b3-a14a-cfb5fb7eab23', 11, 1.087),
  ('98a207ce-4588-55b3-a14a-cfb5fb7eab23', 12, 1.107),
  ('98a207ce-4588-55b3-a14a-cfb5fb7eab23', 13, 1.123),
  ('98a207ce-4588-55b3-a14a-cfb5fb7eab23', 14, 1.13),
  ('98a207ce-4588-55b3-a14a-cfb5fb7eab23', 15, 1.151),
  ('98a207ce-4588-55b3-a14a-cfb5fb7eab23', 16, 1.159),
  ('98a207ce-4588-55b3-a14a-cfb5fb7eab23', 17, 1.159),
  ('98a207ce-4588-55b3-a14a-cfb5fb7eab23', 18, 1.159),
  ('98a207ce-4588-55b3-a14a-cfb5fb7eab23', 19, 1.159),
  ('98a207ce-4588-55b3-a14a-cfb5fb7eab23', 20, 1.165),
  ('98a207ce-4588-55b3-a14a-cfb5fb7eab23', 21, 1.174),
  ('98a207ce-4588-55b3-a14a-cfb5fb7eab23', 22, 1.179),
  ('98a207ce-4588-55b3-a14a-cfb5fb7eab23', 23, 1.171),
  ('98a207ce-4588-55b3-a14a-cfb5fb7eab23', 24, 1.19),
  ('f8df4f9e-427c-5c9c-a6e7-f45cafe06eb7', 0, 0.525),
  ('f8df4f9e-427c-5c9c-a6e7-f45cafe06eb7', 1, 0.599),
  ('f8df4f9e-427c-5c9c-a6e7-f45cafe06eb7', 2, 0.694),
  ('f8df4f9e-427c-5c9c-a6e7-f45cafe06eb7', 3, 0.767),
  ('f8df4f9e-427c-5c9c-a6e7-f45cafe06eb7', 4, 0.823),
  ('f8df4f9e-427c-5c9c-a6e7-f45cafe06eb7', 5, 0.869),
  ('f8df4f9e-427c-5c9c-a6e7-f45cafe06eb7', 6, 0.916),
  ('f8df4f9e-427c-5c9c-a6e7-f45cafe06eb7', 7, 0.961),
  ('f8df4f9e-427c-5c9c-a6e7-f45cafe06eb7', 8, 0.999),
  ('f8df4f9e-427c-5c9c-a6e7-f45cafe06eb7', 9, 1.035),
  ('f8df4f9e-427c-5c9c-a6e7-f45cafe06eb7', 10, 1.055),
  ('f8df4f9e-427c-5c9c-a6e7-f45cafe06eb7', 11, 1.091),
  ('f8df4f9e-427c-5c9c-a6e7-f45cafe06eb7', 12, 1.095),
  ('f8df4f9e-427c-5c9c-a6e7-f45cafe06eb7', 13, 1.115),
  ('f8df4f9e-427c-5c9c-a6e7-f45cafe06eb7', 14, 1.124),
  ('f8df4f9e-427c-5c9c-a6e7-f45cafe06eb7', 15, 1.137),
  ('f8df4f9e-427c-5c9c-a6e7-f45cafe06eb7', 16, 1.148),
  ('f8df4f9e-427c-5c9c-a6e7-f45cafe06eb7', 17, 1.145),
  ('f8df4f9e-427c-5c9c-a6e7-f45cafe06eb7', 18, 1.149),
  ('f8df4f9e-427c-5c9c-a6e7-f45cafe06eb7', 19, 1.144),
  ('f8df4f9e-427c-5c9c-a6e7-f45cafe06eb7', 20, 1.179),
  ('f8df4f9e-427c-5c9c-a6e7-f45cafe06eb7', 21, 1.181),
  ('f8df4f9e-427c-5c9c-a6e7-f45cafe06eb7', 22, 1.194),
  ('f8df4f9e-427c-5c9c-a6e7-f45cafe06eb7', 23, 1.204),
  ('f8df4f9e-427c-5c9c-a6e7-f45cafe06eb7', 24, 1.201),
  ('b88d47cb-6b62-5591-a57b-06ff2425fbe6', 0, 0.524),
  ('b88d47cb-6b62-5591-a57b-06ff2425fbe6', 1, 0.599),
  ('b88d47cb-6b62-5591-a57b-06ff2425fbe6', 2, 0.688),
  ('b88d47cb-6b62-5591-a57b-06ff2425fbe6', 3, 0.77),
  ('b88d47cb-6b62-5591-a57b-06ff2425fbe6', 4, 0.826),
  ('b88d47cb-6b62-5591-a57b-06ff2425fbe6', 5, 0.869),
  ('b88d47cb-6b62-5591-a57b-06ff2425fbe6', 6, 0.927),
  ('b88d47cb-6b62-5591-a57b-06ff2425fbe6', 7, 0.965),
  ('b88d47cb-6b62-5591-a57b-06ff2425fbe6', 8, 1.001),
  ('b88d47cb-6b62-5591-a57b-06ff2425fbe6', 9, 1.032),
  ('b88d47cb-6b62-5591-a57b-06ff2425fbe6', 10, 1.062),
  ('b88d47cb-6b62-5591-a57b-06ff2425fbe6', 11, 1.091),
  ('b88d47cb-6b62-5591-a57b-06ff2425fbe6', 12, 1.101),
  ('b88d47cb-6b62-5591-a57b-06ff2425fbe6', 13, 1.118),
  ('b88d47cb-6b62-5591-a57b-06ff2425fbe6', 14, 1.175),
  ('b88d47cb-6b62-5591-a57b-06ff2425fbe6', 15, 1.151),
  ('b88d47cb-6b62-5591-a57b-06ff2425fbe6', 16, 1.16),
  ('b88d47cb-6b62-5591-a57b-06ff2425fbe6', 17, 1.157),
  ('b88d47cb-6b62-5591-a57b-06ff2425fbe6', 18, 1.169),
  ('b88d47cb-6b62-5591-a57b-06ff2425fbe6', 19, 1.162),
  ('b88d47cb-6b62-5591-a57b-06ff2425fbe6', 20, 1.163),
  ('b88d47cb-6b62-5591-a57b-06ff2425fbe6', 21, 1.185),
  ('b88d47cb-6b62-5591-a57b-06ff2425fbe6', 22, 1.186),
  ('b88d47cb-6b62-5591-a57b-06ff2425fbe6', 23, 1.185),
  ('b88d47cb-6b62-5591-a57b-06ff2425fbe6', 24, 1.202),
  ('6f12aa88-2386-5f32-b1d5-adccb44f8e98', 0, 0.498),
  ('6f12aa88-2386-5f32-b1d5-adccb44f8e98', 1, 0.59),
  ('6f12aa88-2386-5f32-b1d5-adccb44f8e98', 2, 0.677),
  ('6f12aa88-2386-5f32-b1d5-adccb44f8e98', 3, 0.766),
  ('6f12aa88-2386-5f32-b1d5-adccb44f8e98', 4, 0.825),
  ('6f12aa88-2386-5f32-b1d5-adccb44f8e98', 5, 0.869),
  ('6f12aa88-2386-5f32-b1d5-adccb44f8e98', 6, 0.919),
  ('6f12aa88-2386-5f32-b1d5-adccb44f8e98', 7, 0.955),
  ('6f12aa88-2386-5f32-b1d5-adccb44f8e98', 8, 0.996),
  ('6f12aa88-2386-5f32-b1d5-adccb44f8e98', 9, 1.032),
  ('6f12aa88-2386-5f32-b1d5-adccb44f8e98', 10, 1.062),
  ('6f12aa88-2386-5f32-b1d5-adccb44f8e98', 11, 1.092),
  ('6f12aa88-2386-5f32-b1d5-adccb44f8e98', 12, 1.103),
  ('6f12aa88-2386-5f32-b1d5-adccb44f8e98', 13, 1.113),
  ('6f12aa88-2386-5f32-b1d5-adccb44f8e98', 14, 1.133),
  ('6f12aa88-2386-5f32-b1d5-adccb44f8e98', 15, 1.152),
  ('6f12aa88-2386-5f32-b1d5-adccb44f8e98', 16, 1.155),
  ('6f12aa88-2386-5f32-b1d5-adccb44f8e98', 17, 1.147),
  ('6f12aa88-2386-5f32-b1d5-adccb44f8e98', 18, 1.154),
  ('6f12aa88-2386-5f32-b1d5-adccb44f8e98', 19, 1.162),
  ('6f12aa88-2386-5f32-b1d5-adccb44f8e98', 20, 1.167),
  ('6f12aa88-2386-5f32-b1d5-adccb44f8e98', 21, 1.19),
  ('6f12aa88-2386-5f32-b1d5-adccb44f8e98', 22, 1.184),
  ('6f12aa88-2386-5f32-b1d5-adccb44f8e98', 23, 1.173),
  ('6f12aa88-2386-5f32-b1d5-adccb44f8e98', 24, 1.18),
  ('4b0dbfc7-5faa-5e66-b6c2-1d9e22216145', 0, 0.536),
  ('4b0dbfc7-5faa-5e66-b6c2-1d9e22216145', 1, 0.604),
  ('4b0dbfc7-5faa-5e66-b6c2-1d9e22216145', 2, 0.69),
  ('4b0dbfc7-5faa-5e66-b6c2-1d9e22216145', 3, 0.773),
  ('4b0dbfc7-5faa-5e66-b6c2-1d9e22216145', 4, 0.826),
  ('4b0dbfc7-5faa-5e66-b6c2-1d9e22216145', 5, 0.879),
  ('4b0dbfc7-5faa-5e66-b6c2-1d9e22216145', 6, 0.931),
  ('4b0dbfc7-5faa-5e66-b6c2-1d9e22216145', 7, 0.966),
  ('4b0dbfc7-5faa-5e66-b6c2-1d9e22216145', 8, 1.003),
  ('4b0dbfc7-5faa-5e66-b6c2-1d9e22216145', 9, 1.035),
  ('4b0dbfc7-5faa-5e66-b6c2-1d9e22216145', 10, 1.063),
  ('4b0dbfc7-5faa-5e66-b6c2-1d9e22216145', 11, 1.088),
  ('4b0dbfc7-5faa-5e66-b6c2-1d9e22216145', 12, 1.094),
  ('4b0dbfc7-5faa-5e66-b6c2-1d9e22216145', 13, 1.111),
  ('4b0dbfc7-5faa-5e66-b6c2-1d9e22216145', 14, 1.128),
  ('4b0dbfc7-5faa-5e66-b6c2-1d9e22216145', 15, 1.134),
  ('4b0dbfc7-5faa-5e66-b6c2-1d9e22216145', 16, 1.14),
  ('4b0dbfc7-5faa-5e66-b6c2-1d9e22216145', 17, 1.144),
  ('4b0dbfc7-5faa-5e66-b6c2-1d9e22216145', 18, 1.146),
  ('4b0dbfc7-5faa-5e66-b6c2-1d9e22216145', 19, 1.15),
  ('4b0dbfc7-5faa-5e66-b6c2-1d9e22216145', 20, 1.15),
  ('4b0dbfc7-5faa-5e66-b6c2-1d9e22216145', 21, 1.168),
  ('4b0dbfc7-5faa-5e66-b6c2-1d9e22216145', 22, 1.18),
  ('4b0dbfc7-5faa-5e66-b6c2-1d9e22216145', 23, 1.164),
  ('4b0dbfc7-5faa-5e66-b6c2-1d9e22216145', 24, 1.186),
  ('1684810f-b5c8-536d-83a8-7b7a8619a4b1', 0, 0.545),
  ('1684810f-b5c8-536d-83a8-7b7a8619a4b1', 1, 0.618),
  ('1684810f-b5c8-536d-83a8-7b7a8619a4b1', 2, 0.715),
  ('1684810f-b5c8-536d-83a8-7b7a8619a4b1', 3, 0.789),
  ('1684810f-b5c8-536d-83a8-7b7a8619a4b1', 4, 0.841),
  ('1684810f-b5c8-536d-83a8-7b7a8619a4b1', 5, 0.898),
  ('1684810f-b5c8-536d-83a8-7b7a8619a4b1', 6, 0.94),
  ('1684810f-b5c8-536d-83a8-7b7a8619a4b1', 7, 0.972),
  ('1684810f-b5c8-536d-83a8-7b7a8619a4b1', 8, 1.009),
  ('1684810f-b5c8-536d-83a8-7b7a8619a4b1', 9, 1.052),
  ('1684810f-b5c8-536d-83a8-7b7a8619a4b1', 10, 1.074),
  ('1684810f-b5c8-536d-83a8-7b7a8619a4b1', 11, 1.101),
  ('1684810f-b5c8-536d-83a8-7b7a8619a4b1', 12, 1.113),
  ('1684810f-b5c8-536d-83a8-7b7a8619a4b1', 13, 1.122),
  ('1684810f-b5c8-536d-83a8-7b7a8619a4b1', 14, 1.137),
  ('1684810f-b5c8-536d-83a8-7b7a8619a4b1', 15, 1.153),
  ('1684810f-b5c8-536d-83a8-7b7a8619a4b1', 16, 1.163),
  ('1684810f-b5c8-536d-83a8-7b7a8619a4b1', 17, 1.178),
  ('1684810f-b5c8-536d-83a8-7b7a8619a4b1', 18, 1.19),
  ('1684810f-b5c8-536d-83a8-7b7a8619a4b1', 19, 1.181),
  ('1684810f-b5c8-536d-83a8-7b7a8619a4b1', 20, 1.194),
  ('1684810f-b5c8-536d-83a8-7b7a8619a4b1', 21, 1.229),
  ('1684810f-b5c8-536d-83a8-7b7a8619a4b1', 22, 1.206),
  ('1684810f-b5c8-536d-83a8-7b7a8619a4b1', 23, 1.194),
  ('1684810f-b5c8-536d-83a8-7b7a8619a4b1', 24, 1.19),
  ('f4b28433-a28a-5f3a-9617-f327a12974c7', 0, 0.555),
  ('f4b28433-a28a-5f3a-9617-f327a12974c7', 1, 0.614),
  ('f4b28433-a28a-5f3a-9617-f327a12974c7', 2, 0.695),
  ('f4b28433-a28a-5f3a-9617-f327a12974c7', 3, 0.775),
  ('f4b28433-a28a-5f3a-9617-f327a12974c7', 4, 0.837),
  ('f4b28433-a28a-5f3a-9617-f327a12974c7', 5, 0.886),
  ('f4b28433-a28a-5f3a-9617-f327a12974c7', 6, 0.934),
  ('f4b28433-a28a-5f3a-9617-f327a12974c7', 7, 0.973),
  ('f4b28433-a28a-5f3a-9617-f327a12974c7', 8, 1.009),
  ('f4b28433-a28a-5f3a-9617-f327a12974c7', 9, 1.048),
  ('f4b28433-a28a-5f3a-9617-f327a12974c7', 10, 1.074),
  ('f4b28433-a28a-5f3a-9617-f327a12974c7', 11, 1.1),
  ('f4b28433-a28a-5f3a-9617-f327a12974c7', 12, 1.112),
  ('f4b28433-a28a-5f3a-9617-f327a12974c7', 13, 1.121),
  ('f4b28433-a28a-5f3a-9617-f327a12974c7', 14, 1.134),
  ('f4b28433-a28a-5f3a-9617-f327a12974c7', 15, 1.143),
  ('f4b28433-a28a-5f3a-9617-f327a12974c7', 16, 1.155),
  ('f4b28433-a28a-5f3a-9617-f327a12974c7', 17, 1.17),
  ('f4b28433-a28a-5f3a-9617-f327a12974c7', 18, 1.166),
  ('f4b28433-a28a-5f3a-9617-f327a12974c7', 19, 1.164),
  ('f4b28433-a28a-5f3a-9617-f327a12974c7', 20, 1.171),
  ('f4b28433-a28a-5f3a-9617-f327a12974c7', 21, 1.202),
  ('f4b28433-a28a-5f3a-9617-f327a12974c7', 22, 1.222),
  ('f4b28433-a28a-5f3a-9617-f327a12974c7', 23, 1.193),
  ('f4b28433-a28a-5f3a-9617-f327a12974c7', 24, 1.217),
  ('f21774de-acd5-560b-82e1-ad4fc451a39a', 0, 0.498),
  ('f21774de-acd5-560b-82e1-ad4fc451a39a', 1, 0.578),
  ('f21774de-acd5-560b-82e1-ad4fc451a39a', 2, 0.66),
  ('f21774de-acd5-560b-82e1-ad4fc451a39a', 3, 0.737),
  ('f21774de-acd5-560b-82e1-ad4fc451a39a', 4, 0.817),
  ('f21774de-acd5-560b-82e1-ad4fc451a39a', 5, 0.85),
  ('f21774de-acd5-560b-82e1-ad4fc451a39a', 6, 0.9),
  ('f21774de-acd5-560b-82e1-ad4fc451a39a', 7, 0.945),
  ('f21774de-acd5-560b-82e1-ad4fc451a39a', 8, 0.995),
  ('f21774de-acd5-560b-82e1-ad4fc451a39a', 9, 1.025),
  ('f21774de-acd5-560b-82e1-ad4fc451a39a', 10, 1.064),
  ('f21774de-acd5-560b-82e1-ad4fc451a39a', 11, 1.086),
  ('f21774de-acd5-560b-82e1-ad4fc451a39a', 12, 1.098),
  ('f21774de-acd5-560b-82e1-ad4fc451a39a', 13, 1.122),
  ('f21774de-acd5-560b-82e1-ad4fc451a39a', 14, 1.135),
  ('f21774de-acd5-560b-82e1-ad4fc451a39a', 15, 1.135),
  ('f21774de-acd5-560b-82e1-ad4fc451a39a', 16, 1.137),
  ('f21774de-acd5-560b-82e1-ad4fc451a39a', 17, 1.145),
  ('f21774de-acd5-560b-82e1-ad4fc451a39a', 18, 1.134),
  ('f21774de-acd5-560b-82e1-ad4fc451a39a', 19, 1.157),
  ('f21774de-acd5-560b-82e1-ad4fc451a39a', 20, 1.162),
  ('f21774de-acd5-560b-82e1-ad4fc451a39a', 21, 1.17),
  ('f21774de-acd5-560b-82e1-ad4fc451a39a', 22, 1.182),
  ('f21774de-acd5-560b-82e1-ad4fc451a39a', 23, 1.165),
  ('f21774de-acd5-560b-82e1-ad4fc451a39a', 24, 1.184),
  ('3a591dcf-b1c6-5b75-ad88-559596c1d8db', 0, 0.544),
  ('3a591dcf-b1c6-5b75-ad88-559596c1d8db', 1, 0.609),
  ('3a591dcf-b1c6-5b75-ad88-559596c1d8db', 2, 0.699),
  ('3a591dcf-b1c6-5b75-ad88-559596c1d8db', 3, 0.778),
  ('3a591dcf-b1c6-5b75-ad88-559596c1d8db', 4, 0.836),
  ('3a591dcf-b1c6-5b75-ad88-559596c1d8db', 5, 0.885),
  ('3a591dcf-b1c6-5b75-ad88-559596c1d8db', 6, 0.927),
  ('3a591dcf-b1c6-5b75-ad88-559596c1d8db', 7, 0.973),
  ('3a591dcf-b1c6-5b75-ad88-559596c1d8db', 8, 1.014),
  ('3a591dcf-b1c6-5b75-ad88-559596c1d8db', 9, 1.041),
  ('3a591dcf-b1c6-5b75-ad88-559596c1d8db', 10, 1.066),
  ('3a591dcf-b1c6-5b75-ad88-559596c1d8db', 11, 1.093),
  ('3a591dcf-b1c6-5b75-ad88-559596c1d8db', 12, 1.106),
  ('3a591dcf-b1c6-5b75-ad88-559596c1d8db', 13, 1.119),
  ('3a591dcf-b1c6-5b75-ad88-559596c1d8db', 14, 1.137),
  ('3a591dcf-b1c6-5b75-ad88-559596c1d8db', 15, 1.143),
  ('3a591dcf-b1c6-5b75-ad88-559596c1d8db', 16, 1.152),
  ('3a591dcf-b1c6-5b75-ad88-559596c1d8db', 17, 1.159),
  ('3a591dcf-b1c6-5b75-ad88-559596c1d8db', 18, 1.155),
  ('3a591dcf-b1c6-5b75-ad88-559596c1d8db', 19, 1.153),
  ('3a591dcf-b1c6-5b75-ad88-559596c1d8db', 20, 1.162),
  ('3a591dcf-b1c6-5b75-ad88-559596c1d8db', 21, 1.175),
  ('3a591dcf-b1c6-5b75-ad88-559596c1d8db', 22, 1.19),
  ('3a591dcf-b1c6-5b75-ad88-559596c1d8db', 23, 1.176),
  ('3a591dcf-b1c6-5b75-ad88-559596c1d8db', 24, 1.186),
  ('aac9c271-e16b-5353-a075-0598a409df77', 0, 0.522),
  ('aac9c271-e16b-5353-a075-0598a409df77', 1, 0.599),
  ('aac9c271-e16b-5353-a075-0598a409df77', 2, 0.686),
  ('aac9c271-e16b-5353-a075-0598a409df77', 3, 0.772),
  ('aac9c271-e16b-5353-a075-0598a409df77', 4, 0.832),
  ('aac9c271-e16b-5353-a075-0598a409df77', 5, 0.879),
  ('aac9c271-e16b-5353-a075-0598a409df77', 6, 0.925),
  ('aac9c271-e16b-5353-a075-0598a409df77', 7, 0.959),
  ('aac9c271-e16b-5353-a075-0598a409df77', 8, 1.006),
  ('aac9c271-e16b-5353-a075-0598a409df77', 9, 1.04),
  ('aac9c271-e16b-5353-a075-0598a409df77', 10, 1.072),
  ('aac9c271-e16b-5353-a075-0598a409df77', 11, 1.101),
  ('aac9c271-e16b-5353-a075-0598a409df77', 12, 1.11),
  ('aac9c271-e16b-5353-a075-0598a409df77', 13, 1.132),
  ('aac9c271-e16b-5353-a075-0598a409df77', 14, 1.144),
  ('aac9c271-e16b-5353-a075-0598a409df77', 15, 1.14),
  ('aac9c271-e16b-5353-a075-0598a409df77', 16, 1.147),
  ('aac9c271-e16b-5353-a075-0598a409df77', 17, 1.147),
  ('aac9c271-e16b-5353-a075-0598a409df77', 18, 1.157),
  ('aac9c271-e16b-5353-a075-0598a409df77', 19, 1.155),
  ('aac9c271-e16b-5353-a075-0598a409df77', 20, 1.156),
  ('aac9c271-e16b-5353-a075-0598a409df77', 21, 1.154),
  ('aac9c271-e16b-5353-a075-0598a409df77', 22, 1.163),
  ('aac9c271-e16b-5353-a075-0598a409df77', 23, 1.156),
  ('aac9c271-e16b-5353-a075-0598a409df77', 24, 1.161),
  ('9d14c0f4-83c9-5cd2-ab98-7d938e9efae9', 0, 0.536),
  ('9d14c0f4-83c9-5cd2-ab98-7d938e9efae9', 1, 0.607),
  ('9d14c0f4-83c9-5cd2-ab98-7d938e9efae9', 2, 0.687),
  ('9d14c0f4-83c9-5cd2-ab98-7d938e9efae9', 3, 0.777),
  ('9d14c0f4-83c9-5cd2-ab98-7d938e9efae9', 4, 0.839),
  ('9d14c0f4-83c9-5cd2-ab98-7d938e9efae9', 5, 0.882),
  ('9d14c0f4-83c9-5cd2-ab98-7d938e9efae9', 6, 0.924),
  ('9d14c0f4-83c9-5cd2-ab98-7d938e9efae9', 7, 0.967),
  ('9d14c0f4-83c9-5cd2-ab98-7d938e9efae9', 8, 1.003),
  ('9d14c0f4-83c9-5cd2-ab98-7d938e9efae9', 9, 1.034),
  ('9d14c0f4-83c9-5cd2-ab98-7d938e9efae9', 10, 1.064),
  ('9d14c0f4-83c9-5cd2-ab98-7d938e9efae9', 11, 1.093),
  ('9d14c0f4-83c9-5cd2-ab98-7d938e9efae9', 12, 1.105),
  ('9d14c0f4-83c9-5cd2-ab98-7d938e9efae9', 13, 1.115),
  ('9d14c0f4-83c9-5cd2-ab98-7d938e9efae9', 14, 1.13),
  ('9d14c0f4-83c9-5cd2-ab98-7d938e9efae9', 15, 1.142),
  ('9d14c0f4-83c9-5cd2-ab98-7d938e9efae9', 16, 1.148),
  ('9d14c0f4-83c9-5cd2-ab98-7d938e9efae9', 17, 1.157),
  ('9d14c0f4-83c9-5cd2-ab98-7d938e9efae9', 18, 1.156),
  ('9d14c0f4-83c9-5cd2-ab98-7d938e9efae9', 19, 1.149),
  ('9d14c0f4-83c9-5cd2-ab98-7d938e9efae9', 20, 1.155),
  ('9d14c0f4-83c9-5cd2-ab98-7d938e9efae9', 21, 1.168),
  ('9d14c0f4-83c9-5cd2-ab98-7d938e9efae9', 22, 1.185),
  ('9d14c0f4-83c9-5cd2-ab98-7d938e9efae9', 23, 1.175),
  ('9d14c0f4-83c9-5cd2-ab98-7d938e9efae9', 24, 1.186),
  ('00c6bac7-db53-5800-8115-a43cc89dd0c1', 0, 0.52),
  ('00c6bac7-db53-5800-8115-a43cc89dd0c1', 1, 0.603),
  ('00c6bac7-db53-5800-8115-a43cc89dd0c1', 2, 0.695),
  ('00c6bac7-db53-5800-8115-a43cc89dd0c1', 3, 0.775),
  ('00c6bac7-db53-5800-8115-a43cc89dd0c1', 4, 0.833),
  ('00c6bac7-db53-5800-8115-a43cc89dd0c1', 5, 0.876),
  ('00c6bac7-db53-5800-8115-a43cc89dd0c1', 6, 0.92),
  ('00c6bac7-db53-5800-8115-a43cc89dd0c1', 7, 0.965),
  ('00c6bac7-db53-5800-8115-a43cc89dd0c1', 8, 1.01),
  ('00c6bac7-db53-5800-8115-a43cc89dd0c1', 9, 1.038),
  ('00c6bac7-db53-5800-8115-a43cc89dd0c1', 10, 1.067),
  ('00c6bac7-db53-5800-8115-a43cc89dd0c1', 11, 1.098),
  ('00c6bac7-db53-5800-8115-a43cc89dd0c1', 12, 1.106),
  ('00c6bac7-db53-5800-8115-a43cc89dd0c1', 13, 1.131),
  ('00c6bac7-db53-5800-8115-a43cc89dd0c1', 14, 1.146),
  ('00c6bac7-db53-5800-8115-a43cc89dd0c1', 15, 1.145),
  ('00c6bac7-db53-5800-8115-a43cc89dd0c1', 16, 1.154),
  ('00c6bac7-db53-5800-8115-a43cc89dd0c1', 17, 1.154),
  ('00c6bac7-db53-5800-8115-a43cc89dd0c1', 18, 1.158),
  ('00c6bac7-db53-5800-8115-a43cc89dd0c1', 19, 1.166),
  ('00c6bac7-db53-5800-8115-a43cc89dd0c1', 20, 1.177),
  ('00c6bac7-db53-5800-8115-a43cc89dd0c1', 21, 1.195),
  ('00c6bac7-db53-5800-8115-a43cc89dd0c1', 22, 1.196),
  ('00c6bac7-db53-5800-8115-a43cc89dd0c1', 23, 1.192),
  ('00c6bac7-db53-5800-8115-a43cc89dd0c1', 24, 1.201),
  ('5e952eb3-75d4-5341-a654-4a5bcd77b2c7', 0, 0.509),
  ('5e952eb3-75d4-5341-a654-4a5bcd77b2c7', 1, 0.6),
  ('5e952eb3-75d4-5341-a654-4a5bcd77b2c7', 2, 0.681),
  ('5e952eb3-75d4-5341-a654-4a5bcd77b2c7', 3, 0.758),
  ('5e952eb3-75d4-5341-a654-4a5bcd77b2c7', 4, 0.816),
  ('5e952eb3-75d4-5341-a654-4a5bcd77b2c7', 5, 0.861),
  ('5e952eb3-75d4-5341-a654-4a5bcd77b2c7', 6, 0.911),
  ('5e952eb3-75d4-5341-a654-4a5bcd77b2c7', 7, 0.952),
  ('5e952eb3-75d4-5341-a654-4a5bcd77b2c7', 8, 1.004),
  ('5e952eb3-75d4-5341-a654-4a5bcd77b2c7', 9, 1.034),
  ('5e952eb3-75d4-5341-a654-4a5bcd77b2c7', 10, 1.059),
  ('5e952eb3-75d4-5341-a654-4a5bcd77b2c7', 11, 1.082),
  ('5e952eb3-75d4-5341-a654-4a5bcd77b2c7', 12, 1.087),
  ('5e952eb3-75d4-5341-a654-4a5bcd77b2c7', 13, 1.108),
  ('5e952eb3-75d4-5341-a654-4a5bcd77b2c7', 14, 1.12),
  ('5e952eb3-75d4-5341-a654-4a5bcd77b2c7', 15, 1.135),
  ('5e952eb3-75d4-5341-a654-4a5bcd77b2c7', 16, 1.147),
  ('5e952eb3-75d4-5341-a654-4a5bcd77b2c7', 17, 1.143),
  ('5e952eb3-75d4-5341-a654-4a5bcd77b2c7', 18, 1.146),
  ('5e952eb3-75d4-5341-a654-4a5bcd77b2c7', 19, 1.145),
  ('5e952eb3-75d4-5341-a654-4a5bcd77b2c7', 20, 1.151),
  ('5e952eb3-75d4-5341-a654-4a5bcd77b2c7', 21, 1.16),
  ('5e952eb3-75d4-5341-a654-4a5bcd77b2c7', 22, 1.168),
  ('5e952eb3-75d4-5341-a654-4a5bcd77b2c7', 23, 1.162),
  ('5e952eb3-75d4-5341-a654-4a5bcd77b2c7', 24, 1.152),
  ('425fa9a9-5ec8-5ab9-8b44-843b315d8d12', 0, 0.524),
  ('425fa9a9-5ec8-5ab9-8b44-843b315d8d12', 1, 0.598),
  ('425fa9a9-5ec8-5ab9-8b44-843b315d8d12', 2, 0.68),
  ('425fa9a9-5ec8-5ab9-8b44-843b315d8d12', 3, 0.771),
  ('425fa9a9-5ec8-5ab9-8b44-843b315d8d12', 4, 0.838),
  ('425fa9a9-5ec8-5ab9-8b44-843b315d8d12', 5, 0.871),
  ('425fa9a9-5ec8-5ab9-8b44-843b315d8d12', 6, 0.919),
  ('425fa9a9-5ec8-5ab9-8b44-843b315d8d12', 7, 0.962),
  ('425fa9a9-5ec8-5ab9-8b44-843b315d8d12', 8, 1.006),
  ('425fa9a9-5ec8-5ab9-8b44-843b315d8d12', 9, 1.037),
  ('425fa9a9-5ec8-5ab9-8b44-843b315d8d12', 10, 1.061),
  ('425fa9a9-5ec8-5ab9-8b44-843b315d8d12', 11, 1.092),
  ('425fa9a9-5ec8-5ab9-8b44-843b315d8d12', 12, 1.106),
  ('425fa9a9-5ec8-5ab9-8b44-843b315d8d12', 13, 1.128),
  ('425fa9a9-5ec8-5ab9-8b44-843b315d8d12', 14, 1.136),
  ('425fa9a9-5ec8-5ab9-8b44-843b315d8d12', 15, 1.138),
  ('425fa9a9-5ec8-5ab9-8b44-843b315d8d12', 16, 1.151),
  ('425fa9a9-5ec8-5ab9-8b44-843b315d8d12', 17, 1.165),
  ('425fa9a9-5ec8-5ab9-8b44-843b315d8d12', 18, 1.16),
  ('425fa9a9-5ec8-5ab9-8b44-843b315d8d12', 19, 1.158),
  ('425fa9a9-5ec8-5ab9-8b44-843b315d8d12', 20, 1.157),
  ('425fa9a9-5ec8-5ab9-8b44-843b315d8d12', 21, 1.166),
  ('425fa9a9-5ec8-5ab9-8b44-843b315d8d12', 22, 1.203),
  ('425fa9a9-5ec8-5ab9-8b44-843b315d8d12', 23, 1.177),
  ('425fa9a9-5ec8-5ab9-8b44-843b315d8d12', 24, 1.186),
  ('6921aee3-32c8-53b3-9b1f-c0314b816caf', 0, 0.517),
  ('6921aee3-32c8-53b3-9b1f-c0314b816caf', 1, 0.595),
  ('6921aee3-32c8-53b3-9b1f-c0314b816caf', 2, 0.682),
  ('6921aee3-32c8-53b3-9b1f-c0314b816caf', 3, 0.753),
  ('6921aee3-32c8-53b3-9b1f-c0314b816caf', 4, 0.814),
  ('6921aee3-32c8-53b3-9b1f-c0314b816caf', 5, 0.884),
  ('6921aee3-32c8-53b3-9b1f-c0314b816caf', 6, 0.925),
  ('6921aee3-32c8-53b3-9b1f-c0314b816caf', 7, 0.963),
  ('6921aee3-32c8-53b3-9b1f-c0314b816caf', 8, 0.993),
  ('6921aee3-32c8-53b3-9b1f-c0314b816caf', 9, 1.026),
  ('6921aee3-32c8-53b3-9b1f-c0314b816caf', 10, 1.058),
  ('6921aee3-32c8-53b3-9b1f-c0314b816caf', 11, 1.086),
  ('6921aee3-32c8-53b3-9b1f-c0314b816caf', 12, 1.091),
  ('6921aee3-32c8-53b3-9b1f-c0314b816caf', 13, 1.11),
  ('6921aee3-32c8-53b3-9b1f-c0314b816caf', 14, 1.128),
  ('6921aee3-32c8-53b3-9b1f-c0314b816caf', 15, 1.146),
  ('6921aee3-32c8-53b3-9b1f-c0314b816caf', 16, 1.137),
  ('6921aee3-32c8-53b3-9b1f-c0314b816caf', 17, 1.145),
  ('6921aee3-32c8-53b3-9b1f-c0314b816caf', 18, 1.142),
  ('6921aee3-32c8-53b3-9b1f-c0314b816caf', 19, 1.151),
  ('6921aee3-32c8-53b3-9b1f-c0314b816caf', 20, 1.147),
  ('6921aee3-32c8-53b3-9b1f-c0314b816caf', 21, 1.157),
  ('6921aee3-32c8-53b3-9b1f-c0314b816caf', 22, 1.166),
  ('6921aee3-32c8-53b3-9b1f-c0314b816caf', 23, 1.16),
  ('6921aee3-32c8-53b3-9b1f-c0314b816caf', 24, 1.157),
  ('82ab2de2-c003-561c-8fe9-54b31891cbfb', 0, 0.505),
  ('82ab2de2-c003-561c-8fe9-54b31891cbfb', 1, 0.581),
  ('82ab2de2-c003-561c-8fe9-54b31891cbfb', 2, 0.675),
  ('82ab2de2-c003-561c-8fe9-54b31891cbfb', 3, 0.76),
  ('82ab2de2-c003-561c-8fe9-54b31891cbfb', 4, 0.832),
  ('82ab2de2-c003-561c-8fe9-54b31891cbfb', 5, 0.874),
  ('82ab2de2-c003-561c-8fe9-54b31891cbfb', 6, 0.917),
  ('82ab2de2-c003-561c-8fe9-54b31891cbfb', 7, 0.962),
  ('82ab2de2-c003-561c-8fe9-54b31891cbfb', 8, 0.997),
  ('82ab2de2-c003-561c-8fe9-54b31891cbfb', 9, 1.038),
  ('82ab2de2-c003-561c-8fe9-54b31891cbfb', 10, 1.071),
  ('82ab2de2-c003-561c-8fe9-54b31891cbfb', 11, 1.094),
  ('82ab2de2-c003-561c-8fe9-54b31891cbfb', 12, 1.104),
  ('82ab2de2-c003-561c-8fe9-54b31891cbfb', 13, 1.12),
  ('82ab2de2-c003-561c-8fe9-54b31891cbfb', 14, 1.14),
  ('82ab2de2-c003-561c-8fe9-54b31891cbfb', 15, 1.159),
  ('82ab2de2-c003-561c-8fe9-54b31891cbfb', 16, 1.159),
  ('82ab2de2-c003-561c-8fe9-54b31891cbfb', 17, 1.167),
  ('82ab2de2-c003-561c-8fe9-54b31891cbfb', 18, 1.16),
  ('82ab2de2-c003-561c-8fe9-54b31891cbfb', 19, 1.156),
  ('82ab2de2-c003-561c-8fe9-54b31891cbfb', 20, 1.175),
  ('82ab2de2-c003-561c-8fe9-54b31891cbfb', 21, 1.155),
  ('82ab2de2-c003-561c-8fe9-54b31891cbfb', 22, 1.173),
  ('82ab2de2-c003-561c-8fe9-54b31891cbfb', 23, 1.195),
  ('82ab2de2-c003-561c-8fe9-54b31891cbfb', 24, 1.204),
  ('b27586de-2c45-5207-9303-3c451376dd52', 0, 0.535),
  ('b27586de-2c45-5207-9303-3c451376dd52', 1, 0.625),
  ('b27586de-2c45-5207-9303-3c451376dd52', 2, 0.715),
  ('b27586de-2c45-5207-9303-3c451376dd52', 3, 0.785),
  ('b27586de-2c45-5207-9303-3c451376dd52', 4, 0.848),
  ('b27586de-2c45-5207-9303-3c451376dd52', 5, 0.906),
  ('b27586de-2c45-5207-9303-3c451376dd52', 6, 0.945),
  ('b27586de-2c45-5207-9303-3c451376dd52', 7, 0.992),
  ('b27586de-2c45-5207-9303-3c451376dd52', 8, 1.016),
  ('b27586de-2c45-5207-9303-3c451376dd52', 9, 1.049),
  ('b27586de-2c45-5207-9303-3c451376dd52', 10, 1.084),
  ('b27586de-2c45-5207-9303-3c451376dd52', 11, 1.111),
  ('b27586de-2c45-5207-9303-3c451376dd52', 12, 1.131),
  ('b27586de-2c45-5207-9303-3c451376dd52', 13, 1.142),
  ('b27586de-2c45-5207-9303-3c451376dd52', 14, 1.153),
  ('b27586de-2c45-5207-9303-3c451376dd52', 15, 1.166),
  ('b27586de-2c45-5207-9303-3c451376dd52', 16, 1.162),
  ('b27586de-2c45-5207-9303-3c451376dd52', 17, 1.195),
  ('b27586de-2c45-5207-9303-3c451376dd52', 18, 1.193),
  ('b27586de-2c45-5207-9303-3c451376dd52', 19, 1.184),
  ('b27586de-2c45-5207-9303-3c451376dd52', 20, 1.196),
  ('b27586de-2c45-5207-9303-3c451376dd52', 21, 1.211),
  ('b27586de-2c45-5207-9303-3c451376dd52', 22, 1.234),
  ('b27586de-2c45-5207-9303-3c451376dd52', 23, 1.178),
  ('b27586de-2c45-5207-9303-3c451376dd52', 24, 1.171),
  ('25e1c69c-66d7-5d55-b3a4-6670b206c91e', 0, 0.545),
  ('25e1c69c-66d7-5d55-b3a4-6670b206c91e', 1, 0.623),
  ('25e1c69c-66d7-5d55-b3a4-6670b206c91e', 2, 0.694),
  ('25e1c69c-66d7-5d55-b3a4-6670b206c91e', 3, 0.771),
  ('25e1c69c-66d7-5d55-b3a4-6670b206c91e', 4, 0.84),
  ('25e1c69c-66d7-5d55-b3a4-6670b206c91e', 5, 0.886),
  ('25e1c69c-66d7-5d55-b3a4-6670b206c91e', 6, 0.925),
  ('25e1c69c-66d7-5d55-b3a4-6670b206c91e', 7, 0.971),
  ('25e1c69c-66d7-5d55-b3a4-6670b206c91e', 8, 1.005),
  ('25e1c69c-66d7-5d55-b3a4-6670b206c91e', 9, 1.036),
  ('25e1c69c-66d7-5d55-b3a4-6670b206c91e', 10, 1.066),
  ('25e1c69c-66d7-5d55-b3a4-6670b206c91e', 11, 1.093),
  ('25e1c69c-66d7-5d55-b3a4-6670b206c91e', 12, 1.106),
  ('25e1c69c-66d7-5d55-b3a4-6670b206c91e', 13, 1.115),
  ('25e1c69c-66d7-5d55-b3a4-6670b206c91e', 14, 1.13),
  ('25e1c69c-66d7-5d55-b3a4-6670b206c91e', 15, 1.137),
  ('25e1c69c-66d7-5d55-b3a4-6670b206c91e', 16, 1.152),
  ('25e1c69c-66d7-5d55-b3a4-6670b206c91e', 17, 1.166),
  ('25e1c69c-66d7-5d55-b3a4-6670b206c91e', 18, 1.168),
  ('25e1c69c-66d7-5d55-b3a4-6670b206c91e', 19, 1.181),
  ('25e1c69c-66d7-5d55-b3a4-6670b206c91e', 20, 1.168),
  ('25e1c69c-66d7-5d55-b3a4-6670b206c91e', 21, 1.182),
  ('25e1c69c-66d7-5d55-b3a4-6670b206c91e', 22, 1.189),
  ('25e1c69c-66d7-5d55-b3a4-6670b206c91e', 23, 1.175),
  ('25e1c69c-66d7-5d55-b3a4-6670b206c91e', 24, 1.214),
  ('69685556-430c-5bd6-95fe-6172c1d4bcc8', 0, 0.535),
  ('69685556-430c-5bd6-95fe-6172c1d4bcc8', 1, 0.635),
  ('69685556-430c-5bd6-95fe-6172c1d4bcc8', 2, 0.715),
  ('69685556-430c-5bd6-95fe-6172c1d4bcc8', 3, 0.786),
  ('69685556-430c-5bd6-95fe-6172c1d4bcc8', 4, 0.842),
  ('69685556-430c-5bd6-95fe-6172c1d4bcc8', 5, 0.882),
  ('69685556-430c-5bd6-95fe-6172c1d4bcc8', 6, 0.922),
  ('69685556-430c-5bd6-95fe-6172c1d4bcc8', 7, 0.969),
  ('69685556-430c-5bd6-95fe-6172c1d4bcc8', 8, 0.999),
  ('69685556-430c-5bd6-95fe-6172c1d4bcc8', 9, 1.038),
  ('69685556-430c-5bd6-95fe-6172c1d4bcc8', 10, 1.068),
  ('69685556-430c-5bd6-95fe-6172c1d4bcc8', 11, 1.092),
  ('69685556-430c-5bd6-95fe-6172c1d4bcc8', 12, 1.107),
  ('69685556-430c-5bd6-95fe-6172c1d4bcc8', 13, 1.122),
  ('69685556-430c-5bd6-95fe-6172c1d4bcc8', 14, 1.138),
  ('69685556-430c-5bd6-95fe-6172c1d4bcc8', 15, 1.154),
  ('69685556-430c-5bd6-95fe-6172c1d4bcc8', 16, 1.157),
  ('69685556-430c-5bd6-95fe-6172c1d4bcc8', 17, 1.165),
  ('69685556-430c-5bd6-95fe-6172c1d4bcc8', 18, 1.159),
  ('69685556-430c-5bd6-95fe-6172c1d4bcc8', 19, 1.164),
  ('69685556-430c-5bd6-95fe-6172c1d4bcc8', 20, 1.165),
  ('69685556-430c-5bd6-95fe-6172c1d4bcc8', 21, 1.189),
  ('69685556-430c-5bd6-95fe-6172c1d4bcc8', 22, 1.206),
  ('69685556-430c-5bd6-95fe-6172c1d4bcc8', 23, 1.174),
  ('69685556-430c-5bd6-95fe-6172c1d4bcc8', 24, 1.197),
  ('83e748cd-193e-5f4c-a6a5-c0ac0bf1a2c8', 0, 0.529),
  ('83e748cd-193e-5f4c-a6a5-c0ac0bf1a2c8', 1, 0.607),
  ('83e748cd-193e-5f4c-a6a5-c0ac0bf1a2c8', 2, 0.687),
  ('83e748cd-193e-5f4c-a6a5-c0ac0bf1a2c8', 3, 0.771),
  ('83e748cd-193e-5f4c-a6a5-c0ac0bf1a2c8', 4, 0.838),
  ('83e748cd-193e-5f4c-a6a5-c0ac0bf1a2c8', 5, 0.878),
  ('83e748cd-193e-5f4c-a6a5-c0ac0bf1a2c8', 6, 0.927),
  ('83e748cd-193e-5f4c-a6a5-c0ac0bf1a2c8', 7, 0.965),
  ('83e748cd-193e-5f4c-a6a5-c0ac0bf1a2c8', 8, 1.008),
  ('83e748cd-193e-5f4c-a6a5-c0ac0bf1a2c8', 9, 1.038),
  ('83e748cd-193e-5f4c-a6a5-c0ac0bf1a2c8', 10, 1.065),
  ('83e748cd-193e-5f4c-a6a5-c0ac0bf1a2c8', 11, 1.095),
  ('83e748cd-193e-5f4c-a6a5-c0ac0bf1a2c8', 12, 1.114),
  ('83e748cd-193e-5f4c-a6a5-c0ac0bf1a2c8', 13, 1.121),
  ('83e748cd-193e-5f4c-a6a5-c0ac0bf1a2c8', 14, 1.142),
  ('83e748cd-193e-5f4c-a6a5-c0ac0bf1a2c8', 15, 1.142),
  ('83e748cd-193e-5f4c-a6a5-c0ac0bf1a2c8', 16, 1.156),
  ('83e748cd-193e-5f4c-a6a5-c0ac0bf1a2c8', 17, 1.161),
  ('83e748cd-193e-5f4c-a6a5-c0ac0bf1a2c8', 18, 1.176),
  ('83e748cd-193e-5f4c-a6a5-c0ac0bf1a2c8', 19, 1.168),
  ('83e748cd-193e-5f4c-a6a5-c0ac0bf1a2c8', 20, 1.157),
  ('83e748cd-193e-5f4c-a6a5-c0ac0bf1a2c8', 21, 1.176),
  ('83e748cd-193e-5f4c-a6a5-c0ac0bf1a2c8', 22, 1.207),
  ('83e748cd-193e-5f4c-a6a5-c0ac0bf1a2c8', 23, 1.194),
  ('83e748cd-193e-5f4c-a6a5-c0ac0bf1a2c8', 24, 1.21),
  ('fa0c1d94-a9d1-56f6-8c66-428ec90f1ad4', 0, 0.521),
  ('fa0c1d94-a9d1-56f6-8c66-428ec90f1ad4', 1, 0.6),
  ('fa0c1d94-a9d1-56f6-8c66-428ec90f1ad4', 2, 0.698),
  ('fa0c1d94-a9d1-56f6-8c66-428ec90f1ad4', 3, 0.78),
  ('fa0c1d94-a9d1-56f6-8c66-428ec90f1ad4', 4, 0.843),
  ('fa0c1d94-a9d1-56f6-8c66-428ec90f1ad4', 5, 0.883),
  ('fa0c1d94-a9d1-56f6-8c66-428ec90f1ad4', 6, 0.935),
  ('fa0c1d94-a9d1-56f6-8c66-428ec90f1ad4', 7, 0.984),
  ('fa0c1d94-a9d1-56f6-8c66-428ec90f1ad4', 8, 1.012),
  ('fa0c1d94-a9d1-56f6-8c66-428ec90f1ad4', 9, 1.053),
  ('fa0c1d94-a9d1-56f6-8c66-428ec90f1ad4', 10, 1.079),
  ('fa0c1d94-a9d1-56f6-8c66-428ec90f1ad4', 11, 1.101),
  ('fa0c1d94-a9d1-56f6-8c66-428ec90f1ad4', 12, 1.123),
  ('fa0c1d94-a9d1-56f6-8c66-428ec90f1ad4', 13, 1.138),
  ('fa0c1d94-a9d1-56f6-8c66-428ec90f1ad4', 14, 1.161),
  ('fa0c1d94-a9d1-56f6-8c66-428ec90f1ad4', 15, 1.172),
  ('fa0c1d94-a9d1-56f6-8c66-428ec90f1ad4', 16, 1.177),
  ('fa0c1d94-a9d1-56f6-8c66-428ec90f1ad4', 17, 1.177),
  ('fa0c1d94-a9d1-56f6-8c66-428ec90f1ad4', 18, 1.168),
  ('fa0c1d94-a9d1-56f6-8c66-428ec90f1ad4', 19, 1.175),
  ('fa0c1d94-a9d1-56f6-8c66-428ec90f1ad4', 20, 1.183),
  ('fa0c1d94-a9d1-56f6-8c66-428ec90f1ad4', 21, 1.219),
  ('fa0c1d94-a9d1-56f6-8c66-428ec90f1ad4', 22, 1.198),
  ('fa0c1d94-a9d1-56f6-8c66-428ec90f1ad4', 23, 1.198),
  ('fa0c1d94-a9d1-56f6-8c66-428ec90f1ad4', 24, 1.205),
  ('5f02b12c-807d-5121-b54e-46ff00b242d0', 0, 0.54),
  ('5f02b12c-807d-5121-b54e-46ff00b242d0', 1, 0.61),
  ('5f02b12c-807d-5121-b54e-46ff00b242d0', 2, 0.707),
  ('5f02b12c-807d-5121-b54e-46ff00b242d0', 3, 0.765),
  ('5f02b12c-807d-5121-b54e-46ff00b242d0', 4, 0.833),
  ('5f02b12c-807d-5121-b54e-46ff00b242d0', 5, 0.874),
  ('5f02b12c-807d-5121-b54e-46ff00b242d0', 6, 0.919),
  ('5f02b12c-807d-5121-b54e-46ff00b242d0', 7, 0.958),
  ('5f02b12c-807d-5121-b54e-46ff00b242d0', 8, 0.996),
  ('5f02b12c-807d-5121-b54e-46ff00b242d0', 9, 1.028),
  ('5f02b12c-807d-5121-b54e-46ff00b242d0', 10, 1.058),
  ('5f02b12c-807d-5121-b54e-46ff00b242d0', 11, 1.087),
  ('5f02b12c-807d-5121-b54e-46ff00b242d0', 12, 1.102),
  ('5f02b12c-807d-5121-b54e-46ff00b242d0', 13, 1.136),
  ('5f02b12c-807d-5121-b54e-46ff00b242d0', 14, 1.139),
  ('5f02b12c-807d-5121-b54e-46ff00b242d0', 15, 1.158),
  ('5f02b12c-807d-5121-b54e-46ff00b242d0', 16, 1.147),
  ('5f02b12c-807d-5121-b54e-46ff00b242d0', 17, 1.154),
  ('5f02b12c-807d-5121-b54e-46ff00b242d0', 18, 1.168),
  ('5f02b12c-807d-5121-b54e-46ff00b242d0', 19, 1.16),
  ('5f02b12c-807d-5121-b54e-46ff00b242d0', 20, 1.167),
  ('5f02b12c-807d-5121-b54e-46ff00b242d0', 21, 1.182),
  ('5f02b12c-807d-5121-b54e-46ff00b242d0', 22, 1.181),
  ('5f02b12c-807d-5121-b54e-46ff00b242d0', 23, 1.179),
  ('5f02b12c-807d-5121-b54e-46ff00b242d0', 24, 1.193),
  ('2998e95e-d5da-55eb-b1d1-1dfd0d76438f', 0, 0.509),
  ('2998e95e-d5da-55eb-b1d1-1dfd0d76438f', 1, 0.585),
  ('2998e95e-d5da-55eb-b1d1-1dfd0d76438f', 2, 0.676),
  ('2998e95e-d5da-55eb-b1d1-1dfd0d76438f', 3, 0.748),
  ('2998e95e-d5da-55eb-b1d1-1dfd0d76438f', 4, 0.82),
  ('2998e95e-d5da-55eb-b1d1-1dfd0d76438f', 5, 0.869),
  ('2998e95e-d5da-55eb-b1d1-1dfd0d76438f', 6, 0.912),
  ('2998e95e-d5da-55eb-b1d1-1dfd0d76438f', 7, 0.951),
  ('2998e95e-d5da-55eb-b1d1-1dfd0d76438f', 8, 0.99),
  ('2998e95e-d5da-55eb-b1d1-1dfd0d76438f', 9, 1.028),
  ('2998e95e-d5da-55eb-b1d1-1dfd0d76438f', 10, 1.059),
  ('2998e95e-d5da-55eb-b1d1-1dfd0d76438f', 11, 1.087),
  ('2998e95e-d5da-55eb-b1d1-1dfd0d76438f', 12, 1.097),
  ('2998e95e-d5da-55eb-b1d1-1dfd0d76438f', 13, 1.107),
  ('2998e95e-d5da-55eb-b1d1-1dfd0d76438f', 14, 1.122),
  ('2998e95e-d5da-55eb-b1d1-1dfd0d76438f', 15, 1.139),
  ('2998e95e-d5da-55eb-b1d1-1dfd0d76438f', 16, 1.138),
  ('2998e95e-d5da-55eb-b1d1-1dfd0d76438f', 17, 1.147),
  ('2998e95e-d5da-55eb-b1d1-1dfd0d76438f', 18, 1.159),
  ('2998e95e-d5da-55eb-b1d1-1dfd0d76438f', 19, 1.149),
  ('2998e95e-d5da-55eb-b1d1-1dfd0d76438f', 20, 1.137),
  ('2998e95e-d5da-55eb-b1d1-1dfd0d76438f', 21, 1.147),
  ('2998e95e-d5da-55eb-b1d1-1dfd0d76438f', 22, 1.163),
  ('2998e95e-d5da-55eb-b1d1-1dfd0d76438f', 23, 1.161),
  ('2998e95e-d5da-55eb-b1d1-1dfd0d76438f', 24, 1.16),
  ('2e760456-b54b-5db7-b303-af8186220ed2', 0, 0.511),
  ('2e760456-b54b-5db7-b303-af8186220ed2', 1, 0.596),
  ('2e760456-b54b-5db7-b303-af8186220ed2', 2, 0.688),
  ('2e760456-b54b-5db7-b303-af8186220ed2', 3, 0.76),
  ('2e760456-b54b-5db7-b303-af8186220ed2', 4, 0.833),
  ('2e760456-b54b-5db7-b303-af8186220ed2', 5, 0.867),
  ('2e760456-b54b-5db7-b303-af8186220ed2', 6, 0.913),
  ('2e760456-b54b-5db7-b303-af8186220ed2', 7, 0.961),
  ('2e760456-b54b-5db7-b303-af8186220ed2', 8, 0.994),
  ('2e760456-b54b-5db7-b303-af8186220ed2', 9, 1.032),
  ('2e760456-b54b-5db7-b303-af8186220ed2', 10, 1.062),
  ('2e760456-b54b-5db7-b303-af8186220ed2', 11, 1.088),
  ('2e760456-b54b-5db7-b303-af8186220ed2', 12, 1.099),
  ('2e760456-b54b-5db7-b303-af8186220ed2', 13, 1.12),
  ('2e760456-b54b-5db7-b303-af8186220ed2', 14, 1.128),
  ('2e760456-b54b-5db7-b303-af8186220ed2', 15, 1.142),
  ('2e760456-b54b-5db7-b303-af8186220ed2', 16, 1.155),
  ('2e760456-b54b-5db7-b303-af8186220ed2', 17, 1.15),
  ('2e760456-b54b-5db7-b303-af8186220ed2', 18, 1.15),
  ('2e760456-b54b-5db7-b303-af8186220ed2', 19, 1.151),
  ('2e760456-b54b-5db7-b303-af8186220ed2', 20, 1.16),
  ('2e760456-b54b-5db7-b303-af8186220ed2', 21, 1.167),
  ('2e760456-b54b-5db7-b303-af8186220ed2', 22, 1.176),
  ('2e760456-b54b-5db7-b303-af8186220ed2', 23, 1.174),
  ('2e760456-b54b-5db7-b303-af8186220ed2', 24, 1.188),
  ('97d56f2a-12ff-5811-83c8-2a9edba8e52c', 0, 0.541),
  ('97d56f2a-12ff-5811-83c8-2a9edba8e52c', 1, 0.611),
  ('97d56f2a-12ff-5811-83c8-2a9edba8e52c', 2, 0.692),
  ('97d56f2a-12ff-5811-83c8-2a9edba8e52c', 3, 0.763),
  ('97d56f2a-12ff-5811-83c8-2a9edba8e52c', 4, 0.826),
  ('97d56f2a-12ff-5811-83c8-2a9edba8e52c', 5, 0.878),
  ('97d56f2a-12ff-5811-83c8-2a9edba8e52c', 6, 0.92),
  ('97d56f2a-12ff-5811-83c8-2a9edba8e52c', 7, 0.965),
  ('97d56f2a-12ff-5811-83c8-2a9edba8e52c', 8, 1.005),
  ('97d56f2a-12ff-5811-83c8-2a9edba8e52c', 9, 1.035),
  ('97d56f2a-12ff-5811-83c8-2a9edba8e52c', 10, 1.068),
  ('97d56f2a-12ff-5811-83c8-2a9edba8e52c', 11, 1.088),
  ('97d56f2a-12ff-5811-83c8-2a9edba8e52c', 12, 1.105),
  ('97d56f2a-12ff-5811-83c8-2a9edba8e52c', 13, 1.118),
  ('97d56f2a-12ff-5811-83c8-2a9edba8e52c', 14, 1.133),
  ('97d56f2a-12ff-5811-83c8-2a9edba8e52c', 15, 1.149),
  ('97d56f2a-12ff-5811-83c8-2a9edba8e52c', 16, 1.162),
  ('97d56f2a-12ff-5811-83c8-2a9edba8e52c', 17, 1.164),
  ('97d56f2a-12ff-5811-83c8-2a9edba8e52c', 18, 1.174),
  ('97d56f2a-12ff-5811-83c8-2a9edba8e52c', 19, 1.19),
  ('97d56f2a-12ff-5811-83c8-2a9edba8e52c', 20, 1.2),
  ('97d56f2a-12ff-5811-83c8-2a9edba8e52c', 21, 1.221),
  ('97d56f2a-12ff-5811-83c8-2a9edba8e52c', 22, 1.208),
  ('97d56f2a-12ff-5811-83c8-2a9edba8e52c', 23, 1.213),
  ('97d56f2a-12ff-5811-83c8-2a9edba8e52c', 24, 1.216),
  ('039a8664-b274-5f0a-95cd-23d6f54fa358', 0, 0.51),
  ('039a8664-b274-5f0a-95cd-23d6f54fa358', 1, 0.606),
  ('039a8664-b274-5f0a-95cd-23d6f54fa358', 2, 0.685),
  ('039a8664-b274-5f0a-95cd-23d6f54fa358', 3, 0.763),
  ('039a8664-b274-5f0a-95cd-23d6f54fa358', 4, 0.827),
  ('039a8664-b274-5f0a-95cd-23d6f54fa358', 5, 0.875),
  ('039a8664-b274-5f0a-95cd-23d6f54fa358', 6, 0.918),
  ('039a8664-b274-5f0a-95cd-23d6f54fa358', 7, 0.963),
  ('039a8664-b274-5f0a-95cd-23d6f54fa358', 8, 1.003),
  ('039a8664-b274-5f0a-95cd-23d6f54fa358', 9, 1.039),
  ('039a8664-b274-5f0a-95cd-23d6f54fa358', 10, 1.071),
  ('039a8664-b274-5f0a-95cd-23d6f54fa358', 11, 1.095),
  ('039a8664-b274-5f0a-95cd-23d6f54fa358', 12, 1.11),
  ('039a8664-b274-5f0a-95cd-23d6f54fa358', 13, 1.127),
  ('039a8664-b274-5f0a-95cd-23d6f54fa358', 14, 1.134),
  ('039a8664-b274-5f0a-95cd-23d6f54fa358', 15, 1.152),
  ('039a8664-b274-5f0a-95cd-23d6f54fa358', 16, 1.165),
  ('039a8664-b274-5f0a-95cd-23d6f54fa358', 17, 1.161),
  ('039a8664-b274-5f0a-95cd-23d6f54fa358', 18, 1.159),
  ('039a8664-b274-5f0a-95cd-23d6f54fa358', 19, 1.173),
  ('039a8664-b274-5f0a-95cd-23d6f54fa358', 20, 1.17),
  ('039a8664-b274-5f0a-95cd-23d6f54fa358', 21, 1.188),
  ('039a8664-b274-5f0a-95cd-23d6f54fa358', 22, 1.218),
  ('039a8664-b274-5f0a-95cd-23d6f54fa358', 23, 1.177),
  ('039a8664-b274-5f0a-95cd-23d6f54fa358', 24, 1.222),
  ('44bd11d4-f824-51c0-8b45-2dae868a4de0', 0, 0.518),
  ('44bd11d4-f824-51c0-8b45-2dae868a4de0', 1, 0.589),
  ('44bd11d4-f824-51c0-8b45-2dae868a4de0', 2, 0.679),
  ('44bd11d4-f824-51c0-8b45-2dae868a4de0', 3, 0.762),
  ('44bd11d4-f824-51c0-8b45-2dae868a4de0', 4, 0.825),
  ('44bd11d4-f824-51c0-8b45-2dae868a4de0', 5, 0.87),
  ('44bd11d4-f824-51c0-8b45-2dae868a4de0', 6, 0.918),
  ('44bd11d4-f824-51c0-8b45-2dae868a4de0', 7, 0.96),
  ('44bd11d4-f824-51c0-8b45-2dae868a4de0', 8, 0.997),
  ('44bd11d4-f824-51c0-8b45-2dae868a4de0', 9, 1.027),
  ('44bd11d4-f824-51c0-8b45-2dae868a4de0', 10, 1.056),
  ('44bd11d4-f824-51c0-8b45-2dae868a4de0', 11, 1.082),
  ('44bd11d4-f824-51c0-8b45-2dae868a4de0', 12, 1.102),
  ('44bd11d4-f824-51c0-8b45-2dae868a4de0', 13, 1.122),
  ('44bd11d4-f824-51c0-8b45-2dae868a4de0', 14, 1.135),
  ('44bd11d4-f824-51c0-8b45-2dae868a4de0', 15, 1.149),
  ('44bd11d4-f824-51c0-8b45-2dae868a4de0', 16, 1.165),
  ('44bd11d4-f824-51c0-8b45-2dae868a4de0', 17, 1.158),
  ('44bd11d4-f824-51c0-8b45-2dae868a4de0', 18, 1.179),
  ('44bd11d4-f824-51c0-8b45-2dae868a4de0', 19, 1.175),
  ('44bd11d4-f824-51c0-8b45-2dae868a4de0', 20, 1.164),
  ('44bd11d4-f824-51c0-8b45-2dae868a4de0', 21, 1.195),
  ('44bd11d4-f824-51c0-8b45-2dae868a4de0', 22, 1.201),
  ('44bd11d4-f824-51c0-8b45-2dae868a4de0', 23, 1.181),
  ('44bd11d4-f824-51c0-8b45-2dae868a4de0', 24, 1.197),
  ('ecdc26c3-8709-5cb0-bf97-19c0f59805f2', 0, 0.515),
  ('ecdc26c3-8709-5cb0-bf97-19c0f59805f2', 1, 0.604),
  ('ecdc26c3-8709-5cb0-bf97-19c0f59805f2', 2, 0.692),
  ('ecdc26c3-8709-5cb0-bf97-19c0f59805f2', 3, 0.764),
  ('ecdc26c3-8709-5cb0-bf97-19c0f59805f2', 4, 0.824),
  ('ecdc26c3-8709-5cb0-bf97-19c0f59805f2', 5, 0.874),
  ('ecdc26c3-8709-5cb0-bf97-19c0f59805f2', 6, 0.924),
  ('ecdc26c3-8709-5cb0-bf97-19c0f59805f2', 7, 0.963),
  ('ecdc26c3-8709-5cb0-bf97-19c0f59805f2', 8, 1.004),
  ('ecdc26c3-8709-5cb0-bf97-19c0f59805f2', 9, 1.038),
  ('ecdc26c3-8709-5cb0-bf97-19c0f59805f2', 10, 1.075),
  ('ecdc26c3-8709-5cb0-bf97-19c0f59805f2', 11, 1.1),
  ('ecdc26c3-8709-5cb0-bf97-19c0f59805f2', 12, 1.116),
  ('ecdc26c3-8709-5cb0-bf97-19c0f59805f2', 13, 1.132),
  ('ecdc26c3-8709-5cb0-bf97-19c0f59805f2', 14, 1.151),
  ('ecdc26c3-8709-5cb0-bf97-19c0f59805f2', 15, 1.163),
  ('ecdc26c3-8709-5cb0-bf97-19c0f59805f2', 16, 1.157),
  ('ecdc26c3-8709-5cb0-bf97-19c0f59805f2', 17, 1.174),
  ('ecdc26c3-8709-5cb0-bf97-19c0f59805f2', 18, 1.179),
  ('ecdc26c3-8709-5cb0-bf97-19c0f59805f2', 19, 1.178),
  ('ecdc26c3-8709-5cb0-bf97-19c0f59805f2', 20, 1.202),
  ('ecdc26c3-8709-5cb0-bf97-19c0f59805f2', 21, 1.205),
  ('ecdc26c3-8709-5cb0-bf97-19c0f59805f2', 22, 1.222),
  ('ecdc26c3-8709-5cb0-bf97-19c0f59805f2', 23, 1.191),
  ('ecdc26c3-8709-5cb0-bf97-19c0f59805f2', 24, 1.217),
  ('576aacfb-5a1f-5056-b462-2ca68c68e630', 0, 0.519),
  ('576aacfb-5a1f-5056-b462-2ca68c68e630', 1, 0.615),
  ('576aacfb-5a1f-5056-b462-2ca68c68e630', 2, 0.707),
  ('576aacfb-5a1f-5056-b462-2ca68c68e630', 3, 0.776),
  ('576aacfb-5a1f-5056-b462-2ca68c68e630', 4, 0.836),
  ('576aacfb-5a1f-5056-b462-2ca68c68e630', 5, 0.887),
  ('576aacfb-5a1f-5056-b462-2ca68c68e630', 6, 0.925),
  ('576aacfb-5a1f-5056-b462-2ca68c68e630', 7, 0.959),
  ('576aacfb-5a1f-5056-b462-2ca68c68e630', 8, 1.004),
  ('576aacfb-5a1f-5056-b462-2ca68c68e630', 9, 1.042),
  ('576aacfb-5a1f-5056-b462-2ca68c68e630', 10, 1.066),
  ('576aacfb-5a1f-5056-b462-2ca68c68e630', 11, 1.1),
  ('576aacfb-5a1f-5056-b462-2ca68c68e630', 12, 1.117),
  ('576aacfb-5a1f-5056-b462-2ca68c68e630', 13, 1.125),
  ('576aacfb-5a1f-5056-b462-2ca68c68e630', 14, 1.136),
  ('576aacfb-5a1f-5056-b462-2ca68c68e630', 15, 1.141),
  ('576aacfb-5a1f-5056-b462-2ca68c68e630', 16, 1.153),
  ('576aacfb-5a1f-5056-b462-2ca68c68e630', 17, 1.166),
  ('576aacfb-5a1f-5056-b462-2ca68c68e630', 18, 1.181),
  ('576aacfb-5a1f-5056-b462-2ca68c68e630', 19, 1.159),
  ('576aacfb-5a1f-5056-b462-2ca68c68e630', 20, 1.168),
  ('576aacfb-5a1f-5056-b462-2ca68c68e630', 21, 1.166),
  ('576aacfb-5a1f-5056-b462-2ca68c68e630', 22, 1.181),
  ('576aacfb-5a1f-5056-b462-2ca68c68e630', 23, 1.176),
  ('576aacfb-5a1f-5056-b462-2ca68c68e630', 24, 1.196),
  ('b818b8b4-e40a-5e8c-8db1-5f0d029d14bd', 0, 0.54),
  ('b818b8b4-e40a-5e8c-8db1-5f0d029d14bd', 1, 0.621),
  ('b818b8b4-e40a-5e8c-8db1-5f0d029d14bd', 2, 0.715),
  ('b818b8b4-e40a-5e8c-8db1-5f0d029d14bd', 3, 0.781),
  ('b818b8b4-e40a-5e8c-8db1-5f0d029d14bd', 4, 0.846),
  ('b818b8b4-e40a-5e8c-8db1-5f0d029d14bd', 5, 0.885),
  ('b818b8b4-e40a-5e8c-8db1-5f0d029d14bd', 6, 0.923),
  ('b818b8b4-e40a-5e8c-8db1-5f0d029d14bd', 7, 0.963),
  ('b818b8b4-e40a-5e8c-8db1-5f0d029d14bd', 8, 1.001),
  ('b818b8b4-e40a-5e8c-8db1-5f0d029d14bd', 9, 1.04),
  ('b818b8b4-e40a-5e8c-8db1-5f0d029d14bd', 10, 1.066),
  ('b818b8b4-e40a-5e8c-8db1-5f0d029d14bd', 11, 1.102),
  ('b818b8b4-e40a-5e8c-8db1-5f0d029d14bd', 12, 1.116),
  ('b818b8b4-e40a-5e8c-8db1-5f0d029d14bd', 13, 1.127),
  ('b818b8b4-e40a-5e8c-8db1-5f0d029d14bd', 14, 1.142),
  ('b818b8b4-e40a-5e8c-8db1-5f0d029d14bd', 15, 1.152),
  ('b818b8b4-e40a-5e8c-8db1-5f0d029d14bd', 16, 1.167),
  ('b818b8b4-e40a-5e8c-8db1-5f0d029d14bd', 17, 1.18),
  ('b818b8b4-e40a-5e8c-8db1-5f0d029d14bd', 18, 1.186),
  ('b818b8b4-e40a-5e8c-8db1-5f0d029d14bd', 19, 1.232),
  ('b818b8b4-e40a-5e8c-8db1-5f0d029d14bd', 20, 1.177),
  ('b818b8b4-e40a-5e8c-8db1-5f0d029d14bd', 21, 1.173),
  ('b818b8b4-e40a-5e8c-8db1-5f0d029d14bd', 22, 1.199),
  ('b818b8b4-e40a-5e8c-8db1-5f0d029d14bd', 23, 1.168),
  ('b818b8b4-e40a-5e8c-8db1-5f0d029d14bd', 24, 1.189),
  ('38ff7888-bb1d-5697-9446-2bbb92136e7c', 0, 0.521),
  ('38ff7888-bb1d-5697-9446-2bbb92136e7c', 1, 0.595),
  ('38ff7888-bb1d-5697-9446-2bbb92136e7c', 2, 0.687),
  ('38ff7888-bb1d-5697-9446-2bbb92136e7c', 3, 0.762),
  ('38ff7888-bb1d-5697-9446-2bbb92136e7c', 4, 0.829),
  ('38ff7888-bb1d-5697-9446-2bbb92136e7c', 5, 0.878),
  ('38ff7888-bb1d-5697-9446-2bbb92136e7c', 6, 0.926),
  ('38ff7888-bb1d-5697-9446-2bbb92136e7c', 7, 0.954),
  ('38ff7888-bb1d-5697-9446-2bbb92136e7c', 8, 1.001),
  ('38ff7888-bb1d-5697-9446-2bbb92136e7c', 9, 1.04),
  ('38ff7888-bb1d-5697-9446-2bbb92136e7c', 10, 1.063),
  ('38ff7888-bb1d-5697-9446-2bbb92136e7c', 11, 1.089),
  ('38ff7888-bb1d-5697-9446-2bbb92136e7c', 12, 1.101),
  ('38ff7888-bb1d-5697-9446-2bbb92136e7c', 13, 1.118),
  ('38ff7888-bb1d-5697-9446-2bbb92136e7c', 14, 1.136),
  ('38ff7888-bb1d-5697-9446-2bbb92136e7c', 15, 1.149),
  ('38ff7888-bb1d-5697-9446-2bbb92136e7c', 16, 1.152),
  ('38ff7888-bb1d-5697-9446-2bbb92136e7c', 17, 1.157),
  ('38ff7888-bb1d-5697-9446-2bbb92136e7c', 18, 1.175),
  ('38ff7888-bb1d-5697-9446-2bbb92136e7c', 19, 1.167),
  ('38ff7888-bb1d-5697-9446-2bbb92136e7c', 20, 1.17),
  ('38ff7888-bb1d-5697-9446-2bbb92136e7c', 21, 1.182),
  ('38ff7888-bb1d-5697-9446-2bbb92136e7c', 22, 1.179),
  ('38ff7888-bb1d-5697-9446-2bbb92136e7c', 23, 1.18),
  ('38ff7888-bb1d-5697-9446-2bbb92136e7c', 24, 1.19),
  ('de1e2188-7151-5185-a5c7-4812b4e41070', 0, 0.532),
  ('de1e2188-7151-5185-a5c7-4812b4e41070', 1, 0.603),
  ('de1e2188-7151-5185-a5c7-4812b4e41070', 2, 0.685),
  ('de1e2188-7151-5185-a5c7-4812b4e41070', 3, 0.751),
  ('de1e2188-7151-5185-a5c7-4812b4e41070', 4, 0.819),
  ('de1e2188-7151-5185-a5c7-4812b4e41070', 5, 0.864),
  ('de1e2188-7151-5185-a5c7-4812b4e41070', 6, 0.907),
  ('de1e2188-7151-5185-a5c7-4812b4e41070', 7, 0.953),
  ('de1e2188-7151-5185-a5c7-4812b4e41070', 8, 0.993),
  ('de1e2188-7151-5185-a5c7-4812b4e41070', 9, 1.024),
  ('de1e2188-7151-5185-a5c7-4812b4e41070', 10, 1.06),
  ('de1e2188-7151-5185-a5c7-4812b4e41070', 11, 1.079),
  ('de1e2188-7151-5185-a5c7-4812b4e41070', 12, 1.087),
  ('de1e2188-7151-5185-a5c7-4812b4e41070', 13, 1.122),
  ('de1e2188-7151-5185-a5c7-4812b4e41070', 14, 1.124),
  ('de1e2188-7151-5185-a5c7-4812b4e41070', 15, 1.138),
  ('de1e2188-7151-5185-a5c7-4812b4e41070', 16, 1.137),
  ('de1e2188-7151-5185-a5c7-4812b4e41070', 17, 1.141),
  ('de1e2188-7151-5185-a5c7-4812b4e41070', 18, 1.153),
  ('de1e2188-7151-5185-a5c7-4812b4e41070', 19, 1.144),
  ('de1e2188-7151-5185-a5c7-4812b4e41070', 20, 1.139),
  ('de1e2188-7151-5185-a5c7-4812b4e41070', 21, 1.138),
  ('de1e2188-7151-5185-a5c7-4812b4e41070', 22, 1.158),
  ('de1e2188-7151-5185-a5c7-4812b4e41070', 23, 1.141),
  ('de1e2188-7151-5185-a5c7-4812b4e41070', 24, 1.141),
  ('5181e19c-a4d3-59da-9a0f-4635f8174e5a', 0, 0.531),
  ('5181e19c-a4d3-59da-9a0f-4635f8174e5a', 1, 0.611),
  ('5181e19c-a4d3-59da-9a0f-4635f8174e5a', 2, 0.694),
  ('5181e19c-a4d3-59da-9a0f-4635f8174e5a', 3, 0.78),
  ('5181e19c-a4d3-59da-9a0f-4635f8174e5a', 4, 0.836),
  ('5181e19c-a4d3-59da-9a0f-4635f8174e5a', 5, 0.883),
  ('5181e19c-a4d3-59da-9a0f-4635f8174e5a', 6, 0.929),
  ('5181e19c-a4d3-59da-9a0f-4635f8174e5a', 7, 0.969),
  ('5181e19c-a4d3-59da-9a0f-4635f8174e5a', 8, 1.008),
  ('5181e19c-a4d3-59da-9a0f-4635f8174e5a', 9, 1.043),
  ('5181e19c-a4d3-59da-9a0f-4635f8174e5a', 10, 1.064),
  ('5181e19c-a4d3-59da-9a0f-4635f8174e5a', 11, 1.095),
  ('5181e19c-a4d3-59da-9a0f-4635f8174e5a', 12, 1.115),
  ('5181e19c-a4d3-59da-9a0f-4635f8174e5a', 13, 1.126),
  ('5181e19c-a4d3-59da-9a0f-4635f8174e5a', 14, 1.14),
  ('5181e19c-a4d3-59da-9a0f-4635f8174e5a', 15, 1.147),
  ('5181e19c-a4d3-59da-9a0f-4635f8174e5a', 16, 1.158),
  ('5181e19c-a4d3-59da-9a0f-4635f8174e5a', 17, 1.157),
  ('5181e19c-a4d3-59da-9a0f-4635f8174e5a', 18, 1.159),
  ('5181e19c-a4d3-59da-9a0f-4635f8174e5a', 19, 1.149),
  ('5181e19c-a4d3-59da-9a0f-4635f8174e5a', 20, 1.158),
  ('5181e19c-a4d3-59da-9a0f-4635f8174e5a', 21, 1.189),
  ('5181e19c-a4d3-59da-9a0f-4635f8174e5a', 22, 1.175),
  ('5181e19c-a4d3-59da-9a0f-4635f8174e5a', 23, 1.169),
  ('5181e19c-a4d3-59da-9a0f-4635f8174e5a', 24, 1.188),
  ('56a8934b-376b-52fd-8047-8007e3cc7db9', 0, 0.532),
  ('56a8934b-376b-52fd-8047-8007e3cc7db9', 1, 0.61),
  ('56a8934b-376b-52fd-8047-8007e3cc7db9', 2, 0.702),
  ('56a8934b-376b-52fd-8047-8007e3cc7db9', 3, 0.77),
  ('56a8934b-376b-52fd-8047-8007e3cc7db9', 4, 0.835),
  ('56a8934b-376b-52fd-8047-8007e3cc7db9', 5, 0.869),
  ('56a8934b-376b-52fd-8047-8007e3cc7db9', 6, 0.92),
  ('56a8934b-376b-52fd-8047-8007e3cc7db9', 7, 0.96),
  ('56a8934b-376b-52fd-8047-8007e3cc7db9', 8, 1.0),
  ('56a8934b-376b-52fd-8047-8007e3cc7db9', 9, 1.032),
  ('56a8934b-376b-52fd-8047-8007e3cc7db9', 10, 1.062),
  ('56a8934b-376b-52fd-8047-8007e3cc7db9', 11, 1.101),
  ('56a8934b-376b-52fd-8047-8007e3cc7db9', 12, 1.105),
  ('56a8934b-376b-52fd-8047-8007e3cc7db9', 13, 1.122),
  ('56a8934b-376b-52fd-8047-8007e3cc7db9', 14, 1.144),
  ('56a8934b-376b-52fd-8047-8007e3cc7db9', 15, 1.164),
  ('56a8934b-376b-52fd-8047-8007e3cc7db9', 16, 1.175),
  ('56a8934b-376b-52fd-8047-8007e3cc7db9', 17, 1.15),
  ('56a8934b-376b-52fd-8047-8007e3cc7db9', 18, 1.156),
  ('56a8934b-376b-52fd-8047-8007e3cc7db9', 19, 1.186),
  ('56a8934b-376b-52fd-8047-8007e3cc7db9', 20, 1.189),
  ('56a8934b-376b-52fd-8047-8007e3cc7db9', 21, 1.182),
  ('56a8934b-376b-52fd-8047-8007e3cc7db9', 22, 1.194),
  ('56a8934b-376b-52fd-8047-8007e3cc7db9', 23, 1.184),
  ('56a8934b-376b-52fd-8047-8007e3cc7db9', 24, 1.179),
  ('96a47b81-39db-5429-8621-7a92fe010d1e', 0, 0.533),
  ('96a47b81-39db-5429-8621-7a92fe010d1e', 1, 0.599),
  ('96a47b81-39db-5429-8621-7a92fe010d1e', 2, 0.684),
  ('96a47b81-39db-5429-8621-7a92fe010d1e', 3, 0.765),
  ('96a47b81-39db-5429-8621-7a92fe010d1e', 4, 0.83),
  ('96a47b81-39db-5429-8621-7a92fe010d1e', 5, 0.88),
  ('96a47b81-39db-5429-8621-7a92fe010d1e', 6, 0.922),
  ('96a47b81-39db-5429-8621-7a92fe010d1e', 7, 0.961),
  ('96a47b81-39db-5429-8621-7a92fe010d1e', 8, 1.002),
  ('96a47b81-39db-5429-8621-7a92fe010d1e', 9, 1.033),
  ('96a47b81-39db-5429-8621-7a92fe010d1e', 10, 1.065),
  ('96a47b81-39db-5429-8621-7a92fe010d1e', 11, 1.089),
  ('96a47b81-39db-5429-8621-7a92fe010d1e', 12, 1.101),
  ('96a47b81-39db-5429-8621-7a92fe010d1e', 13, 1.134),
  ('96a47b81-39db-5429-8621-7a92fe010d1e', 14, 1.134),
  ('96a47b81-39db-5429-8621-7a92fe010d1e', 15, 1.151),
  ('96a47b81-39db-5429-8621-7a92fe010d1e', 16, 1.153),
  ('96a47b81-39db-5429-8621-7a92fe010d1e', 17, 1.165),
  ('96a47b81-39db-5429-8621-7a92fe010d1e', 18, 1.161),
  ('96a47b81-39db-5429-8621-7a92fe010d1e', 19, 1.157),
  ('96a47b81-39db-5429-8621-7a92fe010d1e', 20, 1.157),
  ('96a47b81-39db-5429-8621-7a92fe010d1e', 21, 1.176),
  ('96a47b81-39db-5429-8621-7a92fe010d1e', 22, 1.183),
  ('96a47b81-39db-5429-8621-7a92fe010d1e', 23, 1.164),
  ('96a47b81-39db-5429-8621-7a92fe010d1e', 24, 1.176),
  ('0647d0d6-7646-5735-8f38-6a9643496adb', 0, 0.527),
  ('0647d0d6-7646-5735-8f38-6a9643496adb', 1, 0.615),
  ('0647d0d6-7646-5735-8f38-6a9643496adb', 2, 0.686),
  ('0647d0d6-7646-5735-8f38-6a9643496adb', 3, 0.769),
  ('0647d0d6-7646-5735-8f38-6a9643496adb', 4, 0.831),
  ('0647d0d6-7646-5735-8f38-6a9643496adb', 5, 0.878),
  ('0647d0d6-7646-5735-8f38-6a9643496adb', 6, 0.925),
  ('0647d0d6-7646-5735-8f38-6a9643496adb', 7, 0.963),
  ('0647d0d6-7646-5735-8f38-6a9643496adb', 8, 1.0),
  ('0647d0d6-7646-5735-8f38-6a9643496adb', 9, 1.033),
  ('0647d0d6-7646-5735-8f38-6a9643496adb', 10, 1.065),
  ('0647d0d6-7646-5735-8f38-6a9643496adb', 11, 1.093),
  ('0647d0d6-7646-5735-8f38-6a9643496adb', 12, 1.111),
  ('0647d0d6-7646-5735-8f38-6a9643496adb', 13, 1.122),
  ('0647d0d6-7646-5735-8f38-6a9643496adb', 14, 1.129),
  ('0647d0d6-7646-5735-8f38-6a9643496adb', 15, 1.149),
  ('0647d0d6-7646-5735-8f38-6a9643496adb', 16, 1.156),
  ('0647d0d6-7646-5735-8f38-6a9643496adb', 17, 1.169),
  ('0647d0d6-7646-5735-8f38-6a9643496adb', 18, 1.174),
  ('0647d0d6-7646-5735-8f38-6a9643496adb', 19, 1.147),
  ('0647d0d6-7646-5735-8f38-6a9643496adb', 20, 1.153),
  ('0647d0d6-7646-5735-8f38-6a9643496adb', 21, 1.172),
  ('0647d0d6-7646-5735-8f38-6a9643496adb', 22, 1.192),
  ('0647d0d6-7646-5735-8f38-6a9643496adb', 23, 1.178),
  ('0647d0d6-7646-5735-8f38-6a9643496adb', 24, 1.197),
  ('33c15180-1ea9-5fb0-a739-07c11b15f330', 0, 0.52),
  ('33c15180-1ea9-5fb0-a739-07c11b15f330', 1, 0.592),
  ('33c15180-1ea9-5fb0-a739-07c11b15f330', 2, 0.687),
  ('33c15180-1ea9-5fb0-a739-07c11b15f330', 3, 0.75),
  ('33c15180-1ea9-5fb0-a739-07c11b15f330', 4, 0.825),
  ('33c15180-1ea9-5fb0-a739-07c11b15f330', 5, 0.87),
  ('33c15180-1ea9-5fb0-a739-07c11b15f330', 6, 0.92),
  ('33c15180-1ea9-5fb0-a739-07c11b15f330', 7, 0.957),
  ('33c15180-1ea9-5fb0-a739-07c11b15f330', 8, 0.992),
  ('33c15180-1ea9-5fb0-a739-07c11b15f330', 9, 1.035),
  ('33c15180-1ea9-5fb0-a739-07c11b15f330', 10, 1.063),
  ('33c15180-1ea9-5fb0-a739-07c11b15f330', 11, 1.093),
  ('33c15180-1ea9-5fb0-a739-07c11b15f330', 12, 1.108),
  ('33c15180-1ea9-5fb0-a739-07c11b15f330', 13, 1.114),
  ('33c15180-1ea9-5fb0-a739-07c11b15f330', 14, 1.122),
  ('33c15180-1ea9-5fb0-a739-07c11b15f330', 15, 1.139),
  ('33c15180-1ea9-5fb0-a739-07c11b15f330', 16, 1.142),
  ('33c15180-1ea9-5fb0-a739-07c11b15f330', 17, 1.14),
  ('33c15180-1ea9-5fb0-a739-07c11b15f330', 18, 1.15),
  ('33c15180-1ea9-5fb0-a739-07c11b15f330', 19, 1.152),
  ('33c15180-1ea9-5fb0-a739-07c11b15f330', 20, 1.14),
  ('33c15180-1ea9-5fb0-a739-07c11b15f330', 21, 1.15),
  ('33c15180-1ea9-5fb0-a739-07c11b15f330', 22, 1.157),
  ('33c15180-1ea9-5fb0-a739-07c11b15f330', 23, 1.157),
  ('33c15180-1ea9-5fb0-a739-07c11b15f330', 24, 1.162),
  ('3bc6a294-793c-5266-8f7a-6d3d50b0b78f', 0, 0.497),
  ('3bc6a294-793c-5266-8f7a-6d3d50b0b78f', 1, 0.588),
  ('3bc6a294-793c-5266-8f7a-6d3d50b0b78f', 2, 0.68),
  ('3bc6a294-793c-5266-8f7a-6d3d50b0b78f', 3, 0.76),
  ('3bc6a294-793c-5266-8f7a-6d3d50b0b78f', 4, 0.825),
  ('3bc6a294-793c-5266-8f7a-6d3d50b0b78f', 5, 0.871),
  ('3bc6a294-793c-5266-8f7a-6d3d50b0b78f', 6, 0.912),
  ('3bc6a294-793c-5266-8f7a-6d3d50b0b78f', 7, 0.957),
  ('3bc6a294-793c-5266-8f7a-6d3d50b0b78f', 8, 0.995),
  ('3bc6a294-793c-5266-8f7a-6d3d50b0b78f', 9, 1.032),
  ('3bc6a294-793c-5266-8f7a-6d3d50b0b78f', 10, 1.068),
  ('3bc6a294-793c-5266-8f7a-6d3d50b0b78f', 11, 1.088),
  ('3bc6a294-793c-5266-8f7a-6d3d50b0b78f', 12, 1.107),
  ('3bc6a294-793c-5266-8f7a-6d3d50b0b78f', 13, 1.119),
  ('3bc6a294-793c-5266-8f7a-6d3d50b0b78f', 14, 1.136),
  ('3bc6a294-793c-5266-8f7a-6d3d50b0b78f', 15, 1.137),
  ('3bc6a294-793c-5266-8f7a-6d3d50b0b78f', 16, 1.152),
  ('3bc6a294-793c-5266-8f7a-6d3d50b0b78f', 17, 1.167),
  ('3bc6a294-793c-5266-8f7a-6d3d50b0b78f', 18, 1.167),
  ('3bc6a294-793c-5266-8f7a-6d3d50b0b78f', 19, 1.191),
  ('3bc6a294-793c-5266-8f7a-6d3d50b0b78f', 20, 1.173),
  ('3bc6a294-793c-5266-8f7a-6d3d50b0b78f', 21, 1.164),
  ('3bc6a294-793c-5266-8f7a-6d3d50b0b78f', 22, 1.187),
  ('3bc6a294-793c-5266-8f7a-6d3d50b0b78f', 23, 1.17),
  ('3bc6a294-793c-5266-8f7a-6d3d50b0b78f', 24, 1.227),
  ('f3b032ba-52e2-53a7-a04d-9987330aaaac', 0, 0.516),
  ('f3b032ba-52e2-53a7-a04d-9987330aaaac', 1, 0.592),
  ('f3b032ba-52e2-53a7-a04d-9987330aaaac', 2, 0.677),
  ('f3b032ba-52e2-53a7-a04d-9987330aaaac', 3, 0.752),
  ('f3b032ba-52e2-53a7-a04d-9987330aaaac', 4, 0.827),
  ('f3b032ba-52e2-53a7-a04d-9987330aaaac', 5, 0.867),
  ('f3b032ba-52e2-53a7-a04d-9987330aaaac', 6, 0.919),
  ('f3b032ba-52e2-53a7-a04d-9987330aaaac', 7, 0.96),
  ('f3b032ba-52e2-53a7-a04d-9987330aaaac', 8, 1.003),
  ('f3b032ba-52e2-53a7-a04d-9987330aaaac', 9, 1.033),
  ('f3b032ba-52e2-53a7-a04d-9987330aaaac', 10, 1.061),
  ('f3b032ba-52e2-53a7-a04d-9987330aaaac', 11, 1.09),
  ('f3b032ba-52e2-53a7-a04d-9987330aaaac', 12, 1.106),
  ('f3b032ba-52e2-53a7-a04d-9987330aaaac', 13, 1.121),
  ('f3b032ba-52e2-53a7-a04d-9987330aaaac', 14, 1.137),
  ('f3b032ba-52e2-53a7-a04d-9987330aaaac', 15, 1.147),
  ('f3b032ba-52e2-53a7-a04d-9987330aaaac', 16, 1.153),
  ('f3b032ba-52e2-53a7-a04d-9987330aaaac', 17, 1.154),
  ('f3b032ba-52e2-53a7-a04d-9987330aaaac', 18, 1.158),
  ('f3b032ba-52e2-53a7-a04d-9987330aaaac', 19, 1.166),
  ('f3b032ba-52e2-53a7-a04d-9987330aaaac', 20, 1.169),
  ('f3b032ba-52e2-53a7-a04d-9987330aaaac', 21, 1.183),
  ('f3b032ba-52e2-53a7-a04d-9987330aaaac', 22, 1.179),
  ('f3b032ba-52e2-53a7-a04d-9987330aaaac', 23, 1.178),
  ('f3b032ba-52e2-53a7-a04d-9987330aaaac', 24, 1.196),
  ('3d9948b6-c426-54c3-8472-3f2e9464ffef', 0, 0.555),
  ('3d9948b6-c426-54c3-8472-3f2e9464ffef', 1, 0.596),
  ('3d9948b6-c426-54c3-8472-3f2e9464ffef', 2, 0.685),
  ('3d9948b6-c426-54c3-8472-3f2e9464ffef', 3, 0.795),
  ('3d9948b6-c426-54c3-8472-3f2e9464ffef', 4, 0.829),
  ('3d9948b6-c426-54c3-8472-3f2e9464ffef', 5, 0.874),
  ('3d9948b6-c426-54c3-8472-3f2e9464ffef', 6, 0.919),
  ('3d9948b6-c426-54c3-8472-3f2e9464ffef', 7, 0.964),
  ('3d9948b6-c426-54c3-8472-3f2e9464ffef', 8, 1.004),
  ('3d9948b6-c426-54c3-8472-3f2e9464ffef', 9, 1.035),
  ('3d9948b6-c426-54c3-8472-3f2e9464ffef', 10, 1.071),
  ('3d9948b6-c426-54c3-8472-3f2e9464ffef', 11, 1.098),
  ('3d9948b6-c426-54c3-8472-3f2e9464ffef', 12, 1.106),
  ('3d9948b6-c426-54c3-8472-3f2e9464ffef', 13, 1.121),
  ('3d9948b6-c426-54c3-8472-3f2e9464ffef', 14, 1.136),
  ('3d9948b6-c426-54c3-8472-3f2e9464ffef', 15, 1.14),
  ('3d9948b6-c426-54c3-8472-3f2e9464ffef', 16, 1.16),
  ('3d9948b6-c426-54c3-8472-3f2e9464ffef', 17, 1.16),
  ('3d9948b6-c426-54c3-8472-3f2e9464ffef', 18, 1.167),
  ('3d9948b6-c426-54c3-8472-3f2e9464ffef', 19, 1.158),
  ('3d9948b6-c426-54c3-8472-3f2e9464ffef', 20, 1.161),
  ('3d9948b6-c426-54c3-8472-3f2e9464ffef', 21, 1.178),
  ('3d9948b6-c426-54c3-8472-3f2e9464ffef', 22, 1.178),
  ('3d9948b6-c426-54c3-8472-3f2e9464ffef', 23, 1.179),
  ('3d9948b6-c426-54c3-8472-3f2e9464ffef', 24, 1.19),
  ('a86d9869-18ce-51de-87e9-91875270fe84', 0, 0.511),
  ('a86d9869-18ce-51de-87e9-91875270fe84', 1, 0.588),
  ('a86d9869-18ce-51de-87e9-91875270fe84', 2, 0.691),
  ('a86d9869-18ce-51de-87e9-91875270fe84', 3, 0.757),
  ('a86d9869-18ce-51de-87e9-91875270fe84', 4, 0.821),
  ('a86d9869-18ce-51de-87e9-91875270fe84', 5, 0.864),
  ('a86d9869-18ce-51de-87e9-91875270fe84', 6, 0.918),
  ('a86d9869-18ce-51de-87e9-91875270fe84', 7, 0.957),
  ('a86d9869-18ce-51de-87e9-91875270fe84', 8, 0.998),
  ('a86d9869-18ce-51de-87e9-91875270fe84', 9, 1.027),
  ('a86d9869-18ce-51de-87e9-91875270fe84', 10, 1.056),
  ('a86d9869-18ce-51de-87e9-91875270fe84', 11, 1.085),
  ('a86d9869-18ce-51de-87e9-91875270fe84', 12, 1.098),
  ('a86d9869-18ce-51de-87e9-91875270fe84', 13, 1.115),
  ('a86d9869-18ce-51de-87e9-91875270fe84', 14, 1.13),
  ('a86d9869-18ce-51de-87e9-91875270fe84', 15, 1.142),
  ('a86d9869-18ce-51de-87e9-91875270fe84', 16, 1.144),
  ('a86d9869-18ce-51de-87e9-91875270fe84', 17, 1.155),
  ('a86d9869-18ce-51de-87e9-91875270fe84', 18, 1.151),
  ('a86d9869-18ce-51de-87e9-91875270fe84', 19, 1.161),
  ('a86d9869-18ce-51de-87e9-91875270fe84', 20, 1.161),
  ('a86d9869-18ce-51de-87e9-91875270fe84', 21, 1.172),
  ('a86d9869-18ce-51de-87e9-91875270fe84', 22, 1.173),
  ('a86d9869-18ce-51de-87e9-91875270fe84', 23, 1.189),
  ('a86d9869-18ce-51de-87e9-91875270fe84', 24, 1.196),
  ('e1bed9f5-cd98-5fd7-ad06-d2c2d856e8bf', 0, 0.525),
  ('e1bed9f5-cd98-5fd7-ad06-d2c2d856e8bf', 1, 0.6),
  ('e1bed9f5-cd98-5fd7-ad06-d2c2d856e8bf', 2, 0.686),
  ('e1bed9f5-cd98-5fd7-ad06-d2c2d856e8bf', 3, 0.761),
  ('e1bed9f5-cd98-5fd7-ad06-d2c2d856e8bf', 4, 0.828),
  ('e1bed9f5-cd98-5fd7-ad06-d2c2d856e8bf', 5, 0.873),
  ('e1bed9f5-cd98-5fd7-ad06-d2c2d856e8bf', 6, 0.919),
  ('e1bed9f5-cd98-5fd7-ad06-d2c2d856e8bf', 7, 0.964),
  ('e1bed9f5-cd98-5fd7-ad06-d2c2d856e8bf', 8, 0.997),
  ('e1bed9f5-cd98-5fd7-ad06-d2c2d856e8bf', 9, 1.034),
  ('e1bed9f5-cd98-5fd7-ad06-d2c2d856e8bf', 10, 1.066),
  ('e1bed9f5-cd98-5fd7-ad06-d2c2d856e8bf', 11, 1.102),
  ('e1bed9f5-cd98-5fd7-ad06-d2c2d856e8bf', 12, 1.12),
  ('e1bed9f5-cd98-5fd7-ad06-d2c2d856e8bf', 13, 1.141),
  ('e1bed9f5-cd98-5fd7-ad06-d2c2d856e8bf', 14, 1.161),
  ('e1bed9f5-cd98-5fd7-ad06-d2c2d856e8bf', 15, 1.154),
  ('e1bed9f5-cd98-5fd7-ad06-d2c2d856e8bf', 16, 1.168),
  ('e1bed9f5-cd98-5fd7-ad06-d2c2d856e8bf', 17, 1.162),
  ('e1bed9f5-cd98-5fd7-ad06-d2c2d856e8bf', 18, 1.164),
  ('e1bed9f5-cd98-5fd7-ad06-d2c2d856e8bf', 19, 1.186),
  ('e1bed9f5-cd98-5fd7-ad06-d2c2d856e8bf', 20, 1.206),
  ('e1bed9f5-cd98-5fd7-ad06-d2c2d856e8bf', 21, 1.232),
  ('e1bed9f5-cd98-5fd7-ad06-d2c2d856e8bf', 22, 1.212),
  ('e1bed9f5-cd98-5fd7-ad06-d2c2d856e8bf', 23, 1.195),
  ('e1bed9f5-cd98-5fd7-ad06-d2c2d856e8bf', 24, 1.216),
  ('66afe1e2-f39a-5276-86be-4c4bf8ae6726', 0, 0.521),
  ('66afe1e2-f39a-5276-86be-4c4bf8ae6726', 1, 0.6),
  ('66afe1e2-f39a-5276-86be-4c4bf8ae6726', 2, 0.691),
  ('66afe1e2-f39a-5276-86be-4c4bf8ae6726', 3, 0.767),
  ('66afe1e2-f39a-5276-86be-4c4bf8ae6726', 4, 0.841),
  ('66afe1e2-f39a-5276-86be-4c4bf8ae6726', 5, 0.876),
  ('66afe1e2-f39a-5276-86be-4c4bf8ae6726', 6, 0.929),
  ('66afe1e2-f39a-5276-86be-4c4bf8ae6726', 7, 0.971),
  ('66afe1e2-f39a-5276-86be-4c4bf8ae6726', 8, 1.014),
  ('66afe1e2-f39a-5276-86be-4c4bf8ae6726', 9, 1.047),
  ('66afe1e2-f39a-5276-86be-4c4bf8ae6726', 10, 1.073),
  ('66afe1e2-f39a-5276-86be-4c4bf8ae6726', 11, 1.108),
  ('66afe1e2-f39a-5276-86be-4c4bf8ae6726', 12, 1.135),
  ('66afe1e2-f39a-5276-86be-4c4bf8ae6726', 13, 1.15),
  ('66afe1e2-f39a-5276-86be-4c4bf8ae6726', 14, 1.166),
  ('66afe1e2-f39a-5276-86be-4c4bf8ae6726', 15, 1.168),
  ('66afe1e2-f39a-5276-86be-4c4bf8ae6726', 16, 1.161),
  ('66afe1e2-f39a-5276-86be-4c4bf8ae6726', 17, 1.162),
  ('66afe1e2-f39a-5276-86be-4c4bf8ae6726', 18, 1.179),
  ('66afe1e2-f39a-5276-86be-4c4bf8ae6726', 19, 1.192),
  ('66afe1e2-f39a-5276-86be-4c4bf8ae6726', 20, 1.217),
  ('66afe1e2-f39a-5276-86be-4c4bf8ae6726', 21, 1.227),
  ('66afe1e2-f39a-5276-86be-4c4bf8ae6726', 22, 1.228),
  ('66afe1e2-f39a-5276-86be-4c4bf8ae6726', 23, 1.214),
  ('66afe1e2-f39a-5276-86be-4c4bf8ae6726', 24, 1.216),
  ('fe192f78-9c5c-5975-9e78-5ab73c80810e', 0, 0.525),
  ('fe192f78-9c5c-5975-9e78-5ab73c80810e', 1, 0.612),
  ('fe192f78-9c5c-5975-9e78-5ab73c80810e', 2, 0.7),
  ('fe192f78-9c5c-5975-9e78-5ab73c80810e', 3, 0.798),
  ('fe192f78-9c5c-5975-9e78-5ab73c80810e', 4, 0.83),
  ('fe192f78-9c5c-5975-9e78-5ab73c80810e', 5, 0.882),
  ('fe192f78-9c5c-5975-9e78-5ab73c80810e', 6, 0.923),
  ('fe192f78-9c5c-5975-9e78-5ab73c80810e', 7, 0.958),
  ('fe192f78-9c5c-5975-9e78-5ab73c80810e', 8, 0.997),
  ('fe192f78-9c5c-5975-9e78-5ab73c80810e', 9, 1.028),
  ('fe192f78-9c5c-5975-9e78-5ab73c80810e', 10, 1.058),
  ('fe192f78-9c5c-5975-9e78-5ab73c80810e', 11, 1.082),
  ('fe192f78-9c5c-5975-9e78-5ab73c80810e', 12, 1.102),
  ('fe192f78-9c5c-5975-9e78-5ab73c80810e', 13, 1.117),
  ('fe192f78-9c5c-5975-9e78-5ab73c80810e', 14, 1.129),
  ('fe192f78-9c5c-5975-9e78-5ab73c80810e', 15, 1.14),
  ('fe192f78-9c5c-5975-9e78-5ab73c80810e', 16, 1.15),
  ('fe192f78-9c5c-5975-9e78-5ab73c80810e', 17, 1.149),
  ('fe192f78-9c5c-5975-9e78-5ab73c80810e', 18, 1.15),
  ('fe192f78-9c5c-5975-9e78-5ab73c80810e', 19, 1.148),
  ('fe192f78-9c5c-5975-9e78-5ab73c80810e', 20, 1.152),
  ('fe192f78-9c5c-5975-9e78-5ab73c80810e', 21, 1.151),
  ('fe192f78-9c5c-5975-9e78-5ab73c80810e', 22, 1.179),
  ('fe192f78-9c5c-5975-9e78-5ab73c80810e', 23, 1.161),
  ('fe192f78-9c5c-5975-9e78-5ab73c80810e', 24, 1.19),
  ('21c20030-1793-5035-9477-1745c26eaa4d', 0, 0.557),
  ('21c20030-1793-5035-9477-1745c26eaa4d', 1, 0.626),
  ('21c20030-1793-5035-9477-1745c26eaa4d', 2, 0.706),
  ('21c20030-1793-5035-9477-1745c26eaa4d', 3, 0.78),
  ('21c20030-1793-5035-9477-1745c26eaa4d', 4, 0.843),
  ('21c20030-1793-5035-9477-1745c26eaa4d', 5, 0.898),
  ('21c20030-1793-5035-9477-1745c26eaa4d', 6, 0.941),
  ('21c20030-1793-5035-9477-1745c26eaa4d', 7, 0.976),
  ('21c20030-1793-5035-9477-1745c26eaa4d', 8, 1.005),
  ('21c20030-1793-5035-9477-1745c26eaa4d', 9, 1.042),
  ('21c20030-1793-5035-9477-1745c26eaa4d', 10, 1.075),
  ('21c20030-1793-5035-9477-1745c26eaa4d', 11, 1.098),
  ('21c20030-1793-5035-9477-1745c26eaa4d', 12, 1.107),
  ('21c20030-1793-5035-9477-1745c26eaa4d', 13, 1.124),
  ('21c20030-1793-5035-9477-1745c26eaa4d', 14, 1.135),
  ('21c20030-1793-5035-9477-1745c26eaa4d', 15, 1.149),
  ('21c20030-1793-5035-9477-1745c26eaa4d', 16, 1.155),
  ('21c20030-1793-5035-9477-1745c26eaa4d', 17, 1.165),
  ('21c20030-1793-5035-9477-1745c26eaa4d', 18, 1.166),
  ('21c20030-1793-5035-9477-1745c26eaa4d', 19, 1.164),
  ('21c20030-1793-5035-9477-1745c26eaa4d', 20, 1.172),
  ('21c20030-1793-5035-9477-1745c26eaa4d', 21, 1.201),
  ('21c20030-1793-5035-9477-1745c26eaa4d', 22, 1.185),
  ('21c20030-1793-5035-9477-1745c26eaa4d', 23, 1.198),
  ('21c20030-1793-5035-9477-1745c26eaa4d', 24, 1.204),
  ('0d93c40d-1d52-5ba5-96d3-4af7075bbb98', 0, 0.532),
  ('0d93c40d-1d52-5ba5-96d3-4af7075bbb98', 1, 0.617),
  ('0d93c40d-1d52-5ba5-96d3-4af7075bbb98', 2, 0.713),
  ('0d93c40d-1d52-5ba5-96d3-4af7075bbb98', 3, 0.785),
  ('0d93c40d-1d52-5ba5-96d3-4af7075bbb98', 4, 0.846),
  ('0d93c40d-1d52-5ba5-96d3-4af7075bbb98', 5, 0.899),
  ('0d93c40d-1d52-5ba5-96d3-4af7075bbb98', 6, 0.948),
  ('0d93c40d-1d52-5ba5-96d3-4af7075bbb98', 7, 0.985),
  ('0d93c40d-1d52-5ba5-96d3-4af7075bbb98', 8, 1.018),
  ('0d93c40d-1d52-5ba5-96d3-4af7075bbb98', 9, 1.053),
  ('0d93c40d-1d52-5ba5-96d3-4af7075bbb98', 10, 1.086),
  ('0d93c40d-1d52-5ba5-96d3-4af7075bbb98', 11, 1.104),
  ('0d93c40d-1d52-5ba5-96d3-4af7075bbb98', 12, 1.123),
  ('0d93c40d-1d52-5ba5-96d3-4af7075bbb98', 13, 1.137),
  ('0d93c40d-1d52-5ba5-96d3-4af7075bbb98', 14, 1.156),
  ('0d93c40d-1d52-5ba5-96d3-4af7075bbb98', 15, 1.157),
  ('0d93c40d-1d52-5ba5-96d3-4af7075bbb98', 16, 1.173),
  ('0d93c40d-1d52-5ba5-96d3-4af7075bbb98', 17, 1.186),
  ('0d93c40d-1d52-5ba5-96d3-4af7075bbb98', 18, 1.168),
  ('0d93c40d-1d52-5ba5-96d3-4af7075bbb98', 19, 1.166),
  ('0d93c40d-1d52-5ba5-96d3-4af7075bbb98', 20, 1.173),
  ('0d93c40d-1d52-5ba5-96d3-4af7075bbb98', 21, 1.201),
  ('0d93c40d-1d52-5ba5-96d3-4af7075bbb98', 22, 1.212),
  ('0d93c40d-1d52-5ba5-96d3-4af7075bbb98', 23, 1.189),
  ('0d93c40d-1d52-5ba5-96d3-4af7075bbb98', 24, 1.214),
  ('6aa2ec39-ff3a-5f65-b544-0cbab3e686f1', 0, 0.527),
  ('6aa2ec39-ff3a-5f65-b544-0cbab3e686f1', 1, 0.62),
  ('6aa2ec39-ff3a-5f65-b544-0cbab3e686f1', 2, 0.705),
  ('6aa2ec39-ff3a-5f65-b544-0cbab3e686f1', 3, 0.782),
  ('6aa2ec39-ff3a-5f65-b544-0cbab3e686f1', 4, 0.843),
  ('6aa2ec39-ff3a-5f65-b544-0cbab3e686f1', 5, 0.899),
  ('6aa2ec39-ff3a-5f65-b544-0cbab3e686f1', 6, 0.939),
  ('6aa2ec39-ff3a-5f65-b544-0cbab3e686f1', 7, 0.991),
  ('6aa2ec39-ff3a-5f65-b544-0cbab3e686f1', 8, 1.02),
  ('6aa2ec39-ff3a-5f65-b544-0cbab3e686f1', 9, 1.054),
  ('6aa2ec39-ff3a-5f65-b544-0cbab3e686f1', 10, 1.083),
  ('6aa2ec39-ff3a-5f65-b544-0cbab3e686f1', 11, 1.11),
  ('6aa2ec39-ff3a-5f65-b544-0cbab3e686f1', 12, 1.119),
  ('6aa2ec39-ff3a-5f65-b544-0cbab3e686f1', 13, 1.134),
  ('6aa2ec39-ff3a-5f65-b544-0cbab3e686f1', 14, 1.163),
  ('6aa2ec39-ff3a-5f65-b544-0cbab3e686f1', 15, 1.16),
  ('6aa2ec39-ff3a-5f65-b544-0cbab3e686f1', 16, 1.173),
  ('6aa2ec39-ff3a-5f65-b544-0cbab3e686f1', 17, 1.182),
  ('6aa2ec39-ff3a-5f65-b544-0cbab3e686f1', 18, 1.181),
  ('6aa2ec39-ff3a-5f65-b544-0cbab3e686f1', 19, 1.197),
  ('6aa2ec39-ff3a-5f65-b544-0cbab3e686f1', 20, 1.204),
  ('6aa2ec39-ff3a-5f65-b544-0cbab3e686f1', 21, 1.211),
  ('6aa2ec39-ff3a-5f65-b544-0cbab3e686f1', 22, 1.206),
  ('6aa2ec39-ff3a-5f65-b544-0cbab3e686f1', 23, 1.188),
  ('6aa2ec39-ff3a-5f65-b544-0cbab3e686f1', 24, 1.225),
  ('a8a0a5ed-8c36-5605-8d10-d77758d07b7d', 0, 0.526),
  ('a8a0a5ed-8c36-5605-8d10-d77758d07b7d', 1, 0.596),
  ('a8a0a5ed-8c36-5605-8d10-d77758d07b7d', 2, 0.684),
  ('a8a0a5ed-8c36-5605-8d10-d77758d07b7d', 3, 0.759),
  ('a8a0a5ed-8c36-5605-8d10-d77758d07b7d', 4, 0.823),
  ('a8a0a5ed-8c36-5605-8d10-d77758d07b7d', 5, 0.872),
  ('a8a0a5ed-8c36-5605-8d10-d77758d07b7d', 6, 0.935),
  ('a8a0a5ed-8c36-5605-8d10-d77758d07b7d', 7, 0.958),
  ('a8a0a5ed-8c36-5605-8d10-d77758d07b7d', 8, 1.006),
  ('a8a0a5ed-8c36-5605-8d10-d77758d07b7d', 9, 1.035),
  ('a8a0a5ed-8c36-5605-8d10-d77758d07b7d', 10, 1.068),
  ('a8a0a5ed-8c36-5605-8d10-d77758d07b7d', 11, 1.1),
  ('a8a0a5ed-8c36-5605-8d10-d77758d07b7d', 12, 1.122),
  ('a8a0a5ed-8c36-5605-8d10-d77758d07b7d', 13, 1.132),
  ('a8a0a5ed-8c36-5605-8d10-d77758d07b7d', 14, 1.147),
  ('a8a0a5ed-8c36-5605-8d10-d77758d07b7d', 15, 1.165),
  ('a8a0a5ed-8c36-5605-8d10-d77758d07b7d', 16, 1.164),
  ('a8a0a5ed-8c36-5605-8d10-d77758d07b7d', 17, 1.158),
  ('a8a0a5ed-8c36-5605-8d10-d77758d07b7d', 18, 1.163),
  ('a8a0a5ed-8c36-5605-8d10-d77758d07b7d', 19, 1.189),
  ('a8a0a5ed-8c36-5605-8d10-d77758d07b7d', 20, 1.195),
  ('a8a0a5ed-8c36-5605-8d10-d77758d07b7d', 21, 1.204),
  ('a8a0a5ed-8c36-5605-8d10-d77758d07b7d', 22, 1.217),
  ('a8a0a5ed-8c36-5605-8d10-d77758d07b7d', 23, 1.208),
  ('a8a0a5ed-8c36-5605-8d10-d77758d07b7d', 24, 1.224),
  ('8a2d2150-7357-5200-8bfa-3b6029f1e97d', 0, 0.511),
  ('8a2d2150-7357-5200-8bfa-3b6029f1e97d', 1, 0.581),
  ('8a2d2150-7357-5200-8bfa-3b6029f1e97d', 2, 0.673),
  ('8a2d2150-7357-5200-8bfa-3b6029f1e97d', 3, 0.747),
  ('8a2d2150-7357-5200-8bfa-3b6029f1e97d', 4, 0.814),
  ('8a2d2150-7357-5200-8bfa-3b6029f1e97d', 5, 0.86),
  ('8a2d2150-7357-5200-8bfa-3b6029f1e97d', 6, 0.917),
  ('8a2d2150-7357-5200-8bfa-3b6029f1e97d', 7, 0.971),
  ('8a2d2150-7357-5200-8bfa-3b6029f1e97d', 8, 1.008),
  ('8a2d2150-7357-5200-8bfa-3b6029f1e97d', 9, 1.035),
  ('8a2d2150-7357-5200-8bfa-3b6029f1e97d', 10, 1.057),
  ('8a2d2150-7357-5200-8bfa-3b6029f1e97d', 11, 1.074),
  ('8a2d2150-7357-5200-8bfa-3b6029f1e97d', 12, 1.089),
  ('8a2d2150-7357-5200-8bfa-3b6029f1e97d', 13, 1.115),
  ('8a2d2150-7357-5200-8bfa-3b6029f1e97d', 14, 1.123),
  ('8a2d2150-7357-5200-8bfa-3b6029f1e97d', 15, 1.128),
  ('8a2d2150-7357-5200-8bfa-3b6029f1e97d', 16, 1.137),
  ('8a2d2150-7357-5200-8bfa-3b6029f1e97d', 17, 1.145),
  ('8a2d2150-7357-5200-8bfa-3b6029f1e97d', 18, 1.142),
  ('8a2d2150-7357-5200-8bfa-3b6029f1e97d', 19, 1.145),
  ('8a2d2150-7357-5200-8bfa-3b6029f1e97d', 20, 1.15),
  ('8a2d2150-7357-5200-8bfa-3b6029f1e97d', 21, 1.171),
  ('8a2d2150-7357-5200-8bfa-3b6029f1e97d', 22, 1.162),
  ('8a2d2150-7357-5200-8bfa-3b6029f1e97d', 23, 1.161),
  ('8a2d2150-7357-5200-8bfa-3b6029f1e97d', 24, 1.154),
  ('a1228759-d949-574e-aece-33f276af684c', 0, 0.525),
  ('a1228759-d949-574e-aece-33f276af684c', 1, 0.602),
  ('a1228759-d949-574e-aece-33f276af684c', 2, 0.684),
  ('a1228759-d949-574e-aece-33f276af684c', 3, 0.769),
  ('a1228759-d949-574e-aece-33f276af684c', 4, 0.827),
  ('a1228759-d949-574e-aece-33f276af684c', 5, 0.876),
  ('a1228759-d949-574e-aece-33f276af684c', 6, 0.916),
  ('a1228759-d949-574e-aece-33f276af684c', 7, 0.96),
  ('a1228759-d949-574e-aece-33f276af684c', 8, 0.999),
  ('a1228759-d949-574e-aece-33f276af684c', 9, 1.037),
  ('a1228759-d949-574e-aece-33f276af684c', 10, 1.061),
  ('a1228759-d949-574e-aece-33f276af684c', 11, 1.088),
  ('a1228759-d949-574e-aece-33f276af684c', 12, 1.098),
  ('a1228759-d949-574e-aece-33f276af684c', 13, 1.113),
  ('a1228759-d949-574e-aece-33f276af684c', 14, 1.132),
  ('a1228759-d949-574e-aece-33f276af684c', 15, 1.141),
  ('a1228759-d949-574e-aece-33f276af684c', 16, 1.145),
  ('a1228759-d949-574e-aece-33f276af684c', 17, 1.168),
  ('a1228759-d949-574e-aece-33f276af684c', 18, 1.173),
  ('a1228759-d949-574e-aece-33f276af684c', 19, 1.158),
  ('a1228759-d949-574e-aece-33f276af684c', 20, 1.159),
  ('a1228759-d949-574e-aece-33f276af684c', 21, 1.194),
  ('a1228759-d949-574e-aece-33f276af684c', 22, 1.188),
  ('a1228759-d949-574e-aece-33f276af684c', 23, 1.167),
  ('a1228759-d949-574e-aece-33f276af684c', 24, 1.192),
  ('a5bc8551-cc77-5fa1-8920-fb991a7454b6', 0, 0.529),
  ('a5bc8551-cc77-5fa1-8920-fb991a7454b6', 1, 0.599),
  ('a5bc8551-cc77-5fa1-8920-fb991a7454b6', 2, 0.687),
  ('a5bc8551-cc77-5fa1-8920-fb991a7454b6', 3, 0.776),
  ('a5bc8551-cc77-5fa1-8920-fb991a7454b6', 4, 0.835),
  ('a5bc8551-cc77-5fa1-8920-fb991a7454b6', 5, 0.878),
  ('a5bc8551-cc77-5fa1-8920-fb991a7454b6', 6, 0.919),
  ('a5bc8551-cc77-5fa1-8920-fb991a7454b6', 7, 0.963),
  ('a5bc8551-cc77-5fa1-8920-fb991a7454b6', 8, 1.002),
  ('a5bc8551-cc77-5fa1-8920-fb991a7454b6', 9, 1.037),
  ('a5bc8551-cc77-5fa1-8920-fb991a7454b6', 10, 1.059),
  ('a5bc8551-cc77-5fa1-8920-fb991a7454b6', 11, 1.092),
  ('a5bc8551-cc77-5fa1-8920-fb991a7454b6', 12, 1.107),
  ('a5bc8551-cc77-5fa1-8920-fb991a7454b6', 13, 1.126),
  ('a5bc8551-cc77-5fa1-8920-fb991a7454b6', 14, 1.133),
  ('a5bc8551-cc77-5fa1-8920-fb991a7454b6', 15, 1.141),
  ('a5bc8551-cc77-5fa1-8920-fb991a7454b6', 16, 1.151),
  ('a5bc8551-cc77-5fa1-8920-fb991a7454b6', 17, 1.162),
  ('a5bc8551-cc77-5fa1-8920-fb991a7454b6', 18, 1.161),
  ('a5bc8551-cc77-5fa1-8920-fb991a7454b6', 19, 1.155),
  ('a5bc8551-cc77-5fa1-8920-fb991a7454b6', 20, 1.166),
  ('a5bc8551-cc77-5fa1-8920-fb991a7454b6', 21, 1.198),
  ('a5bc8551-cc77-5fa1-8920-fb991a7454b6', 22, 1.184),
  ('a5bc8551-cc77-5fa1-8920-fb991a7454b6', 23, 1.183),
  ('a5bc8551-cc77-5fa1-8920-fb991a7454b6', 24, 1.184),
  ('6fb74f85-bcd1-5af8-b5ac-155078b198db', 0, 0.52),
  ('6fb74f85-bcd1-5af8-b5ac-155078b198db', 1, 0.596),
  ('6fb74f85-bcd1-5af8-b5ac-155078b198db', 2, 0.682),
  ('6fb74f85-bcd1-5af8-b5ac-155078b198db', 3, 0.76),
  ('6fb74f85-bcd1-5af8-b5ac-155078b198db', 4, 0.82),
  ('6fb74f85-bcd1-5af8-b5ac-155078b198db', 5, 0.87),
  ('6fb74f85-bcd1-5af8-b5ac-155078b198db', 6, 0.917),
  ('6fb74f85-bcd1-5af8-b5ac-155078b198db', 7, 0.963),
  ('6fb74f85-bcd1-5af8-b5ac-155078b198db', 8, 1.001),
  ('6fb74f85-bcd1-5af8-b5ac-155078b198db', 9, 1.032),
  ('6fb74f85-bcd1-5af8-b5ac-155078b198db', 10, 1.06),
  ('6fb74f85-bcd1-5af8-b5ac-155078b198db', 11, 1.088),
  ('6fb74f85-bcd1-5af8-b5ac-155078b198db', 12, 1.103),
  ('6fb74f85-bcd1-5af8-b5ac-155078b198db', 13, 1.124),
  ('6fb74f85-bcd1-5af8-b5ac-155078b198db', 14, 1.148),
  ('6fb74f85-bcd1-5af8-b5ac-155078b198db', 15, 1.157),
  ('6fb74f85-bcd1-5af8-b5ac-155078b198db', 16, 1.183),
  ('6fb74f85-bcd1-5af8-b5ac-155078b198db', 17, 1.169),
  ('6fb74f85-bcd1-5af8-b5ac-155078b198db', 18, 1.161),
  ('6fb74f85-bcd1-5af8-b5ac-155078b198db', 19, 1.159),
  ('6fb74f85-bcd1-5af8-b5ac-155078b198db', 20, 1.161),
  ('6fb74f85-bcd1-5af8-b5ac-155078b198db', 21, 1.19),
  ('6fb74f85-bcd1-5af8-b5ac-155078b198db', 22, 1.191),
  ('6fb74f85-bcd1-5af8-b5ac-155078b198db', 23, 1.183),
  ('6fb74f85-bcd1-5af8-b5ac-155078b198db', 24, 1.199),
  ('fcd3b78d-29af-5ee3-b233-f909c522e9ad', 0, 0.522),
  ('fcd3b78d-29af-5ee3-b233-f909c522e9ad', 1, 0.599),
  ('fcd3b78d-29af-5ee3-b233-f909c522e9ad', 2, 0.685),
  ('fcd3b78d-29af-5ee3-b233-f909c522e9ad', 3, 0.762),
  ('fcd3b78d-29af-5ee3-b233-f909c522e9ad', 4, 0.826),
  ('fcd3b78d-29af-5ee3-b233-f909c522e9ad', 5, 0.878),
  ('fcd3b78d-29af-5ee3-b233-f909c522e9ad', 6, 0.923),
  ('fcd3b78d-29af-5ee3-b233-f909c522e9ad', 7, 0.96),
  ('fcd3b78d-29af-5ee3-b233-f909c522e9ad', 8, 0.998),
  ('fcd3b78d-29af-5ee3-b233-f909c522e9ad', 9, 1.033),
  ('fcd3b78d-29af-5ee3-b233-f909c522e9ad', 10, 1.066),
  ('fcd3b78d-29af-5ee3-b233-f909c522e9ad', 11, 1.097),
  ('fcd3b78d-29af-5ee3-b233-f909c522e9ad', 12, 1.104),
  ('fcd3b78d-29af-5ee3-b233-f909c522e9ad', 13, 1.114),
  ('fcd3b78d-29af-5ee3-b233-f909c522e9ad', 14, 1.126),
  ('fcd3b78d-29af-5ee3-b233-f909c522e9ad', 15, 1.138),
  ('fcd3b78d-29af-5ee3-b233-f909c522e9ad', 16, 1.149),
  ('fcd3b78d-29af-5ee3-b233-f909c522e9ad', 17, 1.152),
  ('fcd3b78d-29af-5ee3-b233-f909c522e9ad', 18, 1.155),
  ('fcd3b78d-29af-5ee3-b233-f909c522e9ad', 19, 1.155),
  ('fcd3b78d-29af-5ee3-b233-f909c522e9ad', 20, 1.176),
  ('fcd3b78d-29af-5ee3-b233-f909c522e9ad', 21, 1.169),
  ('fcd3b78d-29af-5ee3-b233-f909c522e9ad', 22, 1.163),
  ('fcd3b78d-29af-5ee3-b233-f909c522e9ad', 23, 1.169),
  ('fcd3b78d-29af-5ee3-b233-f909c522e9ad', 24, 1.191),
  ('d89addd8-fc7c-5374-8fb2-0bc67aa6746e', 0, 0.502),
  ('d89addd8-fc7c-5374-8fb2-0bc67aa6746e', 1, 0.593),
  ('d89addd8-fc7c-5374-8fb2-0bc67aa6746e', 2, 0.676),
  ('d89addd8-fc7c-5374-8fb2-0bc67aa6746e', 3, 0.768),
  ('d89addd8-fc7c-5374-8fb2-0bc67aa6746e', 4, 0.83),
  ('d89addd8-fc7c-5374-8fb2-0bc67aa6746e', 5, 0.877),
  ('d89addd8-fc7c-5374-8fb2-0bc67aa6746e', 6, 0.924),
  ('d89addd8-fc7c-5374-8fb2-0bc67aa6746e', 7, 0.973),
  ('d89addd8-fc7c-5374-8fb2-0bc67aa6746e', 8, 1.008),
  ('d89addd8-fc7c-5374-8fb2-0bc67aa6746e', 9, 1.044),
  ('d89addd8-fc7c-5374-8fb2-0bc67aa6746e', 10, 1.07),
  ('d89addd8-fc7c-5374-8fb2-0bc67aa6746e', 11, 1.092),
  ('d89addd8-fc7c-5374-8fb2-0bc67aa6746e', 12, 1.115),
  ('d89addd8-fc7c-5374-8fb2-0bc67aa6746e', 13, 1.121),
  ('d89addd8-fc7c-5374-8fb2-0bc67aa6746e', 14, 1.14),
  ('d89addd8-fc7c-5374-8fb2-0bc67aa6746e', 15, 1.144),
  ('d89addd8-fc7c-5374-8fb2-0bc67aa6746e', 16, 1.156),
  ('d89addd8-fc7c-5374-8fb2-0bc67aa6746e', 17, 1.161),
  ('d89addd8-fc7c-5374-8fb2-0bc67aa6746e', 18, 1.174),
  ('d89addd8-fc7c-5374-8fb2-0bc67aa6746e', 19, 1.193),
  ('d89addd8-fc7c-5374-8fb2-0bc67aa6746e', 20, 1.223),
  ('d89addd8-fc7c-5374-8fb2-0bc67aa6746e', 21, 1.231),
  ('d89addd8-fc7c-5374-8fb2-0bc67aa6746e', 22, 1.199),
  ('d89addd8-fc7c-5374-8fb2-0bc67aa6746e', 23, 1.196),
  ('d89addd8-fc7c-5374-8fb2-0bc67aa6746e', 24, 1.212),
  ('7e9833ac-f75a-5fa9-a968-efe481497b52', 0, 0.525),
  ('7e9833ac-f75a-5fa9-a968-efe481497b52', 1, 0.599),
  ('7e9833ac-f75a-5fa9-a968-efe481497b52', 2, 0.692),
  ('7e9833ac-f75a-5fa9-a968-efe481497b52', 3, 0.765),
  ('7e9833ac-f75a-5fa9-a968-efe481497b52', 4, 0.83),
  ('7e9833ac-f75a-5fa9-a968-efe481497b52', 5, 0.88),
  ('7e9833ac-f75a-5fa9-a968-efe481497b52', 6, 0.923),
  ('7e9833ac-f75a-5fa9-a968-efe481497b52', 7, 0.961),
  ('7e9833ac-f75a-5fa9-a968-efe481497b52', 8, 1.0),
  ('7e9833ac-f75a-5fa9-a968-efe481497b52', 9, 1.037),
  ('7e9833ac-f75a-5fa9-a968-efe481497b52', 10, 1.069),
  ('7e9833ac-f75a-5fa9-a968-efe481497b52', 11, 1.095),
  ('7e9833ac-f75a-5fa9-a968-efe481497b52', 12, 1.111),
  ('7e9833ac-f75a-5fa9-a968-efe481497b52', 13, 1.128),
  ('7e9833ac-f75a-5fa9-a968-efe481497b52', 14, 1.146),
  ('7e9833ac-f75a-5fa9-a968-efe481497b52', 15, 1.145),
  ('7e9833ac-f75a-5fa9-a968-efe481497b52', 16, 1.155),
  ('7e9833ac-f75a-5fa9-a968-efe481497b52', 17, 1.156),
  ('7e9833ac-f75a-5fa9-a968-efe481497b52', 18, 1.154),
  ('7e9833ac-f75a-5fa9-a968-efe481497b52', 19, 1.159),
  ('7e9833ac-f75a-5fa9-a968-efe481497b52', 20, 1.175),
  ('7e9833ac-f75a-5fa9-a968-efe481497b52', 21, 1.194),
  ('7e9833ac-f75a-5fa9-a968-efe481497b52', 22, 1.174),
  ('7e9833ac-f75a-5fa9-a968-efe481497b52', 23, 1.179),
  ('7e9833ac-f75a-5fa9-a968-efe481497b52', 24, 1.192),
  ('323179df-3b3d-561d-8d99-267e7cf465f2', 0, 0.51),
  ('323179df-3b3d-561d-8d99-267e7cf465f2', 1, 0.595),
  ('323179df-3b3d-561d-8d99-267e7cf465f2', 2, 0.682),
  ('323179df-3b3d-561d-8d99-267e7cf465f2', 3, 0.768),
  ('323179df-3b3d-561d-8d99-267e7cf465f2', 4, 0.827),
  ('323179df-3b3d-561d-8d99-267e7cf465f2', 5, 0.877),
  ('323179df-3b3d-561d-8d99-267e7cf465f2', 6, 0.92),
  ('323179df-3b3d-561d-8d99-267e7cf465f2', 7, 0.96),
  ('323179df-3b3d-561d-8d99-267e7cf465f2', 8, 1.003),
  ('323179df-3b3d-561d-8d99-267e7cf465f2', 9, 1.036),
  ('323179df-3b3d-561d-8d99-267e7cf465f2', 10, 1.065),
  ('323179df-3b3d-561d-8d99-267e7cf465f2', 11, 1.093),
  ('323179df-3b3d-561d-8d99-267e7cf465f2', 12, 1.118),
  ('323179df-3b3d-561d-8d99-267e7cf465f2', 13, 1.127),
  ('323179df-3b3d-561d-8d99-267e7cf465f2', 14, 1.141),
  ('323179df-3b3d-561d-8d99-267e7cf465f2', 15, 1.152),
  ('323179df-3b3d-561d-8d99-267e7cf465f2', 16, 1.159),
  ('323179df-3b3d-561d-8d99-267e7cf465f2', 17, 1.158),
  ('323179df-3b3d-561d-8d99-267e7cf465f2', 18, 1.157),
  ('323179df-3b3d-561d-8d99-267e7cf465f2', 19, 1.174),
  ('323179df-3b3d-561d-8d99-267e7cf465f2', 20, 1.158),
  ('323179df-3b3d-561d-8d99-267e7cf465f2', 21, 1.165),
  ('323179df-3b3d-561d-8d99-267e7cf465f2', 22, 1.209),
  ('323179df-3b3d-561d-8d99-267e7cf465f2', 23, 1.195),
  ('323179df-3b3d-561d-8d99-267e7cf465f2', 24, 1.187),
  ('5d629baf-3065-54df-ac6d-abb945c09ba1', 0, 0.532),
  ('5d629baf-3065-54df-ac6d-abb945c09ba1', 1, 0.602),
  ('5d629baf-3065-54df-ac6d-abb945c09ba1', 2, 0.692),
  ('5d629baf-3065-54df-ac6d-abb945c09ba1', 3, 0.769),
  ('5d629baf-3065-54df-ac6d-abb945c09ba1', 4, 0.829),
  ('5d629baf-3065-54df-ac6d-abb945c09ba1', 5, 0.875),
  ('5d629baf-3065-54df-ac6d-abb945c09ba1', 6, 0.921),
  ('5d629baf-3065-54df-ac6d-abb945c09ba1', 7, 0.965),
  ('5d629baf-3065-54df-ac6d-abb945c09ba1', 8, 1.012),
  ('5d629baf-3065-54df-ac6d-abb945c09ba1', 9, 1.043),
  ('5d629baf-3065-54df-ac6d-abb945c09ba1', 10, 1.068),
  ('5d629baf-3065-54df-ac6d-abb945c09ba1', 11, 1.099),
  ('5d629baf-3065-54df-ac6d-abb945c09ba1', 12, 1.103),
  ('5d629baf-3065-54df-ac6d-abb945c09ba1', 13, 1.115),
  ('5d629baf-3065-54df-ac6d-abb945c09ba1', 14, 1.132),
  ('5d629baf-3065-54df-ac6d-abb945c09ba1', 15, 1.147),
  ('5d629baf-3065-54df-ac6d-abb945c09ba1', 16, 1.146),
  ('5d629baf-3065-54df-ac6d-abb945c09ba1', 17, 1.153),
  ('5d629baf-3065-54df-ac6d-abb945c09ba1', 18, 1.153),
  ('5d629baf-3065-54df-ac6d-abb945c09ba1', 19, 1.16),
  ('5d629baf-3065-54df-ac6d-abb945c09ba1', 20, 1.171),
  ('5d629baf-3065-54df-ac6d-abb945c09ba1', 21, 1.177),
  ('5d629baf-3065-54df-ac6d-abb945c09ba1', 22, 1.185),
  ('5d629baf-3065-54df-ac6d-abb945c09ba1', 23, 1.163),
  ('5d629baf-3065-54df-ac6d-abb945c09ba1', 24, 1.18),
  ('e8b6e3b3-36a1-57f1-9b9b-36087e40e010', 0, 0.524),
  ('e8b6e3b3-36a1-57f1-9b9b-36087e40e010', 1, 0.602),
  ('e8b6e3b3-36a1-57f1-9b9b-36087e40e010', 2, 0.69),
  ('e8b6e3b3-36a1-57f1-9b9b-36087e40e010', 3, 0.768),
  ('e8b6e3b3-36a1-57f1-9b9b-36087e40e010', 4, 0.83),
  ('e8b6e3b3-36a1-57f1-9b9b-36087e40e010', 5, 0.877),
  ('e8b6e3b3-36a1-57f1-9b9b-36087e40e010', 6, 0.923),
  ('e8b6e3b3-36a1-57f1-9b9b-36087e40e010', 7, 0.964),
  ('e8b6e3b3-36a1-57f1-9b9b-36087e40e010', 8, 1.003),
  ('e8b6e3b3-36a1-57f1-9b9b-36087e40e010', 9, 1.037),
  ('e8b6e3b3-36a1-57f1-9b9b-36087e40e010', 10, 1.066),
  ('e8b6e3b3-36a1-57f1-9b9b-36087e40e010', 11, 1.093),
  ('e8b6e3b3-36a1-57f1-9b9b-36087e40e010', 12, 1.107),
  ('e8b6e3b3-36a1-57f1-9b9b-36087e40e010', 13, 1.123),
  ('e8b6e3b3-36a1-57f1-9b9b-36087e40e010', 14, 1.138),
  ('e8b6e3b3-36a1-57f1-9b9b-36087e40e010', 15, 1.148),
  ('e8b6e3b3-36a1-57f1-9b9b-36087e40e010', 16, 1.155),
  ('e8b6e3b3-36a1-57f1-9b9b-36087e40e010', 17, 1.16),
  ('e8b6e3b3-36a1-57f1-9b9b-36087e40e010', 18, 1.162),
  ('e8b6e3b3-36a1-57f1-9b9b-36087e40e010', 19, 1.165),
  ('e8b6e3b3-36a1-57f1-9b9b-36087e40e010', 20, 1.17),
  ('e8b6e3b3-36a1-57f1-9b9b-36087e40e010', 21, 1.183),
  ('e8b6e3b3-36a1-57f1-9b9b-36087e40e010', 22, 1.19),
  ('e8b6e3b3-36a1-57f1-9b9b-36087e40e010', 23, 1.179),
  ('e8b6e3b3-36a1-57f1-9b9b-36087e40e010', 24, 1.192),
  ('36a0e230-7de7-5a42-ae54-bbe76176a75e', 0, 0.497),
  ('36a0e230-7de7-5a42-ae54-bbe76176a75e', 1, 0.578),
  ('36a0e230-7de7-5a42-ae54-bbe76176a75e', 2, 0.66),
  ('36a0e230-7de7-5a42-ae54-bbe76176a75e', 3, 0.737),
  ('36a0e230-7de7-5a42-ae54-bbe76176a75e', 4, 0.814),
  ('36a0e230-7de7-5a42-ae54-bbe76176a75e', 5, 0.85),
  ('36a0e230-7de7-5a42-ae54-bbe76176a75e', 6, 0.9),
  ('36a0e230-7de7-5a42-ae54-bbe76176a75e', 7, 0.945),
  ('36a0e230-7de7-5a42-ae54-bbe76176a75e', 8, 0.99),
  ('36a0e230-7de7-5a42-ae54-bbe76176a75e', 9, 1.024),
  ('36a0e230-7de7-5a42-ae54-bbe76176a75e', 10, 1.055),
  ('36a0e230-7de7-5a42-ae54-bbe76176a75e', 11, 1.074),
  ('36a0e230-7de7-5a42-ae54-bbe76176a75e', 12, 1.087),
  ('36a0e230-7de7-5a42-ae54-bbe76176a75e', 13, 1.107),
  ('36a0e230-7de7-5a42-ae54-bbe76176a75e', 14, 1.12),
  ('36a0e230-7de7-5a42-ae54-bbe76176a75e', 15, 1.128),
  ('36a0e230-7de7-5a42-ae54-bbe76176a75e', 16, 1.137),
  ('36a0e230-7de7-5a42-ae54-bbe76176a75e', 17, 1.14),
  ('36a0e230-7de7-5a42-ae54-bbe76176a75e', 18, 1.134),
  ('36a0e230-7de7-5a42-ae54-bbe76176a75e', 19, 1.144),
  ('36a0e230-7de7-5a42-ae54-bbe76176a75e', 20, 1.137),
  ('36a0e230-7de7-5a42-ae54-bbe76176a75e', 21, 1.138),
  ('36a0e230-7de7-5a42-ae54-bbe76176a75e', 22, 1.157),
  ('36a0e230-7de7-5a42-ae54-bbe76176a75e', 23, 1.141),
  ('36a0e230-7de7-5a42-ae54-bbe76176a75e', 24, 1.141),
  ('65004048-ba85-5ac8-86a5-b6f54d223b38', 0, 0.557),
  ('65004048-ba85-5ac8-86a5-b6f54d223b38', 1, 0.635),
  ('65004048-ba85-5ac8-86a5-b6f54d223b38', 2, 0.717),
  ('65004048-ba85-5ac8-86a5-b6f54d223b38', 3, 0.798),
  ('65004048-ba85-5ac8-86a5-b6f54d223b38', 4, 0.848),
  ('65004048-ba85-5ac8-86a5-b6f54d223b38', 5, 0.906),
  ('65004048-ba85-5ac8-86a5-b6f54d223b38', 6, 0.948),
  ('65004048-ba85-5ac8-86a5-b6f54d223b38', 7, 0.992),
  ('65004048-ba85-5ac8-86a5-b6f54d223b38', 8, 1.02),
  ('65004048-ba85-5ac8-86a5-b6f54d223b38', 9, 1.054),
  ('65004048-ba85-5ac8-86a5-b6f54d223b38', 10, 1.086),
  ('65004048-ba85-5ac8-86a5-b6f54d223b38', 11, 1.111),
  ('65004048-ba85-5ac8-86a5-b6f54d223b38', 12, 1.135),
  ('65004048-ba85-5ac8-86a5-b6f54d223b38', 13, 1.15),
  ('65004048-ba85-5ac8-86a5-b6f54d223b38', 14, 1.175),
  ('65004048-ba85-5ac8-86a5-b6f54d223b38', 15, 1.172),
  ('65004048-ba85-5ac8-86a5-b6f54d223b38', 16, 1.183),
  ('65004048-ba85-5ac8-86a5-b6f54d223b38', 17, 1.195),
  ('65004048-ba85-5ac8-86a5-b6f54d223b38', 18, 1.193),
  ('65004048-ba85-5ac8-86a5-b6f54d223b38', 19, 1.232),
  ('65004048-ba85-5ac8-86a5-b6f54d223b38', 20, 1.223),
  ('65004048-ba85-5ac8-86a5-b6f54d223b38', 21, 1.232),
  ('65004048-ba85-5ac8-86a5-b6f54d223b38', 22, 1.234),
  ('65004048-ba85-5ac8-86a5-b6f54d223b38', 23, 1.214),
  ('65004048-ba85-5ac8-86a5-b6f54d223b38', 24, 1.227),
  ('b57f6d5f-d1ad-504c-8ce9-bed1058e0ffe', 0, 0.495),
  ('b57f6d5f-d1ad-504c-8ce9-bed1058e0ffe', 1, 0.578),
  ('b57f6d5f-d1ad-504c-8ce9-bed1058e0ffe', 2, 0.665),
  ('b57f6d5f-d1ad-504c-8ce9-bed1058e0ffe', 3, 0.745),
  ('b57f6d5f-d1ad-504c-8ce9-bed1058e0ffe', 4, 0.814),
  ('b57f6d5f-d1ad-504c-8ce9-bed1058e0ffe', 5, 0.857),
  ('b57f6d5f-d1ad-504c-8ce9-bed1058e0ffe', 6, 0.905),
  ('b57f6d5f-d1ad-504c-8ce9-bed1058e0ffe', 7, 0.946),
  ('b57f6d5f-d1ad-504c-8ce9-bed1058e0ffe', 8, 0.989),
  ('b57f6d5f-d1ad-504c-8ce9-bed1058e0ffe', 9, 1.023),
  ('b57f6d5f-d1ad-504c-8ce9-bed1058e0ffe', 10, 1.052),
  ('b57f6d5f-d1ad-504c-8ce9-bed1058e0ffe', 11, 1.079),
  ('b57f6d5f-d1ad-504c-8ce9-bed1058e0ffe', 12, 1.088),
  ('b57f6d5f-d1ad-504c-8ce9-bed1058e0ffe', 13, 1.106),
  ('b57f6d5f-d1ad-504c-8ce9-bed1058e0ffe', 14, 1.115),
  ('b57f6d5f-d1ad-504c-8ce9-bed1058e0ffe', 15, 1.129),
  ('b57f6d5f-d1ad-504c-8ce9-bed1058e0ffe', 16, 1.135),
  ('b57f6d5f-d1ad-504c-8ce9-bed1058e0ffe', 17, 1.137),
  ('b57f6d5f-d1ad-504c-8ce9-bed1058e0ffe', 18, 1.137),
  ('b57f6d5f-d1ad-504c-8ce9-bed1058e0ffe', 19, 1.132),
  ('b57f6d5f-d1ad-504c-8ce9-bed1058e0ffe', 20, 1.133),
  ('b57f6d5f-d1ad-504c-8ce9-bed1058e0ffe', 21, 1.139),
  ('b57f6d5f-d1ad-504c-8ce9-bed1058e0ffe', 22, 1.153),
  ('b57f6d5f-d1ad-504c-8ce9-bed1058e0ffe', 23, 1.15),
  ('b57f6d5f-d1ad-504c-8ce9-bed1058e0ffe', 24, 1.153),
  ('e67af128-9390-5df2-8bd3-9fe4a33a41be', 0, 0.552),
  ('e67af128-9390-5df2-8bd3-9fe4a33a41be', 1, 0.626),
  ('e67af128-9390-5df2-8bd3-9fe4a33a41be', 2, 0.715),
  ('e67af128-9390-5df2-8bd3-9fe4a33a41be', 3, 0.792),
  ('e67af128-9390-5df2-8bd3-9fe4a33a41be', 4, 0.847),
  ('e67af128-9390-5df2-8bd3-9fe4a33a41be', 5, 0.897),
  ('e67af128-9390-5df2-8bd3-9fe4a33a41be', 6, 0.94),
  ('e67af128-9390-5df2-8bd3-9fe4a33a41be', 7, 0.982),
  ('e67af128-9390-5df2-8bd3-9fe4a33a41be', 8, 1.016),
  ('e67af128-9390-5df2-8bd3-9fe4a33a41be', 9, 1.051),
  ('e67af128-9390-5df2-8bd3-9fe4a33a41be', 10, 1.08),
  ('e67af128-9390-5df2-8bd3-9fe4a33a41be', 11, 1.108),
  ('e67af128-9390-5df2-8bd3-9fe4a33a41be', 12, 1.126),
  ('e67af128-9390-5df2-8bd3-9fe4a33a41be', 13, 1.141),
  ('e67af128-9390-5df2-8bd3-9fe4a33a41be', 14, 1.161),
  ('e67af128-9390-5df2-8bd3-9fe4a33a41be', 15, 1.166),
  ('e67af128-9390-5df2-8bd3-9fe4a33a41be', 16, 1.175),
  ('e67af128-9390-5df2-8bd3-9fe4a33a41be', 17, 1.182),
  ('e67af128-9390-5df2-8bd3-9fe4a33a41be', 18, 1.187),
  ('e67af128-9390-5df2-8bd3-9fe4a33a41be', 19, 1.198),
  ('e67af128-9390-5df2-8bd3-9fe4a33a41be', 20, 1.206),
  ('e67af128-9390-5df2-8bd3-9fe4a33a41be', 21, 1.227),
  ('e67af128-9390-5df2-8bd3-9fe4a33a41be', 22, 1.228),
  ('e67af128-9390-5df2-8bd3-9fe4a33a41be', 23, 1.209),
  ('e67af128-9390-5df2-8bd3-9fe4a33a41be', 24, 1.231),
  ('eae55b2f-9b6b-5f3a-8ec5-5bd761930d1b', 0, 0.524),
  ('eae55b2f-9b6b-5f3a-8ec5-5bd761930d1b', 1, 0.602),
  ('eae55b2f-9b6b-5f3a-8ec5-5bd761930d1b', 2, 0.69),
  ('eae55b2f-9b6b-5f3a-8ec5-5bd761930d1b', 3, 0.768),
  ('eae55b2f-9b6b-5f3a-8ec5-5bd761930d1b', 4, 0.83),
  ('eae55b2f-9b6b-5f3a-8ec5-5bd761930d1b', 5, 0.877),
  ('eae55b2f-9b6b-5f3a-8ec5-5bd761930d1b', 6, 0.923),
  ('eae55b2f-9b6b-5f3a-8ec5-5bd761930d1b', 7, 0.964),
  ('eae55b2f-9b6b-5f3a-8ec5-5bd761930d1b', 8, 1.003),
  ('eae55b2f-9b6b-5f3a-8ec5-5bd761930d1b', 9, 1.037),
  ('eae55b2f-9b6b-5f3a-8ec5-5bd761930d1b', 10, 1.066),
  ('eae55b2f-9b6b-5f3a-8ec5-5bd761930d1b', 11, 1.093),
  ('eae55b2f-9b6b-5f3a-8ec5-5bd761930d1b', 12, 1.107),
  ('eae55b2f-9b6b-5f3a-8ec5-5bd761930d1b', 13, 1.123),
  ('eae55b2f-9b6b-5f3a-8ec5-5bd761930d1b', 14, 1.138),
  ('eae55b2f-9b6b-5f3a-8ec5-5bd761930d1b', 15, 1.148),
  ('eae55b2f-9b6b-5f3a-8ec5-5bd761930d1b', 16, 1.155),
  ('eae55b2f-9b6b-5f3a-8ec5-5bd761930d1b', 17, 1.16),
  ('eae55b2f-9b6b-5f3a-8ec5-5bd761930d1b', 18, 1.162),
  ('eae55b2f-9b6b-5f3a-8ec5-5bd761930d1b', 19, 1.165),
  ('eae55b2f-9b6b-5f3a-8ec5-5bd761930d1b', 20, 1.17),
  ('eae55b2f-9b6b-5f3a-8ec5-5bd761930d1b', 21, 1.183),
  ('eae55b2f-9b6b-5f3a-8ec5-5bd761930d1b', 22, 1.19),
  ('eae55b2f-9b6b-5f3a-8ec5-5bd761930d1b', 23, 1.179),
  ('eae55b2f-9b6b-5f3a-8ec5-5bd761930d1b', 24, 1.192),
  ('aabe6679-3c0e-5f1d-80dd-bad400177ddb', 0, 0.523),
  ('aabe6679-3c0e-5f1d-80dd-bad400177ddb', 1, 0.602),
  ('aabe6679-3c0e-5f1d-80dd-bad400177ddb', 2, 0.69),
  ('aabe6679-3c0e-5f1d-80dd-bad400177ddb', 3, 0.768),
  ('aabe6679-3c0e-5f1d-80dd-bad400177ddb', 4, 0.83),
  ('aabe6679-3c0e-5f1d-80dd-bad400177ddb', 5, 0.876),
  ('aabe6679-3c0e-5f1d-80dd-bad400177ddb', 6, 0.923),
  ('aabe6679-3c0e-5f1d-80dd-bad400177ddb', 7, 0.963),
  ('aabe6679-3c0e-5f1d-80dd-bad400177ddb', 8, 1.002),
  ('aabe6679-3c0e-5f1d-80dd-bad400177ddb', 9, 1.037),
  ('aabe6679-3c0e-5f1d-80dd-bad400177ddb', 10, 1.066),
  ('aabe6679-3c0e-5f1d-80dd-bad400177ddb', 11, 1.093),
  ('aabe6679-3c0e-5f1d-80dd-bad400177ddb', 12, 1.107),
  ('aabe6679-3c0e-5f1d-80dd-bad400177ddb', 13, 1.123),
  ('aabe6679-3c0e-5f1d-80dd-bad400177ddb', 14, 1.137),
  ('aabe6679-3c0e-5f1d-80dd-bad400177ddb', 15, 1.147),
  ('aabe6679-3c0e-5f1d-80dd-bad400177ddb', 16, 1.155),
  ('aabe6679-3c0e-5f1d-80dd-bad400177ddb', 17, 1.159),
  ('aabe6679-3c0e-5f1d-80dd-bad400177ddb', 18, 1.162),
  ('aabe6679-3c0e-5f1d-80dd-bad400177ddb', 19, 1.164),
  ('aabe6679-3c0e-5f1d-80dd-bad400177ddb', 20, 1.169),
  ('aabe6679-3c0e-5f1d-80dd-bad400177ddb', 21, 1.182),
  ('aabe6679-3c0e-5f1d-80dd-bad400177ddb', 22, 1.19),
  ('aabe6679-3c0e-5f1d-80dd-bad400177ddb', 23, 1.179),
  ('aabe6679-3c0e-5f1d-80dd-bad400177ddb', 24, 1.193);

commit;

-- 참고: 앱에서 이 데모 조직을 보려면 로그인한 사용자를 멤버로 추가하세요.
--   insert into memberships (org_id, user_id, role)
--   values ('e6990972-e707-5228-a758-5cd4d4a5f9f8', auth.uid(), 'owner');   -- (본인 user_id로)